transaction_id,customer_id,transaction_date,amount
3001,1001,2020-03-01,50
3002,1001,2020-04-01,50
3003,1001,2020-05-01,50
3004,1001,2020-06-01,50
3005,1001,2020-07-01,50
3006,1001,2020-08-01,50
3007,1001,2020-09-01,50
3008,1001,2020-10-01,50
3009,1001,2020-11-01,50
3010,1001,2020-12-01,50
3011,1001,2021-01-01,50
3012,1001,2021-02-01,50
3013,1001,2021-03-01,50
3014,1001,2021-04-01,50
3015,1001,2021-05-01,50
3016,1001,2021-06-01,50
3017,1001,2021-07-01,50
3018,1001,2021-08-01,50
3019,1001,2021-09-01,50
3020,1001,2021-10-01,50
3021,1001,2021-11-01,50
3022,1001,2021-12-01,50
3023,1001,2022-01-01,50
3024,1001,2022-02-01,50
3025,1001,2022-03-01,50
3026,1001,2022-04-01,50
3027,1001,2022-05-01,50
3028,1001,2022-06-01,50
3029,1001,2022-07-01,50
3030,1001,2022-08-01,50
3031,1001,2022-09-01,50
3032,1001,2022-10-01,50
3033,1001,2022-11-01,50
3034,1001,2022-12-01,50
3035,1001,2023-01-01,50
3036,1001,2023-02-01,50
3037,1001,2023-03-01,50
3038,1001,2023-04-01,50
3039,1001,2023-05-01,50
3040,1001,2023-06-01,50
3041,1001,2023-07-01,50
3042,1001,2023-08-01,50
3043,1001,2023-09-01,50
3044,1001,2023-10-01,50
3045,1001,2023-11-01,50
3046,1001,2023-12-01,50
3047,1001,2024-01-01,50
3048,1001,2024-02-01,50
3049,1001,2024-03-01,50
3050,1001,2024-04-01,50
3051,1001,2024-05-01,50
3052,1001,2024-06-01,50
3053,1001,2024-07-01,50
3054,1001,2024-08-01,50
3055,1001,2024-09-01,50
3056,1001,2024-10-01,50
3057,1001,2024-11-01,50
3058,1001,2024-12-01,50
3059,1001,2025-01-01,50
3060,1002,2021-12-01,30
3061,1002,2022-01-01,30
3062,1002,2022-02-01,30
3063,1002,2022-03-01,30
3064,1002,2022-04-01,30
3065,1002,2022-05-01,30
3066,1002,2022-06-01,30
3067,1002,2022-07-01,30
3068,1002,2022-08-01,30
3069,1002,2022-09-01,30
3070,1002,2022-10-01,30
3071,1002,2022-11-01,30
3072,1002,2022-12-01,30
3073,1002,2023-01-01,30
3074,1002,2023-02-01,30
3075,1002,2023-03-01,30
3076,1002,2023-04-01,30
3077,1002,2023-05-01,30
3078,1002,2023-06-01,30
3079,1002,2023-07-01,30
3080,1002,2023-08-01,30
3081,1002,2023-09-01,30
3082,1002,2023-10-01,30
3083,1002,2023-11-01,30
3084,1002,2023-12-01,30
3085,1002,2024-01-01,30
3086,1002,2024-02-01,30
3087,1002,2024-03-01,30
3088,1002,2024-04-01,30
3089,1002,2024-05-01,30
3090,1002,2024-06-01,30
3091,1002,2024-07-01,30
3092,1002,2024-08-01,30
3093,1002,2024-09-01,30
3094,1002,2024-10-01,30
3095,1002,2024-11-01,30
3096,1002,2024-12-01,30
3097,1002,2025-01-01,30
3098,1003,2021-09-01,30
3099,1003,2021-10-01,30
3100,1003,2021-11-01,30
3101,1003,2021-12-01,30
3102,1003,2022-01-01,30
3103,1003,2022-02-01,30
3104,1003,2022-03-01,30
3105,1003,2022-04-01,30
3106,1003,2022-05-01,30
3107,1003,2022-06-01,30
3108,1003,2022-07-01,30
3109,1003,2022-08-01,30
3110,1003,2022-09-01,30
3111,1003,2022-10-01,30
3112,1003,2022-11-01,30
3113,1003,2022-12-01,30
3114,1003,2023-01-01,30
3115,1003,2023-02-01,30
3116,1003,2023-03-01,30
3117,1003,2023-04-01,30
3118,1003,2023-05-01,30
3119,1003,2023-06-01,30
3120,1003,2023-07-01,30
3121,1003,2023-08-01,30
3122,1003,2023-09-01,30
3123,1003,2023-10-01,30
3124,1003,2023-11-01,30
3125,1003,2023-12-01,30
3126,1003,2024-01-01,30
3127,1003,2024-02-01,30
3128,1003,2024-03-01,30
3129,1003,2024-04-01,30
3130,1003,2024-05-01,30
3131,1003,2024-06-01,30
3132,1003,2024-07-01,30
3133,1003,2024-08-01,30
3134,1003,2024-09-01,30
3135,1003,2024-10-01,30
3136,1003,2024-11-01,30
3137,1003,2024-12-01,30
3138,1003,2025-01-01,30
3139,1004,2024-01-01,20
3140,1004,2024-02-01,20
3141,1004,2024-03-01,20
3142,1004,2024-04-01,20
3143,1004,2024-05-01,20
3144,1004,2024-06-01,20
3145,1004,2024-07-01,20
3146,1004,2024-08-01,20
3147,1004,2024-09-01,20
3148,1004,2024-10-01,20
3149,1004,2024-11-01,20
3150,1004,2024-12-01,20
3151,1004,2025-01-01,20
3152,1005,2025-01-01,30
3153,1006,2023-04-01,30
3154,1006,2023-05-01,30
3155,1006,2023-06-01,30
3156,1006,2023-07-01,30
3157,1006,2023-08-01,30
3158,1006,2023-09-01,30
3159,1006,2023-10-01,30
3160,1006,2023-11-01,30
3161,1006,2023-12-01,30
3162,1006,2024-01-01,30
3163,1006,2024-02-01,30
3164,1006,2024-03-01,30
3165,1006,2024-04-01,30
3166,1006,2024-05-01,30
3167,1006,2024-06-01,30
3168,1006,2024-07-01,30
3169,1006,2024-08-01,30
3170,1006,2024-09-01,30
3171,1006,2024-10-01,30
3172,1006,2024-11-01,30
3173,1006,2024-12-01,30
3174,1006,2025-01-01,30
3175,1007,2023-06-01,30
3176,1007,2023-07-01,30
3177,1007,2023-08-01,30
3178,1007,2023-09-01,30
3179,1007,2023-10-01,30
3180,1007,2023-11-01,30
3181,1007,2023-12-01,30
3182,1007,2024-01-01,30
3183,1007,2024-02-01,30
3184,1007,2024-03-01,30
3185,1007,2024-04-01,30
3186,1007,2024-05-01,30
3187,1007,2024-06-01,30
3188,1007,2024-07-01,30
3189,1007,2024-08-01,30
3190,1007,2024-09-01,30
3191,1007,2024-10-01,30
3192,1007,2024-11-01,30
3193,1007,2024-12-01,30
3194,1007,2025-01-01,30
3195,1008,2024-09-01,30
3196,1008,2024-10-01,30
3197,1008,2024-11-01,30
3198,1008,2024-12-01,30
3199,1008,2025-01-01,30
3200,1009,2024-02-01,20
3201,1009,2024-03-01,20
3202,1009,2024-04-01,20
3203,1009,2024-05-01,20
3204,1009,2024-06-01,20
3205,1009,2024-07-01,20
3206,1009,2024-08-01,20
3207,1009,2024-09-01,20
3208,1009,2024-10-01,20
3209,1009,2024-11-01,20
3210,1009,2024-12-01,20
3211,1009,2025-01-01,20
3212,1010,2020-06-01,50
3213,1010,2020-07-01,50
3214,1010,2020-08-01,50
3215,1010,2020-09-01,50
3216,1010,2020-10-01,50
3217,1010,2020-11-01,50
3218,1010,2020-12-01,50
3219,1010,2021-01-01,50
3220,1010,2021-02-01,50
3221,1010,2021-03-01,50
3222,1010,2021-04-01,50
3223,1010,2021-05-01,50
3224,1010,2021-06-01,50
3225,1010,2021-07-01,50
3226,1010,2021-08-01,50
3227,1010,2021-09-01,50
3228,1010,2021-10-01,50
3229,1011,2023-01-01,20
3230,1011,2023-02-01,20
3231,1011,2023-03-01,20
3232,1011,2023-04-01,20
3233,1011,2023-05-01,20
3234,1011,2023-06-01,20
3235,1011,2023-07-01,20
3236,1011,2023-08-01,20
3237,1011,2023-09-01,20
3238,1011,2023-10-01,20
3239,1011,2023-11-01,20
3240,1011,2023-12-01,20
3241,1011,2024-01-01,20
3242,1011,2024-02-01,20
3243,1011,2024-03-01,20
3244,1011,2024-04-01,20
3245,1011,2024-05-01,20
3246,1011,2024-06-01,20
3247,1011,2024-07-01,20
3248,1011,2024-08-01,20
3249,1011,2024-09-01,20
3250,1011,2024-10-01,20
3251,1011,2024-11-01,20
3252,1011,2024-12-01,20
3253,1011,2025-01-01,20
3254,1012,2022-11-01,30
3255,1012,2022-12-01,30
3256,1012,2023-01-01,30
3257,1012,2023-02-01,30
3258,1012,2023-03-01,30
3259,1012,2023-04-01,30
3260,1012,2023-05-01,30
3261,1012,2023-06-01,30
3262,1012,2023-07-01,30
3263,1012,2023-08-01,30
3264,1012,2023-09-01,30
3265,1012,2023-10-01,30
3266,1012,2023-11-01,30
3267,1012,2023-12-01,30
3268,1012,2024-01-01,30
3269,1012,2024-02-01,30
3270,1012,2024-03-01,30
3271,1012,2024-04-01,30
3272,1012,2024-05-01,30
3273,1012,2024-06-01,30
3274,1012,2024-07-01,30
3275,1012,2024-08-01,30
3276,1012,2024-09-01,30
3277,1012,2024-10-01,30
3278,1012,2024-11-01,30
3279,1012,2024-12-01,30
3280,1012,2025-01-01,30
3281,1013,2022-09-01,20
3282,1013,2022-10-01,20
3283,1013,2022-11-01,20
3284,1013,2022-12-01,20
3285,1013,2023-01-01,20
3286,1013,2023-02-01,20
3287,1013,2023-03-01,20
3288,1013,2023-04-01,20
3289,1013,2023-05-01,20
3290,1013,2023-06-01,20
3291,1013,2023-07-01,20
3292,1013,2023-08-01,20
3293,1013,2023-09-01,20
3294,1014,2024-04-01,30
3295,1014,2024-05-01,30
3296,1014,2024-06-01,30
3297,1014,2024-07-01,30
3298,1014,2024-08-01,30
3299,1014,2024-09-01,30
3300,1014,2024-10-01,30
3301,1014,2024-11-01,30
3302,1014,2024-12-01,30
3303,1014,2025-01-01,30
3304,1015,2020-04-01,30
3305,1015,2020-05-01,30
3306,1015,2020-06-01,30
3307,1015,2020-07-01,30
3308,1015,2020-08-01,30
3309,1015,2020-09-01,30
3310,1015,2020-10-01,30
3311,1015,2020-11-01,30
3312,1015,2020-12-01,30
3313,1015,2021-01-01,30
3314,1015,2021-02-01,30
3315,1015,2021-03-01,30
3316,1015,2021-04-01,30
3317,1015,2021-05-01,30
3318,1015,2021-06-01,30
3319,1015,2021-07-01,30
3320,1015,2021-08-01,30
3321,1015,2021-09-01,30
3322,1015,2021-10-01,30
3323,1015,2021-11-01,30
3324,1015,2021-12-01,30
3325,1015,2022-01-01,30
3326,1015,2022-02-01,30
3327,1015,2022-03-01,30
3328,1015,2022-04-01,30
3329,1015,2022-05-01,30
3330,1015,2022-06-01,30
3331,1015,2022-07-01,30
3332,1015,2022-08-01,30
3333,1015,2022-09-01,30
3334,1015,2022-10-01,30
3335,1015,2022-11-01,30
3336,1015,2022-12-01,30
3337,1015,2023-01-01,30
3338,1015,2023-02-01,30
3339,1015,2023-03-01,30
3340,1015,2023-04-01,30
3341,1015,2023-05-01,30
3342,1015,2023-06-01,30
3343,1015,2023-07-01,30
3344,1015,2023-08-01,30
3345,1015,2023-09-01,30
3346,1015,2023-10-01,30
3347,1015,2023-11-01,30
3348,1015,2023-12-01,30
3349,1015,2024-01-01,30
3350,1015,2024-02-01,30
3351,1015,2024-03-01,30
3352,1015,2024-04-01,30
3353,1015,2024-05-01,30
3354,1015,2024-06-01,30
3355,1015,2024-07-01,30
3356,1015,2024-08-01,30
3357,1015,2024-09-01,30
3358,1015,2024-10-01,30
3359,1015,2024-11-01,30
3360,1015,2024-12-01,30
3361,1015,2025-01-01,30
3362,1016,2021-03-01,20
3363,1016,2021-04-01,20
3364,1016,2021-05-01,20
3365,1016,2021-06-01,20
3366,1016,2021-07-01,20
3367,1016,2021-08-01,20
3368,1016,2021-09-01,20
3369,1016,2021-10-01,20
3370,1016,2021-11-01,20
3371,1016,2021-12-01,20
3372,1017,2023-12-01,50
3373,1017,2024-01-01,50
3374,1017,2024-02-01,50
3375,1017,2024-03-01,50
3376,1017,2024-04-01,50
3377,1017,2024-05-01,50
3378,1017,2024-06-01,50
3379,1017,2024-07-01,50
3380,1017,2024-08-01,50
3381,1017,2024-09-01,50
3382,1017,2024-10-01,50
3383,1017,2024-11-01,50
3384,1017,2024-12-01,50
3385,1017,2025-01-01,50
3386,1018,2024-09-01,20
3387,1018,2024-10-01,20
3388,1018,2024-11-01,20
3389,1018,2024-12-01,20
3390,1018,2025-01-01,20
3391,1019,2021-08-01,30
3392,1019,2021-09-01,30
3393,1019,2021-10-01,30
3394,1019,2021-11-01,30
3395,1019,2021-12-01,30
3396,1019,2022-01-01,30
3397,1019,2022-02-01,30
3398,1019,2022-03-01,30
3399,1019,2022-04-01,30
3400,1019,2022-05-01,30
3401,1019,2022-06-01,30
3402,1019,2022-07-01,30
3403,1019,2022-08-01,30
3404,1019,2022-09-01,30
3405,1019,2022-10-01,30
3406,1019,2022-11-01,30
3407,1019,2022-12-01,30
3408,1019,2023-01-01,30
3409,1019,2023-02-01,30
3410,1019,2023-03-01,30
3411,1019,2023-04-01,30
3412,1019,2023-05-01,30
3413,1019,2023-06-01,30
3414,1020,2022-06-01,50
3415,1020,2022-07-01,50
3416,1020,2022-08-01,50
3417,1020,2022-09-01,50
3418,1020,2022-10-01,50
3419,1020,2022-11-01,50
3420,1020,2022-12-01,50
3421,1020,2023-01-01,50
3422,1020,2023-02-01,50
3423,1020,2023-03-01,50
3424,1020,2023-04-01,50
3425,1020,2023-05-01,50
3426,1020,2023-06-01,50
3427,1020,2023-07-01,50
3428,1020,2023-08-01,50
3429,1020,2023-09-01,50
3430,1020,2023-10-01,50
3431,1020,2023-11-01,50
3432,1020,2023-12-01,50
3433,1020,2024-01-01,50
3434,1020,2024-02-01,50
3435,1020,2024-03-01,50
3436,1020,2024-04-01,50
3437,1020,2024-05-01,50
3438,1020,2024-06-01,50
3439,1020,2024-07-01,50
3440,1020,2024-08-01,50
3441,1020,2024-09-01,50
3442,1020,2024-10-01,50
3443,1020,2024-11-01,50
3444,1020,2024-12-01,50
3445,1020,2025-01-01,50
3446,1021,2020-06-01,30
3447,1021,2020-07-01,30
3448,1021,2020-08-01,30
3449,1021,2020-09-01,30
3450,1021,2020-10-01,30
3451,1021,2020-11-01,30
3452,1021,2020-12-01,30
3453,1021,2021-01-01,30
3454,1021,2021-02-01,30
3455,1021,2021-03-01,30
3456,1021,2021-04-01,30
3457,1021,2021-05-01,30
3458,1021,2021-06-01,30
3459,1021,2021-07-01,30
3460,1021,2021-08-01,30
3461,1021,2021-09-01,30
3462,1021,2021-10-01,30
3463,1021,2021-11-01,30
3464,1021,2021-12-01,30
3465,1021,2022-01-01,30
3466,1021,2022-02-01,30
3467,1021,2022-03-01,30
3468,1021,2022-04-01,30
3469,1021,2022-05-01,30
3470,1021,2022-06-01,30
3471,1021,2022-07-01,30
3472,1021,2022-08-01,30
3473,1021,2022-09-01,30
3474,1021,2022-10-01,30
3475,1021,2022-11-01,30
3476,1021,2022-12-01,30
3477,1021,2023-01-01,30
3478,1021,2023-02-01,30
3479,1021,2023-03-01,30
3480,1021,2023-04-01,30
3481,1021,2023-05-01,30
3482,1021,2023-06-01,30
3483,1021,2023-07-01,30
3484,1021,2023-08-01,30
3485,1021,2023-09-01,30
3486,1021,2023-10-01,30
3487,1021,2023-11-01,30
3488,1021,2023-12-01,30
3489,1021,2024-01-01,30
3490,1021,2024-02-01,30
3491,1021,2024-03-01,30
3492,1021,2024-04-01,30
3493,1021,2024-05-01,30
3494,1021,2024-06-01,30
3495,1021,2024-07-01,30
3496,1021,2024-08-01,30
3497,1021,2024-09-01,30
3498,1021,2024-10-01,30
3499,1021,2024-11-01,30
3500,1021,2024-12-01,30
3501,1021,2025-01-01,30
3502,1022,2022-08-01,20
3503,1022,2022-09-01,20
3504,1022,2022-10-01,20
3505,1022,2022-11-01,20
3506,1022,2022-12-01,20
3507,1022,2023-01-01,20
3508,1022,2023-02-01,20
3509,1022,2023-03-01,20
3510,1022,2023-04-01,20
3511,1022,2023-05-01,20
3512,1022,2023-06-01,20
3513,1022,2023-07-01,20
3514,1022,2023-08-01,20
3515,1022,2023-09-01,20
3516,1022,2023-10-01,20
3517,1022,2023-11-01,20
3518,1022,2023-12-01,20
3519,1022,2024-01-01,20
3520,1022,2024-02-01,20
3521,1022,2024-03-01,20
3522,1022,2024-04-01,20
3523,1022,2024-05-01,20
3524,1022,2024-06-01,20
3525,1022,2024-07-01,20
3526,1022,2024-08-01,20
3527,1022,2024-09-01,20
3528,1022,2024-10-01,20
3529,1022,2024-11-01,20
3530,1022,2024-12-01,20
3531,1022,2025-01-01,20
3532,1023,2024-02-01,50
3533,1023,2024-03-01,50
3534,1023,2024-04-01,50
3535,1023,2024-05-01,50
3536,1023,2024-06-01,50
3537,1023,2024-07-01,50
3538,1023,2024-08-01,50
3539,1023,2024-09-01,50
3540,1023,2024-10-01,50
3541,1023,2024-11-01,50
3542,1023,2024-12-01,50
3543,1023,2025-01-01,50
3544,1024,2023-06-01,30
3545,1024,2023-07-01,30
3546,1024,2023-08-01,30
3547,1024,2023-09-01,30
3548,1024,2023-10-01,30
3549,1024,2023-11-01,30
3550,1024,2023-12-01,30
3551,1024,2024-01-01,30
3552,1024,2024-02-01,30
3553,1024,2024-03-01,30
3554,1024,2024-04-01,30
3555,1024,2024-05-01,30
3556,1024,2024-06-01,30
3557,1024,2024-07-01,30
3558,1024,2024-08-01,30
3559,1024,2024-09-01,30
3560,1024,2024-10-01,30
3561,1024,2024-11-01,30
3562,1024,2024-12-01,30
3563,1024,2025-01-01,30
3564,1025,2025-01-01,30
3565,1026,2024-12-01,30
3566,1026,2025-01-01,30
3567,1027,2020-10-01,50
3568,1027,2020-11-01,50
3569,1027,2020-12-01,50
3570,1027,2021-01-01,50
3571,1027,2021-02-01,50
3572,1027,2021-03-01,50
3573,1027,2021-04-01,50
3574,1027,2021-05-01,50
3575,1027,2021-06-01,50
3576,1027,2021-07-01,50
3577,1027,2021-08-01,50
3578,1027,2021-09-01,50
3579,1027,2021-10-01,50
3580,1027,2021-11-01,50
3581,1027,2021-12-01,50
3582,1027,2022-01-01,50
3583,1027,2022-02-01,50
3584,1027,2022-03-01,50
3585,1027,2022-04-01,50
3586,1027,2022-05-01,50
3587,1027,2022-06-01,50
3588,1027,2022-07-01,50
3589,1027,2022-08-01,50
3590,1027,2022-09-01,50
3591,1027,2022-10-01,50
3592,1027,2022-11-01,50
3593,1027,2022-12-01,50
3594,1027,2023-01-01,50
3595,1027,2023-02-01,50
3596,1027,2023-03-01,50
3597,1027,2023-04-01,50
3598,1027,2023-05-01,50
3599,1027,2023-06-01,50
3600,1027,2023-07-01,50
3601,1027,2023-08-01,50
3602,1027,2023-09-01,50
3603,1027,2023-10-01,50
3604,1027,2023-11-01,50
3605,1027,2023-12-01,50
3606,1027,2024-01-01,50
3607,1027,2024-02-01,50
3608,1027,2024-03-01,50
3609,1027,2024-04-01,50
3610,1027,2024-05-01,50
3611,1027,2024-06-01,50
3612,1027,2024-07-01,50
3613,1027,2024-08-01,50
3614,1027,2024-09-01,50
3615,1027,2024-10-01,50
3616,1027,2024-11-01,50
3617,1027,2024-12-01,50
3618,1027,2025-01-01,50
3619,1028,2024-05-01,20
3620,1028,2024-06-01,20
3621,1028,2024-07-01,20
3622,1028,2024-08-01,20
3623,1028,2024-09-01,20
3624,1028,2024-10-01,20
3625,1028,2024-11-01,20
3626,1028,2024-12-01,20
3627,1028,2025-01-01,20
3628,1029,2022-04-01,20
3629,1029,2022-05-01,20
3630,1029,2022-06-01,20
3631,1029,2022-07-01,20
3632,1029,2022-08-01,20
3633,1029,2022-09-01,20
3634,1029,2022-10-01,20
3635,1029,2022-11-01,20
3636,1029,2022-12-01,20
3637,1029,2023-01-01,20
3638,1029,2023-02-01,20
3639,1029,2023-03-01,20
3640,1029,2023-04-01,20
3641,1029,2023-05-01,20
3642,1029,2023-06-01,20
3643,1029,2023-07-01,20
3644,1029,2023-08-01,20
3645,1029,2023-09-01,20
3646,1029,2023-10-01,20
3647,1029,2023-11-01,20
3648,1029,2023-12-01,20
3649,1029,2024-01-01,20
3650,1029,2024-02-01,20
3651,1029,2024-03-01,20
3652,1029,2024-04-01,20
3653,1029,2024-05-01,20
3654,1029,2024-06-01,20
3655,1029,2024-07-01,20
3656,1029,2024-08-01,20
3657,1029,2024-09-01,20
3658,1029,2024-10-01,20
3659,1029,2024-11-01,20
3660,1029,2024-12-01,20
3661,1029,2025-01-01,20
3662,1030,2020-10-01,20
3663,1030,2020-11-01,20
3664,1030,2020-12-01,20
3665,1030,2021-01-01,20
3666,1030,2021-02-01,20
3667,1030,2021-03-01,20
3668,1030,2021-04-01,20
3669,1030,2021-05-01,20
3670,1030,2021-06-01,20
3671,1030,2021-07-01,20
3672,1030,2021-08-01,20
3673,1030,2021-09-01,20
3674,1030,2021-10-01,20
3675,1030,2021-11-01,20
3676,1030,2021-12-01,20
3677,1030,2022-01-01,20
3678,1030,2022-02-01,20
3679,1030,2022-03-01,20
3680,1030,2022-04-01,20
3681,1030,2022-05-01,20
3682,1030,2022-06-01,20
3683,1030,2022-07-01,20
3684,1030,2022-08-01,20
3685,1030,2022-09-01,20
3686,1030,2022-10-01,20
3687,1030,2022-11-01,20
3688,1030,2022-12-01,20
3689,1030,2023-01-01,20
3690,1030,2023-02-01,20
3691,1030,2023-03-01,20
3692,1030,2023-04-01,20
3693,1030,2023-05-01,20
3694,1030,2023-06-01,20
3695,1030,2023-07-01,20
3696,1030,2023-08-01,20
3697,1030,2023-09-01,20
3698,1030,2023-10-01,20
3699,1030,2023-11-01,20
3700,1030,2023-12-01,20
3701,1030,2024-01-01,20
3702,1030,2024-02-01,20
3703,1030,2024-03-01,20
3704,1030,2024-04-01,20
3705,1030,2024-05-01,20
3706,1030,2024-06-01,20
3707,1030,2024-07-01,20
3708,1030,2024-08-01,20
3709,1030,2024-09-01,20
3710,1030,2024-10-01,20
3711,1030,2024-11-01,20
3712,1030,2024-12-01,20
3713,1030,2025-01-01,20
3714,1031,2022-04-01,20
3715,1031,2022-05-01,20
3716,1031,2022-06-01,20
3717,1031,2022-07-01,20
3718,1031,2022-08-01,20
3719,1031,2022-09-01,20
3720,1031,2022-10-01,20
3721,1031,2022-11-01,20
3722,1031,2022-12-01,20
3723,1031,2023-01-01,20
3724,1031,2023-02-01,20
3725,1031,2023-03-01,20
3726,1031,2023-04-01,20
3727,1031,2023-05-01,20
3728,1031,2023-06-01,20
3729,1031,2023-07-01,20
3730,1031,2023-08-01,20
3731,1031,2023-09-01,20
3732,1031,2023-10-01,20
3733,1031,2023-11-01,20
3734,1031,2023-12-01,20
3735,1031,2024-01-01,20
3736,1031,2024-02-01,20
3737,1031,2024-03-01,20
3738,1031,2024-04-01,20
3739,1031,2024-05-01,20
3740,1031,2024-06-01,20
3741,1031,2024-07-01,20
3742,1031,2024-08-01,20
3743,1031,2024-09-01,20
3744,1031,2024-10-01,20
3745,1031,2024-11-01,20
3746,1031,2024-12-01,20
3747,1031,2025-01-01,20
3748,1032,2023-09-01,50
3749,1032,2023-10-01,50
3750,1032,2023-11-01,50
3751,1032,2023-12-01,50
3752,1032,2024-01-01,50
3753,1032,2024-02-01,50
3754,1032,2024-03-01,50
3755,1032,2024-04-01,50
3756,1032,2024-05-01,50
3757,1032,2024-06-01,50
3758,1032,2024-07-01,50
3759,1032,2024-08-01,50
3760,1032,2024-09-01,50
3761,1033,2020-07-01,20
3762,1033,2020-08-01,20
3763,1033,2020-09-01,20
3764,1033,2020-10-01,20
3765,1033,2020-11-01,20
3766,1033,2020-12-01,20
3767,1033,2021-01-01,20
3768,1033,2021-02-01,20
3769,1033,2021-03-01,20
3770,1033,2021-04-01,20
3771,1033,2021-05-01,20
3772,1033,2021-06-01,20
3773,1033,2021-07-01,20
3774,1034,2020-05-01,50
3775,1034,2020-06-01,50
3776,1034,2020-07-01,50
3777,1034,2020-08-01,50
3778,1034,2020-09-01,50
3779,1034,2020-10-01,50
3780,1034,2020-11-01,50
3781,1034,2020-12-01,50
3782,1034,2021-01-01,50
3783,1034,2021-02-01,50
3784,1034,2021-03-01,50
3785,1034,2021-04-01,50
3786,1034,2021-05-01,50
3787,1034,2021-06-01,50
3788,1034,2021-07-01,50
3789,1034,2021-08-01,50
3790,1034,2021-09-01,50
3791,1034,2021-10-01,50
3792,1034,2021-11-01,50
3793,1034,2021-12-01,50
3794,1034,2022-01-01,50
3795,1034,2022-02-01,50
3796,1034,2022-03-01,50
3797,1034,2022-04-01,50
3798,1034,2022-05-01,50
3799,1034,2022-06-01,50
3800,1034,2022-07-01,50
3801,1034,2022-08-01,50
3802,1034,2022-09-01,50
3803,1034,2022-10-01,50
3804,1034,2022-11-01,50
3805,1034,2022-12-01,50
3806,1034,2023-01-01,50
3807,1034,2023-02-01,50
3808,1034,2023-03-01,50
3809,1034,2023-04-01,50
3810,1034,2023-05-01,50
3811,1034,2023-06-01,50
3812,1034,2023-07-01,50
3813,1034,2023-08-01,50
3814,1034,2023-09-01,50
3815,1034,2023-10-01,50
3816,1034,2023-11-01,50
3817,1034,2023-12-01,50
3818,1034,2024-01-01,50
3819,1034,2024-02-01,50
3820,1034,2024-03-01,50
3821,1034,2024-04-01,50
3822,1034,2024-05-01,50
3823,1034,2024-06-01,50
3824,1034,2024-07-01,50
3825,1034,2024-08-01,50
3826,1034,2024-09-01,50
3827,1034,2024-10-01,50
3828,1034,2024-11-01,50
3829,1034,2024-12-01,50
3830,1034,2025-01-01,50
3831,1035,2025-01-01,50
3832,1036,2022-05-01,30
3833,1036,2022-06-01,30
3834,1036,2022-07-01,30
3835,1036,2022-08-01,30
3836,1036,2022-09-01,30
3837,1036,2022-10-01,30
3838,1036,2022-11-01,30
3839,1036,2022-12-01,30
3840,1036,2023-01-01,30
3841,1036,2023-02-01,30
3842,1036,2023-03-01,30
3843,1036,2023-04-01,30
3844,1036,2023-05-01,30
3845,1036,2023-06-01,30
3846,1036,2023-07-01,30
3847,1036,2023-08-01,30
3848,1036,2023-09-01,30
3849,1036,2023-10-01,30
3850,1036,2023-11-01,30
3851,1036,2023-12-01,30
3852,1036,2024-01-01,30
3853,1036,2024-02-01,30
3854,1036,2024-03-01,30
3855,1037,2023-03-01,30
3856,1037,2023-04-01,30
3857,1037,2023-05-01,30
3858,1037,2023-06-01,30
3859,1037,2023-07-01,30
3860,1037,2023-08-01,30
3861,1037,2023-09-01,30
3862,1037,2023-10-01,30
3863,1037,2023-11-01,30
3864,1037,2023-12-01,30
3865,1037,2024-01-01,30
3866,1037,2024-02-01,30
3867,1037,2024-03-01,30
3868,1037,2024-04-01,30
3869,1037,2024-05-01,30
3870,1037,2024-06-01,30
3871,1037,2024-07-01,30
3872,1037,2024-08-01,30
3873,1037,2024-09-01,30
3874,1037,2024-10-01,30
3875,1037,2024-11-01,30
3876,1037,2024-12-01,30
3877,1037,2025-01-01,30
3878,1038,2020-12-01,20
3879,1038,2021-01-01,20
3880,1038,2021-02-01,20
3881,1038,2021-03-01,20
3882,1038,2021-04-01,20
3883,1038,2021-05-01,20
3884,1038,2021-06-01,20
3885,1038,2021-07-01,20
3886,1038,2021-08-01,20
3887,1038,2021-09-01,20
3888,1038,2021-10-01,20
3889,1038,2021-11-01,20
3890,1038,2021-12-01,20
3891,1038,2022-01-01,20
3892,1038,2022-02-01,20
3893,1038,2022-03-01,20
3894,1038,2022-04-01,20
3895,1038,2022-05-01,20
3896,1038,2022-06-01,20
3897,1038,2022-07-01,20
3898,1038,2022-08-01,20
3899,1038,2022-09-01,20
3900,1038,2022-10-01,20
3901,1038,2022-11-01,20
3902,1038,2022-12-01,20
3903,1038,2023-01-01,20
3904,1038,2023-02-01,20
3905,1038,2023-03-01,20
3906,1038,2023-04-01,20
3907,1038,2023-05-01,20
3908,1038,2023-06-01,20
3909,1038,2023-07-01,20
3910,1038,2023-08-01,20
3911,1038,2023-09-01,20
3912,1038,2023-10-01,20
3913,1038,2023-11-01,20
3914,1038,2023-12-01,20
3915,1038,2024-01-01,20
3916,1038,2024-02-01,20
3917,1038,2024-03-01,20
3918,1038,2024-04-01,20
3919,1038,2024-05-01,20
3920,1038,2024-06-01,20
3921,1038,2024-07-01,20
3922,1038,2024-08-01,20
3923,1038,2024-09-01,20
3924,1038,2024-10-01,20
3925,1038,2024-11-01,20
3926,1038,2024-12-01,20
3927,1038,2025-01-01,20
3928,1039,2022-04-01,30
3929,1039,2022-05-01,30
3930,1039,2022-06-01,30
3931,1039,2022-07-01,30
3932,1039,2022-08-01,30
3933,1039,2022-09-01,30
3934,1039,2022-10-01,30
3935,1039,2022-11-01,30
3936,1039,2022-12-01,30
3937,1039,2023-01-01,30
3938,1039,2023-02-01,30
3939,1039,2023-03-01,30
3940,1039,2023-04-01,30
3941,1039,2023-05-01,30
3942,1039,2023-06-01,30
3943,1039,2023-07-01,30
3944,1039,2023-08-01,30
3945,1039,2023-09-01,30
3946,1039,2023-10-01,30
3947,1039,2023-11-01,30
3948,1039,2023-12-01,30
3949,1039,2024-01-01,30
3950,1039,2024-02-01,30
3951,1039,2024-03-01,30
3952,1039,2024-04-01,30
3953,1039,2024-05-01,30
3954,1039,2024-06-01,30
3955,1039,2024-07-01,30
3956,1039,2024-08-01,30
3957,1039,2024-09-01,30
3958,1039,2024-10-01,30
3959,1039,2024-11-01,30
3960,1039,2024-12-01,30
3961,1039,2025-01-01,30
3962,1040,2020-09-01,30
3963,1040,2020-10-01,30
3964,1040,2020-11-01,30
3965,1040,2020-12-01,30
3966,1040,2021-01-01,30
3967,1040,2021-02-01,30
3968,1040,2021-03-01,30
3969,1040,2021-04-01,30
3970,1040,2021-05-01,30
3971,1040,2021-06-01,30
3972,1040,2021-07-01,30
3973,1040,2021-08-01,30
3974,1040,2021-09-01,30
3975,1040,2021-10-01,30
3976,1040,2021-11-01,30
3977,1040,2021-12-01,30
3978,1040,2022-01-01,30
3979,1040,2022-02-01,30
3980,1040,2022-03-01,30
3981,1040,2022-04-01,30
3982,1040,2022-05-01,30
3983,1040,2022-06-01,30
3984,1040,2022-07-01,30
3985,1040,2022-08-01,30
3986,1040,2022-09-01,30
3987,1040,2022-10-01,30
3988,1040,2022-11-01,30
3989,1040,2022-12-01,30
3990,1040,2023-01-01,30
3991,1040,2023-02-01,30
3992,1040,2023-03-01,30
3993,1040,2023-04-01,30
3994,1040,2023-05-01,30
3995,1040,2023-06-01,30
3996,1040,2023-07-01,30
3997,1040,2023-08-01,30
3998,1040,2023-09-01,30
3999,1040,2023-10-01,30
4000,1040,2023-11-01,30
4001,1040,2023-12-01,30
4002,1040,2024-01-01,30
4003,1040,2024-02-01,30
4004,1040,2024-03-01,30
4005,1040,2024-04-01,30
4006,1040,2024-05-01,30
4007,1040,2024-06-01,30
4008,1040,2024-07-01,30
4009,1040,2024-08-01,30
4010,1040,2024-09-01,30
4011,1040,2024-10-01,30
4012,1040,2024-11-01,30
4013,1040,2024-12-01,30
4014,1040,2025-01-01,30
4015,1041,2021-02-01,30
4016,1041,2021-03-01,30
4017,1041,2021-04-01,30
4018,1041,2021-05-01,30
4019,1041,2021-06-01,30
4020,1041,2021-07-01,30
4021,1041,2021-08-01,30
4022,1041,2021-09-01,30
4023,1041,2021-10-01,30
4024,1041,2021-11-01,30
4025,1041,2021-12-01,30
4026,1041,2022-01-01,30
4027,1041,2022-02-01,30
4028,1041,2022-03-01,30
4029,1041,2022-04-01,30
4030,1041,2022-05-01,30
4031,1041,2022-06-01,30
4032,1041,2022-07-01,30
4033,1041,2022-08-01,30
4034,1041,2022-09-01,30
4035,1041,2022-10-01,30
4036,1041,2022-11-01,30
4037,1041,2022-12-01,30
4038,1041,2023-01-01,30
4039,1041,2023-02-01,30
4040,1041,2023-03-01,30
4041,1041,2023-04-01,30
4042,1041,2023-05-01,30
4043,1041,2023-06-01,30
4044,1041,2023-07-01,30
4045,1041,2023-08-01,30
4046,1041,2023-09-01,30
4047,1041,2023-10-01,30
4048,1041,2023-11-01,30
4049,1041,2023-12-01,30
4050,1041,2024-01-01,30
4051,1041,2024-02-01,30
4052,1041,2024-03-01,30
4053,1041,2024-04-01,30
4054,1041,2024-05-01,30
4055,1041,2024-06-01,30
4056,1041,2024-07-01,30
4057,1041,2024-08-01,30
4058,1041,2024-09-01,30
4059,1041,2024-10-01,30
4060,1041,2024-11-01,30
4061,1041,2024-12-01,30
4062,1041,2025-01-01,30
4063,1042,2024-01-01,20
4064,1042,2024-02-01,20
4065,1042,2024-03-01,20
4066,1042,2024-04-01,20
4067,1042,2024-05-01,20
4068,1042,2024-06-01,20
4069,1043,2022-07-01,30
4070,1043,2022-08-01,30
4071,1043,2022-09-01,30
4072,1043,2022-10-01,30
4073,1043,2022-11-01,30
4074,1043,2022-12-01,30
4075,1043,2023-01-01,30
4076,1043,2023-02-01,30
4077,1043,2023-03-01,30
4078,1043,2023-04-01,30
4079,1043,2023-05-01,30
4080,1043,2023-06-01,30
4081,1043,2023-07-01,30
4082,1043,2023-08-01,30
4083,1043,2023-09-01,30
4084,1043,2023-10-01,30
4085,1043,2023-11-01,30
4086,1043,2023-12-01,30
4087,1043,2024-01-01,30
4088,1043,2024-02-01,30
4089,1043,2024-03-01,30
4090,1043,2024-04-01,30
4091,1043,2024-05-01,30
4092,1043,2024-06-01,30
4093,1043,2024-07-01,30
4094,1043,2024-08-01,30
4095,1043,2024-09-01,30
4096,1043,2024-10-01,30
4097,1043,2024-11-01,30
4098,1043,2024-12-01,30
4099,1043,2025-01-01,30
4100,1044,2021-05-01,30
4101,1044,2021-06-01,30
4102,1044,2021-07-01,30
4103,1044,2021-08-01,30
4104,1044,2021-09-01,30
4105,1044,2021-10-01,30
4106,1044,2021-11-01,30
4107,1044,2021-12-01,30
4108,1044,2022-01-01,30
4109,1044,2022-02-01,30
4110,1044,2022-03-01,30
4111,1044,2022-04-01,30
4112,1044,2022-05-01,30
4113,1044,2022-06-01,30
4114,1044,2022-07-01,30
4115,1044,2022-08-01,30
4116,1044,2022-09-01,30
4117,1044,2022-10-01,30
4118,1044,2022-11-01,30
4119,1044,2022-12-01,30
4120,1044,2023-01-01,30
4121,1044,2023-02-01,30
4122,1044,2023-03-01,30
4123,1044,2023-04-01,30
4124,1044,2023-05-01,30
4125,1044,2023-06-01,30
4126,1044,2023-07-01,30
4127,1044,2023-08-01,30
4128,1044,2023-09-01,30
4129,1044,2023-10-01,30
4130,1044,2023-11-01,30
4131,1044,2023-12-01,30
4132,1044,2024-01-01,30
4133,1044,2024-02-01,30
4134,1044,2024-03-01,30
4135,1044,2024-04-01,30
4136,1044,2024-05-01,30
4137,1044,2024-06-01,30
4138,1044,2024-07-01,30
4139,1044,2024-08-01,30
4140,1044,2024-09-01,30
4141,1044,2024-10-01,30
4142,1044,2024-11-01,30
4143,1044,2024-12-01,30
4144,1044,2025-01-01,30
4145,1045,2022-07-01,50
4146,1045,2022-08-01,50
4147,1045,2022-09-01,50
4148,1045,2022-10-01,50
4149,1045,2022-11-01,50
4150,1045,2022-12-01,50
4151,1045,2023-01-01,50
4152,1045,2023-02-01,50
4153,1045,2023-03-01,50
4154,1045,2023-04-01,50
4155,1045,2023-05-01,50
4156,1045,2023-06-01,50
4157,1045,2023-07-01,50
4158,1045,2023-08-01,50
4159,1045,2023-09-01,50
4160,1045,2023-10-01,50
4161,1045,2023-11-01,50
4162,1045,2023-12-01,50
4163,1045,2024-01-01,50
4164,1045,2024-02-01,50
4165,1045,2024-03-01,50
4166,1045,2024-04-01,50
4167,1045,2024-05-01,50
4168,1045,2024-06-01,50
4169,1045,2024-07-01,50
4170,1045,2024-08-01,50
4171,1045,2024-09-01,50
4172,1045,2024-10-01,50
4173,1045,2024-11-01,50
4174,1045,2024-12-01,50
4175,1045,2025-01-01,50
4176,1046,2022-12-01,20
4177,1046,2023-01-01,20
4178,1046,2023-02-01,20
4179,1046,2023-03-01,20
4180,1046,2023-04-01,20
4181,1046,2023-05-01,20
4182,1046,2023-06-01,20
4183,1046,2023-07-01,20
4184,1046,2023-08-01,20
4185,1046,2023-09-01,20
4186,1046,2023-10-01,20
4187,1046,2023-11-01,20
4188,1046,2023-12-01,20
4189,1046,2024-01-01,20
4190,1046,2024-02-01,20
4191,1046,2024-03-01,20
4192,1046,2024-04-01,20
4193,1046,2024-05-01,20
4194,1046,2024-06-01,20
4195,1046,2024-07-01,20
4196,1046,2024-08-01,20
4197,1046,2024-09-01,20
4198,1046,2024-10-01,20
4199,1046,2024-11-01,20
4200,1046,2024-12-01,20
4201,1046,2025-01-01,20
4202,1047,2024-09-01,30
4203,1047,2024-10-01,30
4204,1047,2024-11-01,30
4205,1047,2024-12-01,30
4206,1047,2025-01-01,30
4207,1048,2023-03-01,30
4208,1048,2023-04-01,30
4209,1048,2023-05-01,30
4210,1048,2023-06-01,30
4211,1048,2023-07-01,30
4212,1048,2023-08-01,30
4213,1048,2023-09-01,30
4214,1048,2023-10-01,30
4215,1048,2023-11-01,30
4216,1048,2023-12-01,30
4217,1048,2024-01-01,30
4218,1048,2024-02-01,30
4219,1048,2024-03-01,30
4220,1048,2024-04-01,30
4221,1048,2024-05-01,30
4222,1048,2024-06-01,30
4223,1048,2024-07-01,30
4224,1048,2024-08-01,30
4225,1048,2024-09-01,30
4226,1048,2024-10-01,30
4227,1048,2024-11-01,30
4228,1048,2024-12-01,30
4229,1048,2025-01-01,30
4230,1049,2021-05-01,50
4231,1049,2021-06-01,50
4232,1049,2021-07-01,50
4233,1049,2021-08-01,50
4234,1049,2021-09-01,50
4235,1049,2021-10-01,50
4236,1049,2021-11-01,50
4237,1049,2021-12-01,50
4238,1049,2022-01-01,50
4239,1049,2022-02-01,50
4240,1049,2022-03-01,50
4241,1049,2022-04-01,50
4242,1049,2022-05-01,50
4243,1049,2022-06-01,50
4244,1049,2022-07-01,50
4245,1049,2022-08-01,50
4246,1049,2022-09-01,50
4247,1049,2022-10-01,50
4248,1049,2022-11-01,50
4249,1049,2022-12-01,50
4250,1049,2023-01-01,50
4251,1049,2023-02-01,50
4252,1049,2023-03-01,50
4253,1049,2023-04-01,50
4254,1049,2023-05-01,50
4255,1049,2023-06-01,50
4256,1049,2023-07-01,50
4257,1049,2023-08-01,50
4258,1049,2023-09-01,50
4259,1049,2023-10-01,50
4260,1049,2023-11-01,50
4261,1049,2023-12-01,50
4262,1049,2024-01-01,50
4263,1049,2024-02-01,50
4264,1049,2024-03-01,50
4265,1049,2024-04-01,50
4266,1049,2024-05-01,50
4267,1049,2024-06-01,50
4268,1049,2024-07-01,50
4269,1049,2024-08-01,50
4270,1049,2024-09-01,50
4271,1049,2024-10-01,50
4272,1049,2024-11-01,50
4273,1049,2024-12-01,50
4274,1049,2025-01-01,50
4275,1050,2023-12-01,30
4276,1050,2024-01-01,30
4277,1050,2024-02-01,30
4278,1050,2024-03-01,30
4279,1050,2024-04-01,30
4280,1050,2024-05-01,30
4281,1050,2024-06-01,30
4282,1050,2024-07-01,30
4283,1050,2024-08-01,30
4284,1050,2024-09-01,30
4285,1050,2024-10-01,30
4286,1050,2024-11-01,30
4287,1050,2024-12-01,30
4288,1050,2025-01-01,30
4289,1051,2022-08-01,30
4290,1051,2022-09-01,30
4291,1051,2022-10-01,30
4292,1051,2022-11-01,30
4293,1051,2022-12-01,30
4294,1051,2023-01-01,30
4295,1051,2023-02-01,30
4296,1051,2023-03-01,30
4297,1051,2023-04-01,30
4298,1051,2023-05-01,30
4299,1051,2023-06-01,30
4300,1051,2023-07-01,30
4301,1051,2023-08-01,30
4302,1051,2023-09-01,30
4303,1051,2023-10-01,30
4304,1051,2023-11-01,30
4305,1051,2023-12-01,30
4306,1051,2024-01-01,30
4307,1051,2024-02-01,30
4308,1051,2024-03-01,30
4309,1051,2024-04-01,30
4310,1051,2024-05-01,30
4311,1051,2024-06-01,30
4312,1051,2024-07-01,30
4313,1051,2024-08-01,30
4314,1051,2024-09-01,30
4315,1051,2024-10-01,30
4316,1051,2024-11-01,30
4317,1051,2024-12-01,30
4318,1051,2025-01-01,30
4319,1052,2022-10-01,30
4320,1052,2022-11-01,30
4321,1052,2022-12-01,30
4322,1052,2023-01-01,30
4323,1052,2023-02-01,30
4324,1052,2023-03-01,30
4325,1052,2023-04-01,30
4326,1052,2023-05-01,30
4327,1052,2023-06-01,30
4328,1052,2023-07-01,30
4329,1052,2023-08-01,30
4330,1052,2023-09-01,30
4331,1052,2023-10-01,30
4332,1052,2023-11-01,30
4333,1052,2023-12-01,30
4334,1052,2024-01-01,30
4335,1052,2024-02-01,30
4336,1052,2024-03-01,30
4337,1052,2024-04-01,30
4338,1052,2024-05-01,30
4339,1052,2024-06-01,30
4340,1052,2024-07-01,30
4341,1052,2024-08-01,30
4342,1052,2024-09-01,30
4343,1052,2024-10-01,30
4344,1052,2024-11-01,30
4345,1052,2024-12-01,30
4346,1052,2025-01-01,30
4347,1053,2022-09-01,20
4348,1053,2022-10-01,20
4349,1053,2022-11-01,20
4350,1053,2022-12-01,20
4351,1053,2023-01-01,20
4352,1053,2023-02-01,20
4353,1053,2023-03-01,20
4354,1053,2023-04-01,20
4355,1053,2023-05-01,20
4356,1053,2023-06-01,20
4357,1053,2023-07-01,20
4358,1053,2023-08-01,20
4359,1053,2023-09-01,20
4360,1053,2023-10-01,20
4361,1053,2023-11-01,20
4362,1053,2023-12-01,20
4363,1053,2024-01-01,20
4364,1053,2024-02-01,20
4365,1053,2024-03-01,20
4366,1053,2024-04-01,20
4367,1053,2024-05-01,20
4368,1053,2024-06-01,20
4369,1053,2024-07-01,20
4370,1053,2024-08-01,20
4371,1053,2024-09-01,20
4372,1053,2024-10-01,20
4373,1053,2024-11-01,20
4374,1053,2024-12-01,20
4375,1053,2025-01-01,20
4376,1054,2021-07-01,50
4377,1054,2021-08-01,50
4378,1054,2021-09-01,50
4379,1054,2021-10-01,50
4380,1054,2021-11-01,50
4381,1054,2021-12-01,50
4382,1054,2022-01-01,50
4383,1054,2022-02-01,50
4384,1054,2022-03-01,50
4385,1054,2022-04-01,50
4386,1054,2022-05-01,50
4387,1054,2022-06-01,50
4388,1054,2022-07-01,50
4389,1054,2022-08-01,50
4390,1054,2022-09-01,50
4391,1054,2022-10-01,50
4392,1054,2022-11-01,50
4393,1054,2022-12-01,50
4394,1054,2023-01-01,50
4395,1054,2023-02-01,50
4396,1054,2023-03-01,50
4397,1054,2023-04-01,50
4398,1054,2023-05-01,50
4399,1054,2023-06-01,50
4400,1054,2023-07-01,50
4401,1054,2023-08-01,50
4402,1054,2023-09-01,50
4403,1054,2023-10-01,50
4404,1054,2023-11-01,50
4405,1054,2023-12-01,50
4406,1054,2024-01-01,50
4407,1054,2024-02-01,50
4408,1054,2024-03-01,50
4409,1054,2024-04-01,50
4410,1054,2024-05-01,50
4411,1054,2024-06-01,50
4412,1054,2024-07-01,50
4413,1054,2024-08-01,50
4414,1054,2024-09-01,50
4415,1054,2024-10-01,50
4416,1054,2024-11-01,50
4417,1054,2024-12-01,50
4418,1054,2025-01-01,50
4419,1055,2023-02-01,30
4420,1055,2023-03-01,30
4421,1055,2023-04-01,30
4422,1055,2023-05-01,30
4423,1055,2023-06-01,30
4424,1055,2023-07-01,30
4425,1055,2023-08-01,30
4426,1055,2023-09-01,30
4427,1055,2023-10-01,30
4428,1055,2023-11-01,30
4429,1055,2023-12-01,30
4430,1055,2024-01-01,30
4431,1055,2024-02-01,30
4432,1055,2024-03-01,30
4433,1055,2024-04-01,30
4434,1055,2024-05-01,30
4435,1055,2024-06-01,30
4436,1055,2024-07-01,30
4437,1055,2024-08-01,30
4438,1055,2024-09-01,30
4439,1055,2024-10-01,30
4440,1055,2024-11-01,30
4441,1055,2024-12-01,30
4442,1055,2025-01-01,30
4443,1056,2024-06-01,20
4444,1056,2024-07-01,20
4445,1056,2024-08-01,20
4446,1056,2024-09-01,20
4447,1056,2024-10-01,20
4448,1056,2024-11-01,20
4449,1056,2024-12-01,20
4450,1056,2025-01-01,20
4451,1057,2023-05-01,30
4452,1057,2023-06-01,30
4453,1057,2023-07-01,30
4454,1057,2023-08-01,30
4455,1057,2023-09-01,30
4456,1057,2023-10-01,30
4457,1057,2023-11-01,30
4458,1057,2023-12-01,30
4459,1057,2024-01-01,30
4460,1057,2024-02-01,30
4461,1057,2024-03-01,30
4462,1057,2024-04-01,30
4463,1057,2024-05-01,30
4464,1057,2024-06-01,30
4465,1057,2024-07-01,30
4466,1057,2024-08-01,30
4467,1057,2024-09-01,30
4468,1057,2024-10-01,30
4469,1057,2024-11-01,30
4470,1057,2024-12-01,30
4471,1057,2025-01-01,30
4472,1058,2022-11-01,30
4473,1058,2022-12-01,30
4474,1058,2023-01-01,30
4475,1058,2023-02-01,30
4476,1058,2023-03-01,30
4477,1058,2023-04-01,30
4478,1058,2023-05-01,30
4479,1058,2023-06-01,30
4480,1058,2023-07-01,30
4481,1058,2023-08-01,30
4482,1058,2023-09-01,30
4483,1058,2023-10-01,30
4484,1058,2023-11-01,30
4485,1058,2023-12-01,30
4486,1058,2024-01-01,30
4487,1058,2024-02-01,30
4488,1058,2024-03-01,30
4489,1058,2024-04-01,30
4490,1058,2024-05-01,30
4491,1058,2024-06-01,30
4492,1058,2024-07-01,30
4493,1058,2024-08-01,30
4494,1058,2024-09-01,30
4495,1058,2024-10-01,30
4496,1058,2024-11-01,30
4497,1058,2024-12-01,30
4498,1058,2025-01-01,30
4499,1059,2025-01-01,30
4500,1060,2020-06-01,30
4501,1060,2020-07-01,30
4502,1060,2020-08-01,30
4503,1060,2020-09-01,30
4504,1060,2020-10-01,30
4505,1060,2020-11-01,30
4506,1060,2020-12-01,30
4507,1060,2021-01-01,30
4508,1060,2021-02-01,30
4509,1060,2021-03-01,30
4510,1061,2024-07-01,20
4511,1061,2024-08-01,20
4512,1061,2024-09-01,20
4513,1061,2024-10-01,20
4514,1061,2024-11-01,20
4515,1061,2024-12-01,20
4516,1061,2025-01-01,20
4517,1062,2020-04-01,30
4518,1062,2020-05-01,30
4519,1062,2020-06-01,30
4520,1062,2020-07-01,30
4521,1062,2020-08-01,30
4522,1062,2020-09-01,30
4523,1063,2024-09-01,20
4524,1063,2024-10-01,20
4525,1063,2024-11-01,20
4526,1063,2024-12-01,20
4527,1063,2025-01-01,20
4528,1064,2021-07-01,30
4529,1064,2021-08-01,30
4530,1064,2021-09-01,30
4531,1064,2021-10-01,30
4532,1064,2021-11-01,30
4533,1064,2021-12-01,30
4534,1064,2022-01-01,30
4535,1064,2022-02-01,30
4536,1064,2022-03-01,30
4537,1064,2022-04-01,30
4538,1064,2022-05-01,30
4539,1064,2022-06-01,30
4540,1064,2022-07-01,30
4541,1064,2022-08-01,30
4542,1064,2022-09-01,30
4543,1064,2022-10-01,30
4544,1064,2022-11-01,30
4545,1064,2022-12-01,30
4546,1064,2023-01-01,30
4547,1064,2023-02-01,30
4548,1064,2023-03-01,30
4549,1064,2023-04-01,30
4550,1064,2023-05-01,30
4551,1064,2023-06-01,30
4552,1064,2023-07-01,30
4553,1064,2023-08-01,30
4554,1064,2023-09-01,30
4555,1064,2023-10-01,30
4556,1064,2023-11-01,30
4557,1064,2023-12-01,30
4558,1064,2024-01-01,30
4559,1064,2024-02-01,30
4560,1064,2024-03-01,30
4561,1064,2024-04-01,30
4562,1064,2024-05-01,30
4563,1064,2024-06-01,30
4564,1064,2024-07-01,30
4565,1064,2024-08-01,30
4566,1064,2024-09-01,30
4567,1064,2024-10-01,30
4568,1064,2024-11-01,30
4569,1064,2024-12-01,30
4570,1064,2025-01-01,30
4571,1065,2022-05-01,30
4572,1065,2022-06-01,30
4573,1065,2022-07-01,30
4574,1065,2022-08-01,30
4575,1065,2022-09-01,30
4576,1065,2022-10-01,30
4577,1065,2022-11-01,30
4578,1065,2022-12-01,30
4579,1065,2023-01-01,30
4580,1065,2023-02-01,30
4581,1065,2023-03-01,30
4582,1065,2023-04-01,30
4583,1065,2023-05-01,30
4584,1065,2023-06-01,30
4585,1065,2023-07-01,30
4586,1065,2023-08-01,30
4587,1065,2023-09-01,30
4588,1065,2023-10-01,30
4589,1065,2023-11-01,30
4590,1065,2023-12-01,30
4591,1065,2024-01-01,30
4592,1065,2024-02-01,30
4593,1065,2024-03-01,30
4594,1065,2024-04-01,30
4595,1065,2024-05-01,30
4596,1065,2024-06-01,30
4597,1065,2024-07-01,30
4598,1065,2024-08-01,30
4599,1065,2024-09-01,30
4600,1065,2024-10-01,30
4601,1065,2024-11-01,30
4602,1065,2024-12-01,30
4603,1065,2025-01-01,30
4604,1066,2024-05-01,50
4605,1066,2024-06-01,50
4606,1066,2024-07-01,50
4607,1066,2024-08-01,50
4608,1066,2024-09-01,50
4609,1066,2024-10-01,50
4610,1066,2024-11-01,50
4611,1066,2024-12-01,50
4612,1066,2025-01-01,50
4613,1067,2024-09-01,30
4614,1067,2024-10-01,30
4615,1067,2024-11-01,30
4616,1067,2024-12-01,30
4617,1067,2025-01-01,30
4618,1068,2022-10-01,30
4619,1068,2022-11-01,30
4620,1068,2022-12-01,30
4621,1068,2023-01-01,30
4622,1068,2023-02-01,30
4623,1068,2023-03-01,30
4624,1068,2023-04-01,30
4625,1068,2023-05-01,30
4626,1068,2023-06-01,30
4627,1068,2023-07-01,30
4628,1068,2023-08-01,30
4629,1068,2023-09-01,30
4630,1068,2023-10-01,30
4631,1068,2023-11-01,30
4632,1068,2023-12-01,30
4633,1068,2024-01-01,30
4634,1068,2024-02-01,30
4635,1068,2024-03-01,30
4636,1068,2024-04-01,30
4637,1068,2024-05-01,30
4638,1068,2024-06-01,30
4639,1068,2024-07-01,30
4640,1068,2024-08-01,30
4641,1068,2024-09-01,30
4642,1068,2024-10-01,30
4643,1068,2024-11-01,30
4644,1068,2024-12-01,30
4645,1068,2025-01-01,30
4646,1069,2021-04-01,20
4647,1069,2021-05-01,20
4648,1069,2021-06-01,20
4649,1069,2021-07-01,20
4650,1069,2021-08-01,20
4651,1069,2021-09-01,20
4652,1069,2021-10-01,20
4653,1069,2021-11-01,20
4654,1069,2021-12-01,20
4655,1069,2022-01-01,20
4656,1069,2022-02-01,20
4657,1069,2022-03-01,20
4658,1069,2022-04-01,20
4659,1069,2022-05-01,20
4660,1069,2022-06-01,20
4661,1069,2022-07-01,20
4662,1069,2022-08-01,20
4663,1069,2022-09-01,20
4664,1069,2022-10-01,20
4665,1069,2022-11-01,20
4666,1069,2022-12-01,20
4667,1069,2023-01-01,20
4668,1069,2023-02-01,20
4669,1069,2023-03-01,20
4670,1069,2023-04-01,20
4671,1069,2023-05-01,20
4672,1069,2023-06-01,20
4673,1069,2023-07-01,20
4674,1069,2023-08-01,20
4675,1069,2023-09-01,20
4676,1069,2023-10-01,20
4677,1069,2023-11-01,20
4678,1069,2023-12-01,20
4679,1069,2024-01-01,20
4680,1069,2024-02-01,20
4681,1069,2024-03-01,20
4682,1069,2024-04-01,20
4683,1069,2024-05-01,20
4684,1069,2024-06-01,20
4685,1069,2024-07-01,20
4686,1069,2024-08-01,20
4687,1069,2024-09-01,20
4688,1069,2024-10-01,20
4689,1069,2024-11-01,20
4690,1069,2024-12-01,20
4691,1069,2025-01-01,20
4692,1070,2021-02-01,30
4693,1070,2021-03-01,30
4694,1070,2021-04-01,30
4695,1070,2021-05-01,30
4696,1070,2021-06-01,30
4697,1070,2021-07-01,30
4698,1070,2021-08-01,30
4699,1070,2021-09-01,30
4700,1070,2021-10-01,30
4701,1070,2021-11-01,30
4702,1070,2021-12-01,30
4703,1070,2022-01-01,30
4704,1070,2022-02-01,30
4705,1070,2022-03-01,30
4706,1070,2022-04-01,30
4707,1070,2022-05-01,30
4708,1070,2022-06-01,30
4709,1070,2022-07-01,30
4710,1070,2022-08-01,30
4711,1070,2022-09-01,30
4712,1070,2022-10-01,30
4713,1070,2022-11-01,30
4714,1070,2022-12-01,30
4715,1070,2023-01-01,30
4716,1070,2023-02-01,30
4717,1070,2023-03-01,30
4718,1070,2023-04-01,30
4719,1070,2023-05-01,30
4720,1070,2023-06-01,30
4721,1070,2023-07-01,30
4722,1070,2023-08-01,30
4723,1070,2023-09-01,30
4724,1070,2023-10-01,30
4725,1070,2023-11-01,30
4726,1070,2023-12-01,30
4727,1070,2024-01-01,30
4728,1070,2024-02-01,30
4729,1070,2024-03-01,30
4730,1070,2024-04-01,30
4731,1070,2024-05-01,30
4732,1070,2024-06-01,30
4733,1070,2024-07-01,30
4734,1070,2024-08-01,30
4735,1070,2024-09-01,30
4736,1070,2024-10-01,30
4737,1070,2024-11-01,30
4738,1070,2024-12-01,30
4739,1070,2025-01-01,30
4740,1071,2021-12-01,20
4741,1071,2022-01-01,20
4742,1071,2022-02-01,20
4743,1071,2022-03-01,20
4744,1071,2022-04-01,20
4745,1071,2022-05-01,20
4746,1071,2022-06-01,20
4747,1071,2022-07-01,20
4748,1071,2022-08-01,20
4749,1071,2022-09-01,20
4750,1071,2022-10-01,20
4751,1071,2022-11-01,20
4752,1071,2022-12-01,20
4753,1071,2023-01-01,20
4754,1071,2023-02-01,20
4755,1071,2023-03-01,20
4756,1071,2023-04-01,20
4757,1071,2023-05-01,20
4758,1071,2023-06-01,20
4759,1071,2023-07-01,20
4760,1071,2023-08-01,20
4761,1071,2023-09-01,20
4762,1071,2023-10-01,20
4763,1071,2023-11-01,20
4764,1071,2023-12-01,20
4765,1071,2024-01-01,20
4766,1071,2024-02-01,20
4767,1071,2024-03-01,20
4768,1071,2024-04-01,20
4769,1071,2024-05-01,20
4770,1071,2024-06-01,20
4771,1071,2024-07-01,20
4772,1071,2024-08-01,20
4773,1071,2024-09-01,20
4774,1071,2024-10-01,20
4775,1071,2024-11-01,20
4776,1071,2024-12-01,20
4777,1071,2025-01-01,20
4778,1072,2020-03-01,50
4779,1072,2020-04-01,50
4780,1072,2020-05-01,50
4781,1072,2020-06-01,50
4782,1073,2020-10-01,20
4783,1073,2020-11-01,20
4784,1073,2020-12-01,20
4785,1073,2021-01-01,20
4786,1073,2021-02-01,20
4787,1073,2021-03-01,20
4788,1073,2021-04-01,20
4789,1073,2021-05-01,20
4790,1073,2021-06-01,20
4791,1073,2021-07-01,20
4792,1073,2021-08-01,20
4793,1073,2021-09-01,20
4794,1073,2021-10-01,20
4795,1073,2021-11-01,20
4796,1074,2023-03-01,20
4797,1074,2023-04-01,20
4798,1074,2023-05-01,20
4799,1074,2023-06-01,20
4800,1074,2023-07-01,20
4801,1074,2023-08-01,20
4802,1074,2023-09-01,20
4803,1074,2023-10-01,20
4804,1074,2023-11-01,20
4805,1074,2023-12-01,20
4806,1074,2024-01-01,20
4807,1074,2024-02-01,20
4808,1074,2024-03-01,20
4809,1074,2024-04-01,20
4810,1074,2024-05-01,20
4811,1074,2024-06-01,20
4812,1074,2024-07-01,20
4813,1074,2024-08-01,20
4814,1074,2024-09-01,20
4815,1074,2024-10-01,20
4816,1074,2024-11-01,20
4817,1074,2024-12-01,20
4818,1074,2025-01-01,20
4819,1075,2023-01-01,20
4820,1075,2023-02-01,20
4821,1075,2023-03-01,20
4822,1075,2023-04-01,20
4823,1075,2023-05-01,20
4824,1075,2023-06-01,20
4825,1075,2023-07-01,20
4826,1075,2023-08-01,20
4827,1075,2023-09-01,20
4828,1075,2023-10-01,20
4829,1075,2023-11-01,20
4830,1075,2023-12-01,20
4831,1075,2024-01-01,20
4832,1075,2024-02-01,20
4833,1075,2024-03-01,20
4834,1075,2024-04-01,20
4835,1075,2024-05-01,20
4836,1075,2024-06-01,20
4837,1075,2024-07-01,20
4838,1075,2024-08-01,20
4839,1075,2024-09-01,20
4840,1075,2024-10-01,20
4841,1075,2024-11-01,20
4842,1075,2024-12-01,20
4843,1075,2025-01-01,20
4844,1076,2021-11-01,20
4845,1076,2021-12-01,20
4846,1076,2022-01-01,20
4847,1076,2022-02-01,20
4848,1076,2022-03-01,20
4849,1076,2022-04-01,20
4850,1076,2022-05-01,20
4851,1076,2022-06-01,20
4852,1077,2021-05-01,20
4853,1077,2021-06-01,20
4854,1077,2021-07-01,20
4855,1077,2021-08-01,20
4856,1077,2021-09-01,20
4857,1077,2021-10-01,20
4858,1077,2021-11-01,20
4859,1077,2021-12-01,20
4860,1077,2022-01-01,20
4861,1077,2022-02-01,20
4862,1077,2022-03-01,20
4863,1077,2022-04-01,20
4864,1077,2022-05-01,20
4865,1077,2022-06-01,20
4866,1077,2022-07-01,20
4867,1077,2022-08-01,20
4868,1077,2022-09-01,20
4869,1077,2022-10-01,20
4870,1077,2022-11-01,20
4871,1077,2022-12-01,20
4872,1077,2023-01-01,20
4873,1077,2023-02-01,20
4874,1077,2023-03-01,20
4875,1077,2023-04-01,20
4876,1077,2023-05-01,20
4877,1077,2023-06-01,20
4878,1077,2023-07-01,20
4879,1077,2023-08-01,20
4880,1077,2023-09-01,20
4881,1077,2023-10-01,20
4882,1077,2023-11-01,20
4883,1077,2023-12-01,20
4884,1077,2024-01-01,20
4885,1077,2024-02-01,20
4886,1077,2024-03-01,20
4887,1077,2024-04-01,20
4888,1077,2024-05-01,20
4889,1077,2024-06-01,20
4890,1077,2024-07-01,20
4891,1077,2024-08-01,20
4892,1077,2024-09-01,20
4893,1077,2024-10-01,20
4894,1077,2024-11-01,20
4895,1077,2024-12-01,20
4896,1077,2025-01-01,20
4897,1078,2020-11-01,30
4898,1078,2020-12-01,30
4899,1078,2021-01-01,30
4900,1078,2021-02-01,30
4901,1079,2022-11-01,50
4902,1079,2022-12-01,50
4903,1079,2023-01-01,50
4904,1079,2023-02-01,50
4905,1079,2023-03-01,50
4906,1079,2023-04-01,50
4907,1079,2023-05-01,50
4908,1079,2023-06-01,50
4909,1079,2023-07-01,50
4910,1079,2023-08-01,50
4911,1079,2023-09-01,50
4912,1079,2023-10-01,50
4913,1079,2023-11-01,50
4914,1079,2023-12-01,50
4915,1079,2024-01-01,50
4916,1079,2024-02-01,50
4917,1079,2024-03-01,50
4918,1079,2024-04-01,50
4919,1079,2024-05-01,50
4920,1079,2024-06-01,50
4921,1079,2024-07-01,50
4922,1079,2024-08-01,50
4923,1079,2024-09-01,50
4924,1079,2024-10-01,50
4925,1079,2024-11-01,50
4926,1079,2024-12-01,50
4927,1079,2025-01-01,50
4928,1080,2024-04-01,50
4929,1080,2024-05-01,50
4930,1080,2024-06-01,50
4931,1080,2024-07-01,50
4932,1080,2024-08-01,50
4933,1080,2024-09-01,50
4934,1080,2024-10-01,50
4935,1080,2024-11-01,50
4936,1080,2024-12-01,50
4937,1080,2025-01-01,50
4938,1081,2024-02-01,20
4939,1081,2024-03-01,20
4940,1081,2024-04-01,20
4941,1081,2024-05-01,20
4942,1081,2024-06-01,20
4943,1081,2024-07-01,20
4944,1081,2024-08-01,20
4945,1081,2024-09-01,20
4946,1081,2024-10-01,20
4947,1081,2024-11-01,20
4948,1081,2024-12-01,20
4949,1081,2025-01-01,20
4950,1082,2022-03-01,30
4951,1082,2022-04-01,30
4952,1082,2022-05-01,30
4953,1082,2022-06-01,30
4954,1082,2022-07-01,30
4955,1082,2022-08-01,30
4956,1082,2022-09-01,30
4957,1082,2022-10-01,30
4958,1082,2022-11-01,30
4959,1082,2022-12-01,30
4960,1082,2023-01-01,30
4961,1082,2023-02-01,30
4962,1082,2023-03-01,30
4963,1082,2023-04-01,30
4964,1082,2023-05-01,30
4965,1082,2023-06-01,30
4966,1082,2023-07-01,30
4967,1082,2023-08-01,30
4968,1082,2023-09-01,30
4969,1082,2023-10-01,30
4970,1082,2023-11-01,30
4971,1082,2023-12-01,30
4972,1082,2024-01-01,30
4973,1082,2024-02-01,30
4974,1082,2024-03-01,30
4975,1082,2024-04-01,30
4976,1082,2024-05-01,30
4977,1082,2024-06-01,30
4978,1082,2024-07-01,30
4979,1082,2024-08-01,30
4980,1082,2024-09-01,30
4981,1082,2024-10-01,30
4982,1082,2024-11-01,30
4983,1082,2024-12-01,30
4984,1082,2025-01-01,30
4985,1083,2021-01-01,20
4986,1083,2021-02-01,20
4987,1083,2021-03-01,20
4988,1083,2021-04-01,20
4989,1083,2021-05-01,20
4990,1083,2021-06-01,20
4991,1083,2021-07-01,20
4992,1083,2021-08-01,20
4993,1083,2021-09-01,20
4994,1083,2021-10-01,20
4995,1083,2021-11-01,20
4996,1083,2021-12-01,20
4997,1083,2022-01-01,20
4998,1083,2022-02-01,20
4999,1083,2022-03-01,20
5000,1083,2022-04-01,20
5001,1083,2022-05-01,20
5002,1083,2022-06-01,20
5003,1083,2022-07-01,20
5004,1083,2022-08-01,20
5005,1083,2022-09-01,20
5006,1083,2022-10-01,20
5007,1083,2022-11-01,20
5008,1083,2022-12-01,20
5009,1083,2023-01-01,20
5010,1083,2023-02-01,20
5011,1083,2023-03-01,20
5012,1083,2023-04-01,20
5013,1083,2023-05-01,20
5014,1083,2023-06-01,20
5015,1083,2023-07-01,20
5016,1083,2023-08-01,20
5017,1083,2023-09-01,20
5018,1083,2023-10-01,20
5019,1083,2023-11-01,20
5020,1083,2023-12-01,20
5021,1083,2024-01-01,20
5022,1083,2024-02-01,20
5023,1083,2024-03-01,20
5024,1083,2024-04-01,20
5025,1083,2024-05-01,20
5026,1083,2024-06-01,20
5027,1083,2024-07-01,20
5028,1083,2024-08-01,20
5029,1083,2024-09-01,20
5030,1083,2024-10-01,20
5031,1083,2024-11-01,20
5032,1083,2024-12-01,20
5033,1083,2025-01-01,20
5034,1084,2021-11-01,30
5035,1084,2021-12-01,30
5036,1084,2022-01-01,30
5037,1084,2022-02-01,30
5038,1084,2022-03-01,30
5039,1084,2022-04-01,30
5040,1084,2022-05-01,30
5041,1084,2022-06-01,30
5042,1084,2022-07-01,30
5043,1084,2022-08-01,30
5044,1084,2022-09-01,30
5045,1084,2022-10-01,30
5046,1084,2022-11-01,30
5047,1084,2022-12-01,30
5048,1084,2023-01-01,30
5049,1084,2023-02-01,30
5050,1084,2023-03-01,30
5051,1084,2023-04-01,30
5052,1084,2023-05-01,30
5053,1084,2023-06-01,30
5054,1084,2023-07-01,30
5055,1084,2023-08-01,30
5056,1084,2023-09-01,30
5057,1084,2023-10-01,30
5058,1084,2023-11-01,30
5059,1084,2023-12-01,30
5060,1084,2024-01-01,30
5061,1084,2024-02-01,30
5062,1084,2024-03-01,30
5063,1084,2024-04-01,30
5064,1084,2024-05-01,30
5065,1084,2024-06-01,30
5066,1084,2024-07-01,30
5067,1084,2024-08-01,30
5068,1084,2024-09-01,30
5069,1084,2024-10-01,30
5070,1084,2024-11-01,30
5071,1084,2024-12-01,30
5072,1084,2025-01-01,30
5073,1085,2021-02-01,50
5074,1085,2021-03-01,50
5075,1085,2021-04-01,50
5076,1086,2025-01-01,50
5077,1087,2021-12-01,30
5078,1087,2022-01-01,30
5079,1087,2022-02-01,30
5080,1087,2022-03-01,30
5081,1087,2022-04-01,30
5082,1087,2022-05-01,30
5083,1087,2022-06-01,30
5084,1087,2022-07-01,30
5085,1087,2022-08-01,30
5086,1087,2022-09-01,30
5087,1087,2022-10-01,30
5088,1087,2022-11-01,30
5089,1087,2022-12-01,30
5090,1087,2023-01-01,30
5091,1087,2023-02-01,30
5092,1087,2023-03-01,30
5093,1087,2023-04-01,30
5094,1087,2023-05-01,30
5095,1087,2023-06-01,30
5096,1087,2023-07-01,30
5097,1087,2023-08-01,30
5098,1087,2023-09-01,30
5099,1087,2023-10-01,30
5100,1087,2023-11-01,30
5101,1087,2023-12-01,30
5102,1087,2024-01-01,30
5103,1087,2024-02-01,30
5104,1087,2024-03-01,30
5105,1087,2024-04-01,30
5106,1087,2024-05-01,30
5107,1087,2024-06-01,30
5108,1087,2024-07-01,30
5109,1087,2024-08-01,30
5110,1087,2024-09-01,30
5111,1087,2024-10-01,30
5112,1087,2024-11-01,30
5113,1087,2024-12-01,30
5114,1087,2025-01-01,30
5115,1088,2023-07-01,30
5116,1088,2023-08-01,30
5117,1088,2023-09-01,30
5118,1088,2023-10-01,30
5119,1088,2023-11-01,30
5120,1088,2023-12-01,30
5121,1088,2024-01-01,30
5122,1088,2024-02-01,30
5123,1088,2024-03-01,30
5124,1088,2024-04-01,30
5125,1088,2024-05-01,30
5126,1088,2024-06-01,30
5127,1088,2024-07-01,30
5128,1088,2024-08-01,30
5129,1088,2024-09-01,30
5130,1088,2024-10-01,30
5131,1088,2024-11-01,30
5132,1088,2024-12-01,30
5133,1088,2025-01-01,30
5134,1089,2023-01-01,30
5135,1089,2023-02-01,30
5136,1089,2023-03-01,30
5137,1089,2023-04-01,30
5138,1089,2023-05-01,30
5139,1089,2023-06-01,30
5140,1089,2023-07-01,30
5141,1089,2023-08-01,30
5142,1089,2023-09-01,30
5143,1089,2023-10-01,30
5144,1089,2023-11-01,30
5145,1089,2023-12-01,30
5146,1089,2024-01-01,30
5147,1089,2024-02-01,30
5148,1089,2024-03-01,30
5149,1089,2024-04-01,30
5150,1089,2024-05-01,30
5151,1089,2024-06-01,30
5152,1089,2024-07-01,30
5153,1089,2024-08-01,30
5154,1089,2024-09-01,30
5155,1089,2024-10-01,30
5156,1089,2024-11-01,30
5157,1089,2024-12-01,30
5158,1089,2025-01-01,30
5159,1090,2024-02-01,30
5160,1090,2024-03-01,30
5161,1090,2024-04-01,30
5162,1090,2024-05-01,30
5163,1090,2024-06-01,30
5164,1090,2024-07-01,30
5165,1090,2024-08-01,30
5166,1090,2024-09-01,30
5167,1090,2024-10-01,30
5168,1090,2024-11-01,30
5169,1090,2024-12-01,30
5170,1090,2025-01-01,30
5171,1091,2021-04-01,50
5172,1091,2021-05-01,50
5173,1091,2021-06-01,50
5174,1091,2021-07-01,50
5175,1091,2021-08-01,50
5176,1091,2021-09-01,50
5177,1091,2021-10-01,50
5178,1091,2021-11-01,50
5179,1091,2021-12-01,50
5180,1091,2022-01-01,50
5181,1091,2022-02-01,50
5182,1091,2022-03-01,50
5183,1091,2022-04-01,50
5184,1091,2022-05-01,50
5185,1091,2022-06-01,50
5186,1091,2022-07-01,50
5187,1091,2022-08-01,50
5188,1091,2022-09-01,50
5189,1091,2022-10-01,50
5190,1091,2022-11-01,50
5191,1091,2022-12-01,50
5192,1091,2023-01-01,50
5193,1091,2023-02-01,50
5194,1091,2023-03-01,50
5195,1091,2023-04-01,50
5196,1091,2023-05-01,50
5197,1091,2023-06-01,50
5198,1091,2023-07-01,50
5199,1091,2023-08-01,50
5200,1091,2023-09-01,50
5201,1091,2023-10-01,50
5202,1091,2023-11-01,50
5203,1091,2023-12-01,50
5204,1091,2024-01-01,50
5205,1091,2024-02-01,50
5206,1091,2024-03-01,50
5207,1091,2024-04-01,50
5208,1091,2024-05-01,50
5209,1091,2024-06-01,50
5210,1091,2024-07-01,50
5211,1091,2024-08-01,50
5212,1091,2024-09-01,50
5213,1091,2024-10-01,50
5214,1091,2024-11-01,50
5215,1091,2024-12-01,50
5216,1091,2025-01-01,50
5217,1092,2022-10-01,30
5218,1092,2022-11-01,30
5219,1092,2022-12-01,30
5220,1092,2023-01-01,30
5221,1092,2023-02-01,30
5222,1092,2023-03-01,30
5223,1092,2023-04-01,30
5224,1092,2023-05-01,30
5225,1092,2023-06-01,30
5226,1092,2023-07-01,30
5227,1092,2023-08-01,30
5228,1092,2023-09-01,30
5229,1092,2023-10-01,30
5230,1092,2023-11-01,30
5231,1092,2023-12-01,30
5232,1092,2024-01-01,30
5233,1092,2024-02-01,30
5234,1092,2024-03-01,30
5235,1092,2024-04-01,30
5236,1092,2024-05-01,30
5237,1092,2024-06-01,30
5238,1092,2024-07-01,30
5239,1092,2024-08-01,30
5240,1092,2024-09-01,30
5241,1092,2024-10-01,30
5242,1092,2024-11-01,30
5243,1092,2024-12-01,30
5244,1092,2025-01-01,30
5245,1093,2020-04-01,30
5246,1093,2020-05-01,30
5247,1093,2020-06-01,30
5248,1093,2020-07-01,30
5249,1093,2020-08-01,30
5250,1093,2020-09-01,30
5251,1093,2020-10-01,30
5252,1093,2020-11-01,30
5253,1093,2020-12-01,30
5254,1093,2021-01-01,30
5255,1093,2021-02-01,30
5256,1093,2021-03-01,30
5257,1093,2021-04-01,30
5258,1093,2021-05-01,30
5259,1093,2021-06-01,30
5260,1093,2021-07-01,30
5261,1093,2021-08-01,30
5262,1093,2021-09-01,30
5263,1093,2021-10-01,30
5264,1093,2021-11-01,30
5265,1093,2021-12-01,30
5266,1093,2022-01-01,30
5267,1093,2022-02-01,30
5268,1093,2022-03-01,30
5269,1093,2022-04-01,30
5270,1093,2022-05-01,30
5271,1093,2022-06-01,30
5272,1093,2022-07-01,30
5273,1093,2022-08-01,30
5274,1093,2022-09-01,30
5275,1093,2022-10-01,30
5276,1093,2022-11-01,30
5277,1093,2022-12-01,30
5278,1093,2023-01-01,30
5279,1093,2023-02-01,30
5280,1093,2023-03-01,30
5281,1093,2023-04-01,30
5282,1093,2023-05-01,30
5283,1093,2023-06-01,30
5284,1093,2023-07-01,30
5285,1093,2023-08-01,30
5286,1093,2023-09-01,30
5287,1093,2023-10-01,30
5288,1093,2023-11-01,30
5289,1093,2023-12-01,30
5290,1093,2024-01-01,30
5291,1093,2024-02-01,30
5292,1093,2024-03-01,30
5293,1093,2024-04-01,30
5294,1093,2024-05-01,30
5295,1093,2024-06-01,30
5296,1093,2024-07-01,30
5297,1093,2024-08-01,30
5298,1093,2024-09-01,30
5299,1093,2024-10-01,30
5300,1093,2024-11-01,30
5301,1093,2024-12-01,30
5302,1093,2025-01-01,30
5303,1094,2023-02-01,20
5304,1094,2023-03-01,20
5305,1094,2023-04-01,20
5306,1094,2023-05-01,20
5307,1094,2023-06-01,20
5308,1094,2023-07-01,20
5309,1094,2023-08-01,20
5310,1094,2023-09-01,20
5311,1094,2023-10-01,20
5312,1094,2023-11-01,20
5313,1094,2023-12-01,20
5314,1094,2024-01-01,20
5315,1094,2024-02-01,20
5316,1094,2024-03-01,20
5317,1095,2020-06-01,30
5318,1095,2020-07-01,30
5319,1095,2020-08-01,30
5320,1095,2020-09-01,30
5321,1095,2020-10-01,30
5322,1095,2020-11-01,30
5323,1095,2020-12-01,30
5324,1095,2021-01-01,30
5325,1095,2021-02-01,30
5326,1095,2021-03-01,30
5327,1095,2021-04-01,30
5328,1095,2021-05-01,30
5329,1095,2021-06-01,30
5330,1095,2021-07-01,30
5331,1095,2021-08-01,30
5332,1095,2021-09-01,30
5333,1095,2021-10-01,30
5334,1095,2021-11-01,30
5335,1095,2021-12-01,30
5336,1095,2022-01-01,30
5337,1095,2022-02-01,30
5338,1095,2022-03-01,30
5339,1095,2022-04-01,30
5340,1095,2022-05-01,30
5341,1096,2023-10-01,30
5342,1096,2023-11-01,30
5343,1096,2023-12-01,30
5344,1096,2024-01-01,30
5345,1096,2024-02-01,30
5346,1096,2024-03-01,30
5347,1096,2024-04-01,30
5348,1096,2024-05-01,30
5349,1096,2024-06-01,30
5350,1096,2024-07-01,30
5351,1096,2024-08-01,30
5352,1096,2024-09-01,30
5353,1096,2024-10-01,30
5354,1096,2024-11-01,30
5355,1096,2024-12-01,30
5356,1096,2025-01-01,30
5357,1097,2023-04-01,50
5358,1097,2023-05-01,50
5359,1097,2023-06-01,50
5360,1097,2023-07-01,50
5361,1097,2023-08-01,50
5362,1097,2023-09-01,50
5363,1097,2023-10-01,50
5364,1097,2023-11-01,50
5365,1097,2023-12-01,50
5366,1097,2024-01-01,50
5367,1097,2024-02-01,50
5368,1097,2024-03-01,50
5369,1097,2024-04-01,50
5370,1097,2024-05-01,50
5371,1097,2024-06-01,50
5372,1097,2024-07-01,50
5373,1097,2024-08-01,50
5374,1097,2024-09-01,50
5375,1097,2024-10-01,50
5376,1097,2024-11-01,50
5377,1097,2024-12-01,50
5378,1097,2025-01-01,50
5379,1098,2020-08-01,50
5380,1098,2020-09-01,50
5381,1098,2020-10-01,50
5382,1098,2020-11-01,50
5383,1098,2020-12-01,50
5384,1098,2021-01-01,50
5385,1098,2021-02-01,50
5386,1098,2021-03-01,50
5387,1098,2021-04-01,50
5388,1098,2021-05-01,50
5389,1098,2021-06-01,50
5390,1098,2021-07-01,50
5391,1098,2021-08-01,50
5392,1098,2021-09-01,50
5393,1098,2021-10-01,50
5394,1098,2021-11-01,50
5395,1098,2021-12-01,50
5396,1098,2022-01-01,50
5397,1098,2022-02-01,50
5398,1098,2022-03-01,50
5399,1098,2022-04-01,50
5400,1098,2022-05-01,50
5401,1098,2022-06-01,50
5402,1098,2022-07-01,50
5403,1098,2022-08-01,50
5404,1098,2022-09-01,50
5405,1098,2022-10-01,50
5406,1098,2022-11-01,50
5407,1098,2022-12-01,50
5408,1098,2023-01-01,50
5409,1098,2023-02-01,50
5410,1098,2023-03-01,50
5411,1098,2023-04-01,50
5412,1098,2023-05-01,50
5413,1098,2023-06-01,50
5414,1098,2023-07-01,50
5415,1098,2023-08-01,50
5416,1098,2023-09-01,50
5417,1098,2023-10-01,50
5418,1098,2023-11-01,50
5419,1098,2023-12-01,50
5420,1098,2024-01-01,50
5421,1098,2024-02-01,50
5422,1098,2024-03-01,50
5423,1098,2024-04-01,50
5424,1098,2024-05-01,50
5425,1098,2024-06-01,50
5426,1098,2024-07-01,50
5427,1098,2024-08-01,50
5428,1098,2024-09-01,50
5429,1098,2024-10-01,50
5430,1098,2024-11-01,50
5431,1098,2024-12-01,50
5432,1098,2025-01-01,50
5433,1099,2024-03-01,30
5434,1099,2024-04-01,30
5435,1099,2024-05-01,30
5436,1099,2024-06-01,30
5437,1099,2024-07-01,30
5438,1099,2024-08-01,30
5439,1099,2024-09-01,30
5440,1099,2024-10-01,30
5441,1099,2024-11-01,30
5442,1099,2024-12-01,30
5443,1099,2025-01-01,30
5444,1100,2022-06-01,30
5445,1100,2022-07-01,30
5446,1100,2022-08-01,30
5447,1100,2022-09-01,30
5448,1100,2022-10-01,30
5449,1100,2022-11-01,30
5450,1100,2022-12-01,30
5451,1100,2023-01-01,30
5452,1100,2023-02-01,30
5453,1100,2023-03-01,30
5454,1100,2023-04-01,30
5455,1100,2023-05-01,30
5456,1100,2023-06-01,30
5457,1100,2023-07-01,30
5458,1100,2023-08-01,30
5459,1101,2020-10-01,30
5460,1101,2020-11-01,30
5461,1101,2020-12-01,30
5462,1101,2021-01-01,30
5463,1101,2021-02-01,30
5464,1101,2021-03-01,30
5465,1101,2021-04-01,30
5466,1101,2021-05-01,30
5467,1101,2021-06-01,30
5468,1101,2021-07-01,30
5469,1101,2021-08-01,30
5470,1101,2021-09-01,30
5471,1101,2021-10-01,30
5472,1101,2021-11-01,30
5473,1101,2021-12-01,30
5474,1101,2022-01-01,30
5475,1101,2022-02-01,30
5476,1101,2022-03-01,30
5477,1101,2022-04-01,30
5478,1101,2022-05-01,30
5479,1101,2022-06-01,30
5480,1101,2022-07-01,30
5481,1101,2022-08-01,30
5482,1101,2022-09-01,30
5483,1101,2022-10-01,30
5484,1101,2022-11-01,30
5485,1101,2022-12-01,30
5486,1101,2023-01-01,30
5487,1101,2023-02-01,30
5488,1101,2023-03-01,30
5489,1101,2023-04-01,30
5490,1101,2023-05-01,30
5491,1101,2023-06-01,30
5492,1101,2023-07-01,30
5493,1101,2023-08-01,30
5494,1101,2023-09-01,30
5495,1101,2023-10-01,30
5496,1101,2023-11-01,30
5497,1101,2023-12-01,30
5498,1101,2024-01-01,30
5499,1101,2024-02-01,30
5500,1101,2024-03-01,30
5501,1101,2024-04-01,30
5502,1101,2024-05-01,30
5503,1101,2024-06-01,30
5504,1101,2024-07-01,30
5505,1101,2024-08-01,30
5506,1101,2024-09-01,30
5507,1101,2024-10-01,30
5508,1101,2024-11-01,30
5509,1101,2024-12-01,30
5510,1101,2025-01-01,30
5511,1102,2023-02-01,30
5512,1102,2023-03-01,30
5513,1102,2023-04-01,30
5514,1102,2023-05-01,30
5515,1102,2023-06-01,30
5516,1102,2023-07-01,30
5517,1102,2023-08-01,30
5518,1102,2023-09-01,30
5519,1102,2023-10-01,30
5520,1102,2023-11-01,30
5521,1102,2023-12-01,30
5522,1102,2024-01-01,30
5523,1102,2024-02-01,30
5524,1102,2024-03-01,30
5525,1102,2024-04-01,30
5526,1102,2024-05-01,30
5527,1102,2024-06-01,30
5528,1102,2024-07-01,30
5529,1102,2024-08-01,30
5530,1103,2021-03-01,30
5531,1103,2021-04-01,30
5532,1103,2021-05-01,30
5533,1103,2021-06-01,30
5534,1103,2021-07-01,30
5535,1103,2021-08-01,30
5536,1103,2021-09-01,30
5537,1103,2021-10-01,30
5538,1103,2021-11-01,30
5539,1103,2021-12-01,30
5540,1103,2022-01-01,30
5541,1103,2022-02-01,30
5542,1103,2022-03-01,30
5543,1103,2022-04-01,30
5544,1103,2022-05-01,30
5545,1103,2022-06-01,30
5546,1103,2022-07-01,30
5547,1103,2022-08-01,30
5548,1103,2022-09-01,30
5549,1103,2022-10-01,30
5550,1103,2022-11-01,30
5551,1103,2022-12-01,30
5552,1103,2023-01-01,30
5553,1103,2023-02-01,30
5554,1103,2023-03-01,30
5555,1103,2023-04-01,30
5556,1103,2023-05-01,30
5557,1103,2023-06-01,30
5558,1103,2023-07-01,30
5559,1103,2023-08-01,30
5560,1103,2023-09-01,30
5561,1103,2023-10-01,30
5562,1103,2023-11-01,30
5563,1103,2023-12-01,30
5564,1103,2024-01-01,30
5565,1103,2024-02-01,30
5566,1103,2024-03-01,30
5567,1103,2024-04-01,30
5568,1103,2024-05-01,30
5569,1103,2024-06-01,30
5570,1103,2024-07-01,30
5571,1103,2024-08-01,30
5572,1103,2024-09-01,30
5573,1103,2024-10-01,30
5574,1103,2024-11-01,30
5575,1103,2024-12-01,30
5576,1103,2025-01-01,30
5577,1104,2022-03-01,20
5578,1104,2022-04-01,20
5579,1104,2022-05-01,20
5580,1104,2022-06-01,20
5581,1104,2022-07-01,20
5582,1104,2022-08-01,20
5583,1104,2022-09-01,20
5584,1104,2022-10-01,20
5585,1104,2022-11-01,20
5586,1104,2022-12-01,20
5587,1104,2023-01-01,20
5588,1104,2023-02-01,20
5589,1105,2021-09-01,20
5590,1105,2021-10-01,20
5591,1105,2021-11-01,20
5592,1105,2021-12-01,20
5593,1105,2022-01-01,20
5594,1105,2022-02-01,20
5595,1105,2022-03-01,20
5596,1105,2022-04-01,20
5597,1105,2022-05-01,20
5598,1105,2022-06-01,20
5599,1105,2022-07-01,20
5600,1105,2022-08-01,20
5601,1105,2022-09-01,20
5602,1105,2022-10-01,20
5603,1105,2022-11-01,20
5604,1105,2022-12-01,20
5605,1105,2023-01-01,20
5606,1105,2023-02-01,20
5607,1105,2023-03-01,20
5608,1105,2023-04-01,20
5609,1105,2023-05-01,20
5610,1105,2023-06-01,20
5611,1105,2023-07-01,20
5612,1105,2023-08-01,20
5613,1105,2023-09-01,20
5614,1105,2023-10-01,20
5615,1105,2023-11-01,20
5616,1105,2023-12-01,20
5617,1105,2024-01-01,20
5618,1105,2024-02-01,20
5619,1105,2024-03-01,20
5620,1105,2024-04-01,20
5621,1105,2024-05-01,20
5622,1105,2024-06-01,20
5623,1105,2024-07-01,20
5624,1105,2024-08-01,20
5625,1105,2024-09-01,20
5626,1105,2024-10-01,20
5627,1105,2024-11-01,20
5628,1105,2024-12-01,20
5629,1105,2025-01-01,20
5630,1106,2023-08-01,50
5631,1106,2023-09-01,50
5632,1106,2023-10-01,50
5633,1106,2023-11-01,50
5634,1106,2023-12-01,50
5635,1106,2024-01-01,50
5636,1106,2024-02-01,50
5637,1106,2024-03-01,50
5638,1106,2024-04-01,50
5639,1106,2024-05-01,50
5640,1106,2024-06-01,50
5641,1106,2024-07-01,50
5642,1106,2024-08-01,50
5643,1106,2024-09-01,50
5644,1106,2024-10-01,50
5645,1106,2024-11-01,50
5646,1106,2024-12-01,50
5647,1106,2025-01-01,50
5648,1107,2024-12-01,30
5649,1107,2025-01-01,30
5650,1108,2024-07-01,50
5651,1108,2024-08-01,50
5652,1108,2024-09-01,50
5653,1108,2024-10-01,50
5654,1108,2024-11-01,50
5655,1108,2024-12-01,50
5656,1108,2025-01-01,50
5657,1109,2024-05-01,30
5658,1109,2024-06-01,30
5659,1109,2024-07-01,30
5660,1109,2024-08-01,30
5661,1109,2024-09-01,30
5662,1109,2024-10-01,30
5663,1109,2024-11-01,30
5664,1109,2024-12-01,30
5665,1109,2025-01-01,30
5666,1110,2022-03-01,20
5667,1110,2022-04-01,20
5668,1110,2022-05-01,20
5669,1110,2022-06-01,20
5670,1110,2022-07-01,20
5671,1110,2022-08-01,20
5672,1110,2022-09-01,20
5673,1110,2022-10-01,20
5674,1110,2022-11-01,20
5675,1110,2022-12-01,20
5676,1110,2023-01-01,20
5677,1110,2023-02-01,20
5678,1110,2023-03-01,20
5679,1110,2023-04-01,20
5680,1110,2023-05-01,20
5681,1110,2023-06-01,20
5682,1110,2023-07-01,20
5683,1111,2020-05-01,50
5684,1111,2020-06-01,50
5685,1111,2020-07-01,50
5686,1111,2020-08-01,50
5687,1111,2020-09-01,50
5688,1111,2020-10-01,50
5689,1111,2020-11-01,50
5690,1111,2020-12-01,50
5691,1111,2021-01-01,50
5692,1111,2021-02-01,50
5693,1111,2021-03-01,50
5694,1111,2021-04-01,50
5695,1111,2021-05-01,50
5696,1111,2021-06-01,50
5697,1111,2021-07-01,50
5698,1111,2021-08-01,50
5699,1111,2021-09-01,50
5700,1111,2021-10-01,50
5701,1111,2021-11-01,50
5702,1111,2021-12-01,50
5703,1111,2022-01-01,50
5704,1111,2022-02-01,50
5705,1111,2022-03-01,50
5706,1111,2022-04-01,50
5707,1111,2022-05-01,50
5708,1111,2022-06-01,50
5709,1111,2022-07-01,50
5710,1111,2022-08-01,50
5711,1111,2022-09-01,50
5712,1111,2022-10-01,50
5713,1111,2022-11-01,50
5714,1111,2022-12-01,50
5715,1111,2023-01-01,50
5716,1111,2023-02-01,50
5717,1111,2023-03-01,50
5718,1111,2023-04-01,50
5719,1111,2023-05-01,50
5720,1111,2023-06-01,50
5721,1111,2023-07-01,50
5722,1111,2023-08-01,50
5723,1111,2023-09-01,50
5724,1111,2023-10-01,50
5725,1111,2023-11-01,50
5726,1111,2023-12-01,50
5727,1111,2024-01-01,50
5728,1111,2024-02-01,50
5729,1111,2024-03-01,50
5730,1111,2024-04-01,50
5731,1111,2024-05-01,50
5732,1111,2024-06-01,50
5733,1111,2024-07-01,50
5734,1111,2024-08-01,50
5735,1111,2024-09-01,50
5736,1111,2024-10-01,50
5737,1111,2024-11-01,50
5738,1111,2024-12-01,50
5739,1111,2025-01-01,50
5740,1112,2023-11-01,30
5741,1112,2023-12-01,30
5742,1112,2024-01-01,30
5743,1112,2024-02-01,30
5744,1112,2024-03-01,30
5745,1112,2024-04-01,30
5746,1112,2024-05-01,30
5747,1112,2024-06-01,30
5748,1112,2024-07-01,30
5749,1112,2024-08-01,30
5750,1112,2024-09-01,30
5751,1112,2024-10-01,30
5752,1112,2024-11-01,30
5753,1112,2024-12-01,30
5754,1112,2025-01-01,30
5755,1113,2023-12-01,30
5756,1113,2024-01-01,30
5757,1113,2024-02-01,30
5758,1113,2024-03-01,30
5759,1113,2024-04-01,30
5760,1113,2024-05-01,30
5761,1113,2024-06-01,30
5762,1113,2024-07-01,30
5763,1113,2024-08-01,30
5764,1113,2024-09-01,30
5765,1113,2024-10-01,30
5766,1113,2024-11-01,30
5767,1113,2024-12-01,30
5768,1113,2025-01-01,30
5769,1114,2022-04-01,20
5770,1114,2022-05-01,20
5771,1114,2022-06-01,20
5772,1114,2022-07-01,20
5773,1114,2022-08-01,20
5774,1114,2022-09-01,20
5775,1114,2022-10-01,20
5776,1114,2022-11-01,20
5777,1114,2022-12-01,20
5778,1114,2023-01-01,20
5779,1114,2023-02-01,20
5780,1114,2023-03-01,20
5781,1114,2023-04-01,20
5782,1114,2023-05-01,20
5783,1114,2023-06-01,20
5784,1114,2023-07-01,20
5785,1114,2023-08-01,20
5786,1115,2023-06-01,30
5787,1115,2023-07-01,30
5788,1115,2023-08-01,30
5789,1115,2023-09-01,30
5790,1115,2023-10-01,30
5791,1115,2023-11-01,30
5792,1115,2023-12-01,30
5793,1115,2024-01-01,30
5794,1115,2024-02-01,30
5795,1115,2024-03-01,30
5796,1115,2024-04-01,30
5797,1115,2024-05-01,30
5798,1115,2024-06-01,30
5799,1115,2024-07-01,30
5800,1115,2024-08-01,30
5801,1115,2024-09-01,30
5802,1115,2024-10-01,30
5803,1115,2024-11-01,30
5804,1115,2024-12-01,30
5805,1115,2025-01-01,30
5806,1116,2022-04-01,50
5807,1116,2022-05-01,50
5808,1116,2022-06-01,50
5809,1116,2022-07-01,50
5810,1116,2022-08-01,50
5811,1116,2022-09-01,50
5812,1116,2022-10-01,50
5813,1116,2022-11-01,50
5814,1116,2022-12-01,50
5815,1116,2023-01-01,50
5816,1116,2023-02-01,50
5817,1116,2023-03-01,50
5818,1116,2023-04-01,50
5819,1116,2023-05-01,50
5820,1116,2023-06-01,50
5821,1116,2023-07-01,50
5822,1116,2023-08-01,50
5823,1116,2023-09-01,50
5824,1116,2023-10-01,50
5825,1116,2023-11-01,50
5826,1116,2023-12-01,50
5827,1116,2024-01-01,50
5828,1116,2024-02-01,50
5829,1116,2024-03-01,50
5830,1116,2024-04-01,50
5831,1116,2024-05-01,50
5832,1116,2024-06-01,50
5833,1116,2024-07-01,50
5834,1116,2024-08-01,50
5835,1116,2024-09-01,50
5836,1116,2024-10-01,50
5837,1116,2024-11-01,50
5838,1116,2024-12-01,50
5839,1116,2025-01-01,50
5840,1117,2021-03-01,30
5841,1117,2021-04-01,30
5842,1117,2021-05-01,30
5843,1117,2021-06-01,30
5844,1117,2021-07-01,30
5845,1117,2021-08-01,30
5846,1117,2021-09-01,30
5847,1117,2021-10-01,30
5848,1117,2021-11-01,30
5849,1117,2021-12-01,30
5850,1117,2022-01-01,30
5851,1117,2022-02-01,30
5852,1117,2022-03-01,30
5853,1117,2022-04-01,30
5854,1117,2022-05-01,30
5855,1117,2022-06-01,30
5856,1117,2022-07-01,30
5857,1117,2022-08-01,30
5858,1117,2022-09-01,30
5859,1117,2022-10-01,30
5860,1117,2022-11-01,30
5861,1117,2022-12-01,30
5862,1117,2023-01-01,30
5863,1117,2023-02-01,30
5864,1117,2023-03-01,30
5865,1117,2023-04-01,30
5866,1117,2023-05-01,30
5867,1117,2023-06-01,30
5868,1117,2023-07-01,30
5869,1117,2023-08-01,30
5870,1117,2023-09-01,30
5871,1117,2023-10-01,30
5872,1117,2023-11-01,30
5873,1117,2023-12-01,30
5874,1117,2024-01-01,30
5875,1117,2024-02-01,30
5876,1117,2024-03-01,30
5877,1117,2024-04-01,30
5878,1117,2024-05-01,30
5879,1117,2024-06-01,30
5880,1117,2024-07-01,30
5881,1117,2024-08-01,30
5882,1117,2024-09-01,30
5883,1117,2024-10-01,30
5884,1117,2024-11-01,30
5885,1117,2024-12-01,30
5886,1117,2025-01-01,30
5887,1118,2020-06-01,30
5888,1118,2020-07-01,30
5889,1118,2020-08-01,30
5890,1118,2020-09-01,30
5891,1118,2020-10-01,30
5892,1118,2020-11-01,30
5893,1118,2020-12-01,30
5894,1118,2021-01-01,30
5895,1118,2021-02-01,30
5896,1118,2021-03-01,30
5897,1118,2021-04-01,30
5898,1118,2021-05-01,30
5899,1118,2021-06-01,30
5900,1118,2021-07-01,30
5901,1118,2021-08-01,30
5902,1118,2021-09-01,30
5903,1118,2021-10-01,30
5904,1118,2021-11-01,30
5905,1118,2021-12-01,30
5906,1118,2022-01-01,30
5907,1118,2022-02-01,30
5908,1118,2022-03-01,30
5909,1118,2022-04-01,30
5910,1118,2022-05-01,30
5911,1118,2022-06-01,30
5912,1118,2022-07-01,30
5913,1118,2022-08-01,30
5914,1118,2022-09-01,30
5915,1118,2022-10-01,30
5916,1118,2022-11-01,30
5917,1118,2022-12-01,30
5918,1118,2023-01-01,30
5919,1118,2023-02-01,30
5920,1118,2023-03-01,30
5921,1118,2023-04-01,30
5922,1118,2023-05-01,30
5923,1118,2023-06-01,30
5924,1118,2023-07-01,30
5925,1118,2023-08-01,30
5926,1118,2023-09-01,30
5927,1118,2023-10-01,30
5928,1118,2023-11-01,30
5929,1118,2023-12-01,30
5930,1118,2024-01-01,30
5931,1118,2024-02-01,30
5932,1118,2024-03-01,30
5933,1118,2024-04-01,30
5934,1118,2024-05-01,30
5935,1118,2024-06-01,30
5936,1118,2024-07-01,30
5937,1118,2024-08-01,30
5938,1118,2024-09-01,30
5939,1118,2024-10-01,30
5940,1118,2024-11-01,30
5941,1118,2024-12-01,30
5942,1118,2025-01-01,30
5943,1119,2021-03-01,50
5944,1119,2021-04-01,50
5945,1119,2021-05-01,50
5946,1119,2021-06-01,50
5947,1119,2021-07-01,50
5948,1119,2021-08-01,50
5949,1119,2021-09-01,50
5950,1119,2021-10-01,50
5951,1119,2021-11-01,50
5952,1119,2021-12-01,50
5953,1119,2022-01-01,50
5954,1119,2022-02-01,50
5955,1119,2022-03-01,50
5956,1119,2022-04-01,50
5957,1119,2022-05-01,50
5958,1119,2022-06-01,50
5959,1119,2022-07-01,50
5960,1119,2022-08-01,50
5961,1119,2022-09-01,50
5962,1119,2022-10-01,50
5963,1119,2022-11-01,50
5964,1119,2022-12-01,50
5965,1119,2023-01-01,50
5966,1119,2023-02-01,50
5967,1119,2023-03-01,50
5968,1119,2023-04-01,50
5969,1119,2023-05-01,50
5970,1119,2023-06-01,50
5971,1119,2023-07-01,50
5972,1119,2023-08-01,50
5973,1119,2023-09-01,50
5974,1119,2023-10-01,50
5975,1119,2023-11-01,50
5976,1119,2023-12-01,50
5977,1119,2024-01-01,50
5978,1119,2024-02-01,50
5979,1119,2024-03-01,50
5980,1119,2024-04-01,50
5981,1119,2024-05-01,50
5982,1119,2024-06-01,50
5983,1119,2024-07-01,50
5984,1119,2024-08-01,50
5985,1119,2024-09-01,50
5986,1119,2024-10-01,50
5987,1119,2024-11-01,50
5988,1119,2024-12-01,50
5989,1119,2025-01-01,50
5990,1120,2023-07-01,30
5991,1120,2023-08-01,30
5992,1120,2023-09-01,30
5993,1120,2023-10-01,30
5994,1120,2023-11-01,30
5995,1120,2023-12-01,30
5996,1120,2024-01-01,30
5997,1120,2024-02-01,30
5998,1120,2024-03-01,30
5999,1120,2024-04-01,30
6000,1120,2024-05-01,30
6001,1120,2024-06-01,30
6002,1120,2024-07-01,30
6003,1120,2024-08-01,30
6004,1120,2024-09-01,30
6005,1120,2024-10-01,30
6006,1120,2024-11-01,30
6007,1120,2024-12-01,30
6008,1120,2025-01-01,30
6009,1121,2024-10-01,50
6010,1121,2024-11-01,50
6011,1121,2024-12-01,50
6012,1121,2025-01-01,50
6013,1122,2023-01-01,50
6014,1122,2023-02-01,50
6015,1122,2023-03-01,50
6016,1122,2023-04-01,50
6017,1122,2023-05-01,50
6018,1122,2023-06-01,50
6019,1122,2023-07-01,50
6020,1122,2023-08-01,50
6021,1122,2023-09-01,50
6022,1122,2023-10-01,50
6023,1122,2023-11-01,50
6024,1122,2023-12-01,50
6025,1122,2024-01-01,50
6026,1122,2024-02-01,50
6027,1122,2024-03-01,50
6028,1122,2024-04-01,50
6029,1122,2024-05-01,50
6030,1122,2024-06-01,50
6031,1122,2024-07-01,50
6032,1122,2024-08-01,50
6033,1122,2024-09-01,50
6034,1122,2024-10-01,50
6035,1122,2024-11-01,50
6036,1122,2024-12-01,50
6037,1122,2025-01-01,50
6038,1123,2024-03-01,30
6039,1123,2024-04-01,30
6040,1123,2024-05-01,30
6041,1123,2024-06-01,30
6042,1123,2024-07-01,30
6043,1123,2024-08-01,30
6044,1123,2024-09-01,30
6045,1123,2024-10-01,30
6046,1123,2024-11-01,30
6047,1123,2024-12-01,30
6048,1123,2025-01-01,30
6049,1124,2024-08-01,50
6050,1124,2024-09-01,50
6051,1124,2024-10-01,50
6052,1124,2024-11-01,50
6053,1124,2024-12-01,50
6054,1124,2025-01-01,50
6055,1125,2024-10-01,30
6056,1125,2024-11-01,30
6057,1125,2024-12-01,30
6058,1125,2025-01-01,30
6059,1126,2024-06-01,30
6060,1126,2024-07-01,30
6061,1126,2024-08-01,30
6062,1126,2024-09-01,30
6063,1126,2024-10-01,30
6064,1126,2024-11-01,30
6065,1126,2024-12-01,30
6066,1126,2025-01-01,30
6067,1127,2022-03-01,20
6068,1127,2022-04-01,20
6069,1127,2022-05-01,20
6070,1127,2022-06-01,20
6071,1127,2022-07-01,20
6072,1127,2022-08-01,20
6073,1127,2022-09-01,20
6074,1127,2022-10-01,20
6075,1127,2022-11-01,20
6076,1127,2022-12-01,20
6077,1127,2023-01-01,20
6078,1127,2023-02-01,20
6079,1127,2023-03-01,20
6080,1127,2023-04-01,20
6081,1127,2023-05-01,20
6082,1127,2023-06-01,20
6083,1127,2023-07-01,20
6084,1127,2023-08-01,20
6085,1127,2023-09-01,20
6086,1127,2023-10-01,20
6087,1127,2023-11-01,20
6088,1127,2023-12-01,20
6089,1127,2024-01-01,20
6090,1127,2024-02-01,20
6091,1127,2024-03-01,20
6092,1127,2024-04-01,20
6093,1127,2024-05-01,20
6094,1127,2024-06-01,20
6095,1127,2024-07-01,20
6096,1127,2024-08-01,20
6097,1127,2024-09-01,20
6098,1127,2024-10-01,20
6099,1127,2024-11-01,20
6100,1127,2024-12-01,20
6101,1127,2025-01-01,20
6102,1128,2021-05-01,30
6103,1128,2021-06-01,30
6104,1128,2021-07-01,30
6105,1128,2021-08-01,30
6106,1128,2021-09-01,30
6107,1128,2021-10-01,30
6108,1128,2021-11-01,30
6109,1128,2021-12-01,30
6110,1128,2022-01-01,30
6111,1128,2022-02-01,30
6112,1128,2022-03-01,30
6113,1128,2022-04-01,30
6114,1128,2022-05-01,30
6115,1128,2022-06-01,30
6116,1128,2022-07-01,30
6117,1128,2022-08-01,30
6118,1128,2022-09-01,30
6119,1128,2022-10-01,30
6120,1128,2022-11-01,30
6121,1128,2022-12-01,30
6122,1128,2023-01-01,30
6123,1128,2023-02-01,30
6124,1128,2023-03-01,30
6125,1128,2023-04-01,30
6126,1128,2023-05-01,30
6127,1128,2023-06-01,30
6128,1128,2023-07-01,30
6129,1128,2023-08-01,30
6130,1128,2023-09-01,30
6131,1128,2023-10-01,30
6132,1128,2023-11-01,30
6133,1128,2023-12-01,30
6134,1128,2024-01-01,30
6135,1128,2024-02-01,30
6136,1128,2024-03-01,30
6137,1128,2024-04-01,30
6138,1128,2024-05-01,30
6139,1128,2024-06-01,30
6140,1128,2024-07-01,30
6141,1128,2024-08-01,30
6142,1128,2024-09-01,30
6143,1128,2024-10-01,30
6144,1128,2024-11-01,30
6145,1128,2024-12-01,30
6146,1128,2025-01-01,30
6147,1129,2021-07-01,50
6148,1129,2021-08-01,50
6149,1129,2021-09-01,50
6150,1129,2021-10-01,50
6151,1129,2021-11-01,50
6152,1129,2021-12-01,50
6153,1129,2022-01-01,50
6154,1129,2022-02-01,50
6155,1129,2022-03-01,50
6156,1129,2022-04-01,50
6157,1129,2022-05-01,50
6158,1129,2022-06-01,50
6159,1129,2022-07-01,50
6160,1129,2022-08-01,50
6161,1129,2022-09-01,50
6162,1129,2022-10-01,50
6163,1129,2022-11-01,50
6164,1129,2022-12-01,50
6165,1129,2023-01-01,50
6166,1129,2023-02-01,50
6167,1129,2023-03-01,50
6168,1129,2023-04-01,50
6169,1130,2020-07-01,50
6170,1130,2020-08-01,50
6171,1130,2020-09-01,50
6172,1130,2020-10-01,50
6173,1130,2020-11-01,50
6174,1130,2020-12-01,50
6175,1130,2021-01-01,50
6176,1130,2021-02-01,50
6177,1130,2021-03-01,50
6178,1130,2021-04-01,50
6179,1130,2021-05-01,50
6180,1130,2021-06-01,50
6181,1130,2021-07-01,50
6182,1130,2021-08-01,50
6183,1130,2021-09-01,50
6184,1130,2021-10-01,50
6185,1130,2021-11-01,50
6186,1130,2021-12-01,50
6187,1130,2022-01-01,50
6188,1130,2022-02-01,50
6189,1130,2022-03-01,50
6190,1130,2022-04-01,50
6191,1130,2022-05-01,50
6192,1130,2022-06-01,50
6193,1130,2022-07-01,50
6194,1130,2022-08-01,50
6195,1130,2022-09-01,50
6196,1130,2022-10-01,50
6197,1130,2022-11-01,50
6198,1130,2022-12-01,50
6199,1130,2023-01-01,50
6200,1130,2023-02-01,50
6201,1130,2023-03-01,50
6202,1130,2023-04-01,50
6203,1130,2023-05-01,50
6204,1130,2023-06-01,50
6205,1130,2023-07-01,50
6206,1130,2023-08-01,50
6207,1130,2023-09-01,50
6208,1130,2023-10-01,50
6209,1130,2023-11-01,50
6210,1130,2023-12-01,50
6211,1130,2024-01-01,50
6212,1130,2024-02-01,50
6213,1130,2024-03-01,50
6214,1130,2024-04-01,50
6215,1130,2024-05-01,50
6216,1130,2024-06-01,50
6217,1130,2024-07-01,50
6218,1130,2024-08-01,50
6219,1130,2024-09-01,50
6220,1130,2024-10-01,50
6221,1130,2024-11-01,50
6222,1130,2024-12-01,50
6223,1130,2025-01-01,50
6224,1131,2020-04-01,30
6225,1131,2020-05-01,30
6226,1131,2020-06-01,30
6227,1131,2020-07-01,30
6228,1131,2020-08-01,30
6229,1131,2020-09-01,30
6230,1131,2020-10-01,30
6231,1131,2020-11-01,30
6232,1131,2020-12-01,30
6233,1131,2021-01-01,30
6234,1131,2021-02-01,30
6235,1131,2021-03-01,30
6236,1131,2021-04-01,30
6237,1131,2021-05-01,30
6238,1131,2021-06-01,30
6239,1131,2021-07-01,30
6240,1131,2021-08-01,30
6241,1131,2021-09-01,30
6242,1131,2021-10-01,30
6243,1131,2021-11-01,30
6244,1131,2021-12-01,30
6245,1131,2022-01-01,30
6246,1131,2022-02-01,30
6247,1131,2022-03-01,30
6248,1131,2022-04-01,30
6249,1131,2022-05-01,30
6250,1131,2022-06-01,30
6251,1131,2022-07-01,30
6252,1131,2022-08-01,30
6253,1131,2022-09-01,30
6254,1131,2022-10-01,30
6255,1131,2022-11-01,30
6256,1131,2022-12-01,30
6257,1131,2023-01-01,30
6258,1131,2023-02-01,30
6259,1131,2023-03-01,30
6260,1131,2023-04-01,30
6261,1131,2023-05-01,30
6262,1131,2023-06-01,30
6263,1131,2023-07-01,30
6264,1131,2023-08-01,30
6265,1131,2023-09-01,30
6266,1131,2023-10-01,30
6267,1131,2023-11-01,30
6268,1131,2023-12-01,30
6269,1131,2024-01-01,30
6270,1131,2024-02-01,30
6271,1131,2024-03-01,30
6272,1131,2024-04-01,30
6273,1131,2024-05-01,30
6274,1131,2024-06-01,30
6275,1131,2024-07-01,30
6276,1131,2024-08-01,30
6277,1131,2024-09-01,30
6278,1131,2024-10-01,30
6279,1131,2024-11-01,30
6280,1131,2024-12-01,30
6281,1131,2025-01-01,30
6282,1132,2022-10-01,20
6283,1132,2022-11-01,20
6284,1132,2022-12-01,20
6285,1132,2023-01-01,20
6286,1132,2023-02-01,20
6287,1133,2024-04-01,50
6288,1133,2024-05-01,50
6289,1133,2024-06-01,50
6290,1133,2024-07-01,50
6291,1133,2024-08-01,50
6292,1133,2024-09-01,50
6293,1133,2024-10-01,50
6294,1133,2024-11-01,50
6295,1133,2024-12-01,50
6296,1133,2025-01-01,50
6297,1134,2021-04-01,20
6298,1134,2021-05-01,20
6299,1134,2021-06-01,20
6300,1134,2021-07-01,20
6301,1134,2021-08-01,20
6302,1134,2021-09-01,20
6303,1134,2021-10-01,20
6304,1134,2021-11-01,20
6305,1134,2021-12-01,20
6306,1134,2022-01-01,20
6307,1134,2022-02-01,20
6308,1134,2022-03-01,20
6309,1134,2022-04-01,20
6310,1134,2022-05-01,20
6311,1134,2022-06-01,20
6312,1134,2022-07-01,20
6313,1134,2022-08-01,20
6314,1134,2022-09-01,20
6315,1134,2022-10-01,20
6316,1134,2022-11-01,20
6317,1134,2022-12-01,20
6318,1134,2023-01-01,20
6319,1134,2023-02-01,20
6320,1134,2023-03-01,20
6321,1134,2023-04-01,20
6322,1134,2023-05-01,20
6323,1134,2023-06-01,20
6324,1134,2023-07-01,20
6325,1134,2023-08-01,20
6326,1134,2023-09-01,20
6327,1134,2023-10-01,20
6328,1134,2023-11-01,20
6329,1134,2023-12-01,20
6330,1134,2024-01-01,20
6331,1134,2024-02-01,20
6332,1134,2024-03-01,20
6333,1134,2024-04-01,20
6334,1134,2024-05-01,20
6335,1134,2024-06-01,20
6336,1134,2024-07-01,20
6337,1134,2024-08-01,20
6338,1134,2024-09-01,20
6339,1134,2024-10-01,20
6340,1134,2024-11-01,20
6341,1134,2024-12-01,20
6342,1134,2025-01-01,20
6343,1135,2024-11-01,50
6344,1135,2024-12-01,50
6345,1135,2025-01-01,50
6346,1136,2021-09-01,30
6347,1136,2021-10-01,30
6348,1136,2021-11-01,30
6349,1136,2021-12-01,30
6350,1136,2022-01-01,30
6351,1136,2022-02-01,30
6352,1136,2022-03-01,30
6353,1137,2024-08-01,20
6354,1137,2024-09-01,20
6355,1137,2024-10-01,20
6356,1137,2024-11-01,20
6357,1137,2024-12-01,20
6358,1137,2025-01-01,20
6359,1138,2021-06-01,20
6360,1138,2021-07-01,20
6361,1138,2021-08-01,20
6362,1138,2021-09-01,20
6363,1138,2021-10-01,20
6364,1138,2021-11-01,20
6365,1138,2021-12-01,20
6366,1138,2022-01-01,20
6367,1138,2022-02-01,20
6368,1138,2022-03-01,20
6369,1138,2022-04-01,20
6370,1138,2022-05-01,20
6371,1138,2022-06-01,20
6372,1138,2022-07-01,20
6373,1138,2022-08-01,20
6374,1138,2022-09-01,20
6375,1138,2022-10-01,20
6376,1138,2022-11-01,20
6377,1138,2022-12-01,20
6378,1138,2023-01-01,20
6379,1138,2023-02-01,20
6380,1138,2023-03-01,20
6381,1138,2023-04-01,20
6382,1138,2023-05-01,20
6383,1138,2023-06-01,20
6384,1138,2023-07-01,20
6385,1138,2023-08-01,20
6386,1138,2023-09-01,20
6387,1138,2023-10-01,20
6388,1138,2023-11-01,20
6389,1138,2023-12-01,20
6390,1138,2024-01-01,20
6391,1138,2024-02-01,20
6392,1138,2024-03-01,20
6393,1138,2024-04-01,20
6394,1138,2024-05-01,20
6395,1138,2024-06-01,20
6396,1138,2024-07-01,20
6397,1138,2024-08-01,20
6398,1138,2024-09-01,20
6399,1138,2024-10-01,20
6400,1138,2024-11-01,20
6401,1138,2024-12-01,20
6402,1138,2025-01-01,20
6403,1139,2023-05-01,20
6404,1139,2023-06-01,20
6405,1139,2023-07-01,20
6406,1139,2023-08-01,20
6407,1139,2023-09-01,20
6408,1139,2023-10-01,20
6409,1139,2023-11-01,20
6410,1139,2023-12-01,20
6411,1139,2024-01-01,20
6412,1139,2024-02-01,20
6413,1139,2024-03-01,20
6414,1139,2024-04-01,20
6415,1139,2024-05-01,20
6416,1139,2024-06-01,20
6417,1139,2024-07-01,20
6418,1139,2024-08-01,20
6419,1139,2024-09-01,20
6420,1139,2024-10-01,20
6421,1139,2024-11-01,20
6422,1139,2024-12-01,20
6423,1139,2025-01-01,20
6424,1140,2021-02-01,20
6425,1140,2021-03-01,20
6426,1140,2021-04-01,20
6427,1140,2021-05-01,20
6428,1140,2021-06-01,20
6429,1140,2021-07-01,20
6430,1140,2021-08-01,20
6431,1140,2021-09-01,20
6432,1140,2021-10-01,20
6433,1140,2021-11-01,20
6434,1140,2021-12-01,20
6435,1140,2022-01-01,20
6436,1140,2022-02-01,20
6437,1140,2022-03-01,20
6438,1140,2022-04-01,20
6439,1140,2022-05-01,20
6440,1140,2022-06-01,20
6441,1140,2022-07-01,20
6442,1140,2022-08-01,20
6443,1140,2022-09-01,20
6444,1140,2022-10-01,20
6445,1140,2022-11-01,20
6446,1140,2022-12-01,20
6447,1140,2023-01-01,20
6448,1140,2023-02-01,20
6449,1140,2023-03-01,20
6450,1140,2023-04-01,20
6451,1140,2023-05-01,20
6452,1140,2023-06-01,20
6453,1140,2023-07-01,20
6454,1140,2023-08-01,20
6455,1140,2023-09-01,20
6456,1140,2023-10-01,20
6457,1140,2023-11-01,20
6458,1140,2023-12-01,20
6459,1140,2024-01-01,20
6460,1140,2024-02-01,20
6461,1140,2024-03-01,20
6462,1140,2024-04-01,20
6463,1140,2024-05-01,20
6464,1140,2024-06-01,20
6465,1140,2024-07-01,20
6466,1140,2024-08-01,20
6467,1140,2024-09-01,20
6468,1140,2024-10-01,20
6469,1140,2024-11-01,20
6470,1140,2024-12-01,20
6471,1140,2025-01-01,20
6472,1141,2024-06-01,30
6473,1141,2024-07-01,30
6474,1141,2024-08-01,30
6475,1141,2024-09-01,30
6476,1141,2024-10-01,30
6477,1141,2024-11-01,30
6478,1141,2024-12-01,30
6479,1141,2025-01-01,30
6480,1142,2024-11-01,20
6481,1142,2024-12-01,20
6482,1142,2025-01-01,20
6483,1143,2021-03-01,50
6484,1143,2021-04-01,50
6485,1143,2021-05-01,50
6486,1143,2021-06-01,50
6487,1143,2021-07-01,50
6488,1143,2021-08-01,50
6489,1143,2021-09-01,50
6490,1143,2021-10-01,50
6491,1143,2021-11-01,50
6492,1143,2021-12-01,50
6493,1143,2022-01-01,50
6494,1143,2022-02-01,50
6495,1143,2022-03-01,50
6496,1143,2022-04-01,50
6497,1143,2022-05-01,50
6498,1143,2022-06-01,50
6499,1143,2022-07-01,50
6500,1143,2022-08-01,50
6501,1143,2022-09-01,50
6502,1143,2022-10-01,50
6503,1143,2022-11-01,50
6504,1143,2022-12-01,50
6505,1143,2023-01-01,50
6506,1143,2023-02-01,50
6507,1143,2023-03-01,50
6508,1143,2023-04-01,50
6509,1143,2023-05-01,50
6510,1143,2023-06-01,50
6511,1143,2023-07-01,50
6512,1143,2023-08-01,50
6513,1143,2023-09-01,50
6514,1143,2023-10-01,50
6515,1143,2023-11-01,50
6516,1143,2023-12-01,50
6517,1143,2024-01-01,50
6518,1143,2024-02-01,50
6519,1143,2024-03-01,50
6520,1143,2024-04-01,50
6521,1143,2024-05-01,50
6522,1143,2024-06-01,50
6523,1143,2024-07-01,50
6524,1143,2024-08-01,50
6525,1143,2024-09-01,50
6526,1143,2024-10-01,50
6527,1143,2024-11-01,50
6528,1143,2024-12-01,50
6529,1143,2025-01-01,50
6530,1144,2020-10-01,20
6531,1144,2020-11-01,20
6532,1144,2020-12-01,20
6533,1144,2021-01-01,20
6534,1144,2021-02-01,20
6535,1144,2021-03-01,20
6536,1144,2021-04-01,20
6537,1144,2021-05-01,20
6538,1144,2021-06-01,20
6539,1145,2022-02-01,30
6540,1145,2022-03-01,30
6541,1145,2022-04-01,30
6542,1145,2022-05-01,30
6543,1145,2022-06-01,30
6544,1145,2022-07-01,30
6545,1145,2022-08-01,30
6546,1145,2022-09-01,30
6547,1145,2022-10-01,30
6548,1145,2022-11-01,30
6549,1145,2022-12-01,30
6550,1145,2023-01-01,30
6551,1145,2023-02-01,30
6552,1145,2023-03-01,30
6553,1145,2023-04-01,30
6554,1145,2023-05-01,30
6555,1145,2023-06-01,30
6556,1145,2023-07-01,30
6557,1145,2023-08-01,30
6558,1145,2023-09-01,30
6559,1145,2023-10-01,30
6560,1145,2023-11-01,30
6561,1145,2023-12-01,30
6562,1146,2024-07-01,20
6563,1146,2024-08-01,20
6564,1146,2024-09-01,20
6565,1146,2024-10-01,20
6566,1146,2024-11-01,20
6567,1146,2024-12-01,20
6568,1146,2025-01-01,20
6569,1147,2021-11-01,30
6570,1147,2021-12-01,30
6571,1147,2022-01-01,30
6572,1147,2022-02-01,30
6573,1147,2022-03-01,30
6574,1147,2022-04-01,30
6575,1147,2022-05-01,30
6576,1147,2022-06-01,30
6577,1147,2022-07-01,30
6578,1147,2022-08-01,30
6579,1147,2022-09-01,30
6580,1147,2022-10-01,30
6581,1147,2022-11-01,30
6582,1147,2022-12-01,30
6583,1147,2023-01-01,30
6584,1147,2023-02-01,30
6585,1147,2023-03-01,30
6586,1147,2023-04-01,30
6587,1147,2023-05-01,30
6588,1147,2023-06-01,30
6589,1147,2023-07-01,30
6590,1147,2023-08-01,30
6591,1147,2023-09-01,30
6592,1147,2023-10-01,30
6593,1147,2023-11-01,30
6594,1147,2023-12-01,30
6595,1147,2024-01-01,30
6596,1147,2024-02-01,30
6597,1147,2024-03-01,30
6598,1147,2024-04-01,30
6599,1147,2024-05-01,30
6600,1147,2024-06-01,30
6601,1147,2024-07-01,30
6602,1147,2024-08-01,30
6603,1147,2024-09-01,30
6604,1147,2024-10-01,30
6605,1147,2024-11-01,30
6606,1147,2024-12-01,30
6607,1147,2025-01-01,30
6608,1148,2021-11-01,30
6609,1148,2021-12-01,30
6610,1148,2022-01-01,30
6611,1148,2022-02-01,30
6612,1148,2022-03-01,30
6613,1148,2022-04-01,30
6614,1148,2022-05-01,30
6615,1148,2022-06-01,30
6616,1148,2022-07-01,30
6617,1148,2022-08-01,30
6618,1148,2022-09-01,30
6619,1148,2022-10-01,30
6620,1148,2022-11-01,30
6621,1148,2022-12-01,30
6622,1148,2023-01-01,30
6623,1148,2023-02-01,30
6624,1148,2023-03-01,30
6625,1148,2023-04-01,30
6626,1148,2023-05-01,30
6627,1148,2023-06-01,30
6628,1148,2023-07-01,30
6629,1148,2023-08-01,30
6630,1148,2023-09-01,30
6631,1148,2023-10-01,30
6632,1148,2023-11-01,30
6633,1148,2023-12-01,30
6634,1148,2024-01-01,30
6635,1148,2024-02-01,30
6636,1148,2024-03-01,30
6637,1148,2024-04-01,30
6638,1148,2024-05-01,30
6639,1148,2024-06-01,30
6640,1148,2024-07-01,30
6641,1148,2024-08-01,30
6642,1148,2024-09-01,30
6643,1148,2024-10-01,30
6644,1148,2024-11-01,30
6645,1148,2024-12-01,30
6646,1148,2025-01-01,30
6647,1149,2024-03-01,30
6648,1149,2024-04-01,30
6649,1149,2024-05-01,30
6650,1149,2024-06-01,30
6651,1149,2024-07-01,30
6652,1149,2024-08-01,30
6653,1149,2024-09-01,30
6654,1149,2024-10-01,30
6655,1149,2024-11-01,30
6656,1149,2024-12-01,30
6657,1149,2025-01-01,30
6658,1150,2024-01-01,20
6659,1150,2024-02-01,20
6660,1150,2024-03-01,20
6661,1150,2024-04-01,20
6662,1150,2024-05-01,20
6663,1150,2024-06-01,20
6664,1150,2024-07-01,20
6665,1150,2024-08-01,20
6666,1150,2024-09-01,20
6667,1150,2024-10-01,20
6668,1150,2024-11-01,20
6669,1150,2024-12-01,20
6670,1150,2025-01-01,20
6671,1151,2022-07-01,50
6672,1151,2022-08-01,50
6673,1151,2022-09-01,50
6674,1151,2022-10-01,50
6675,1151,2022-11-01,50
6676,1151,2022-12-01,50
6677,1151,2023-01-01,50
6678,1151,2023-02-01,50
6679,1151,2023-03-01,50
6680,1151,2023-04-01,50
6681,1151,2023-05-01,50
6682,1151,2023-06-01,50
6683,1151,2023-07-01,50
6684,1151,2023-08-01,50
6685,1151,2023-09-01,50
6686,1151,2023-10-01,50
6687,1151,2023-11-01,50
6688,1151,2023-12-01,50
6689,1151,2024-01-01,50
6690,1151,2024-02-01,50
6691,1151,2024-03-01,50
6692,1151,2024-04-01,50
6693,1151,2024-05-01,50
6694,1151,2024-06-01,50
6695,1151,2024-07-01,50
6696,1151,2024-08-01,50
6697,1151,2024-09-01,50
6698,1151,2024-10-01,50
6699,1151,2024-11-01,50
6700,1151,2024-12-01,50
6701,1151,2025-01-01,50
6702,1152,2020-04-01,50
6703,1152,2020-05-01,50
6704,1152,2020-06-01,50
6705,1152,2020-07-01,50
6706,1152,2020-08-01,50
6707,1152,2020-09-01,50
6708,1152,2020-10-01,50
6709,1152,2020-11-01,50
6710,1152,2020-12-01,50
6711,1152,2021-01-01,50
6712,1152,2021-02-01,50
6713,1153,2022-12-01,30
6714,1153,2023-01-01,30
6715,1153,2023-02-01,30
6716,1153,2023-03-01,30
6717,1153,2023-04-01,30
6718,1153,2023-05-01,30
6719,1153,2023-06-01,30
6720,1153,2023-07-01,30
6721,1153,2023-08-01,30
6722,1153,2023-09-01,30
6723,1153,2023-10-01,30
6724,1153,2023-11-01,30
6725,1153,2023-12-01,30
6726,1153,2024-01-01,30
6727,1153,2024-02-01,30
6728,1153,2024-03-01,30
6729,1153,2024-04-01,30
6730,1153,2024-05-01,30
6731,1153,2024-06-01,30
6732,1153,2024-07-01,30
6733,1153,2024-08-01,30
6734,1153,2024-09-01,30
6735,1153,2024-10-01,30
6736,1153,2024-11-01,30
6737,1153,2024-12-01,30
6738,1153,2025-01-01,30
6739,1154,2020-08-01,50
6740,1154,2020-09-01,50
6741,1154,2020-10-01,50
6742,1154,2020-11-01,50
6743,1154,2020-12-01,50
6744,1154,2021-01-01,50
6745,1154,2021-02-01,50
6746,1154,2021-03-01,50
6747,1154,2021-04-01,50
6748,1154,2021-05-01,50
6749,1154,2021-06-01,50
6750,1154,2021-07-01,50
6751,1154,2021-08-01,50
6752,1154,2021-09-01,50
6753,1154,2021-10-01,50
6754,1154,2021-11-01,50
6755,1154,2021-12-01,50
6756,1154,2022-01-01,50
6757,1154,2022-02-01,50
6758,1154,2022-03-01,50
6759,1154,2022-04-01,50
6760,1154,2022-05-01,50
6761,1154,2022-06-01,50
6762,1154,2022-07-01,50
6763,1154,2022-08-01,50
6764,1154,2022-09-01,50
6765,1154,2022-10-01,50
6766,1154,2022-11-01,50
6767,1154,2022-12-01,50
6768,1154,2023-01-01,50
6769,1154,2023-02-01,50
6770,1154,2023-03-01,50
6771,1154,2023-04-01,50
6772,1154,2023-05-01,50
6773,1154,2023-06-01,50
6774,1154,2023-07-01,50
6775,1154,2023-08-01,50
6776,1154,2023-09-01,50
6777,1154,2023-10-01,50
6778,1154,2023-11-01,50
6779,1154,2023-12-01,50
6780,1154,2024-01-01,50
6781,1154,2024-02-01,50
6782,1154,2024-03-01,50
6783,1154,2024-04-01,50
6784,1154,2024-05-01,50
6785,1154,2024-06-01,50
6786,1154,2024-07-01,50
6787,1154,2024-08-01,50
6788,1154,2024-09-01,50
6789,1154,2024-10-01,50
6790,1154,2024-11-01,50
6791,1154,2024-12-01,50
6792,1154,2025-01-01,50
6793,1155,2020-09-01,20
6794,1155,2020-10-01,20
6795,1155,2020-11-01,20
6796,1155,2020-12-01,20
6797,1155,2021-01-01,20
6798,1155,2021-02-01,20
6799,1155,2021-03-01,20
6800,1155,2021-04-01,20
6801,1155,2021-05-01,20
6802,1155,2021-06-01,20
6803,1155,2021-07-01,20
6804,1155,2021-08-01,20
6805,1155,2021-09-01,20
6806,1155,2021-10-01,20
6807,1155,2021-11-01,20
6808,1155,2021-12-01,20
6809,1155,2022-01-01,20
6810,1155,2022-02-01,20
6811,1155,2022-03-01,20
6812,1155,2022-04-01,20
6813,1155,2022-05-01,20
6814,1155,2022-06-01,20
6815,1155,2022-07-01,20
6816,1155,2022-08-01,20
6817,1155,2022-09-01,20
6818,1155,2022-10-01,20
6819,1155,2022-11-01,20
6820,1155,2022-12-01,20
6821,1155,2023-01-01,20
6822,1155,2023-02-01,20
6823,1155,2023-03-01,20
6824,1155,2023-04-01,20
6825,1155,2023-05-01,20
6826,1155,2023-06-01,20
6827,1155,2023-07-01,20
6828,1155,2023-08-01,20
6829,1155,2023-09-01,20
6830,1155,2023-10-01,20
6831,1155,2023-11-01,20
6832,1155,2023-12-01,20
6833,1155,2024-01-01,20
6834,1155,2024-02-01,20
6835,1155,2024-03-01,20
6836,1155,2024-04-01,20
6837,1155,2024-05-01,20
6838,1155,2024-06-01,20
6839,1155,2024-07-01,20
6840,1155,2024-08-01,20
6841,1155,2024-09-01,20
6842,1155,2024-10-01,20
6843,1155,2024-11-01,20
6844,1155,2024-12-01,20
6845,1155,2025-01-01,20
6846,1156,2021-06-01,30
6847,1156,2021-07-01,30
6848,1156,2021-08-01,30
6849,1156,2021-09-01,30
6850,1156,2021-10-01,30
6851,1156,2021-11-01,30
6852,1156,2021-12-01,30
6853,1156,2022-01-01,30
6854,1156,2022-02-01,30
6855,1157,2023-06-01,20
6856,1157,2023-07-01,20
6857,1157,2023-08-01,20
6858,1157,2023-09-01,20
6859,1157,2023-10-01,20
6860,1157,2023-11-01,20
6861,1157,2023-12-01,20
6862,1157,2024-01-01,20
6863,1157,2024-02-01,20
6864,1157,2024-03-01,20
6865,1157,2024-04-01,20
6866,1157,2024-05-01,20
6867,1157,2024-06-01,20
6868,1157,2024-07-01,20
6869,1157,2024-08-01,20
6870,1157,2024-09-01,20
6871,1157,2024-10-01,20
6872,1157,2024-11-01,20
6873,1157,2024-12-01,20
6874,1157,2025-01-01,20
6875,1158,2024-10-01,30
6876,1158,2024-11-01,30
6877,1158,2024-12-01,30
6878,1158,2025-01-01,30
6879,1159,2021-01-01,50
6880,1159,2021-02-01,50
6881,1159,2021-03-01,50
6882,1159,2021-04-01,50
6883,1159,2021-05-01,50
6884,1159,2021-06-01,50
6885,1159,2021-07-01,50
6886,1159,2021-08-01,50
6887,1159,2021-09-01,50
6888,1159,2021-10-01,50
6889,1159,2021-11-01,50
6890,1159,2021-12-01,50
6891,1159,2022-01-01,50
6892,1159,2022-02-01,50
6893,1159,2022-03-01,50
6894,1159,2022-04-01,50
6895,1159,2022-05-01,50
6896,1159,2022-06-01,50
6897,1159,2022-07-01,50
6898,1159,2022-08-01,50
6899,1159,2022-09-01,50
6900,1159,2022-10-01,50
6901,1159,2022-11-01,50
6902,1159,2022-12-01,50
6903,1159,2023-01-01,50
6904,1159,2023-02-01,50
6905,1159,2023-03-01,50
6906,1159,2023-04-01,50
6907,1159,2023-05-01,50
6908,1159,2023-06-01,50
6909,1159,2023-07-01,50
6910,1159,2023-08-01,50
6911,1159,2023-09-01,50
6912,1159,2023-10-01,50
6913,1159,2023-11-01,50
6914,1159,2023-12-01,50
6915,1159,2024-01-01,50
6916,1159,2024-02-01,50
6917,1159,2024-03-01,50
6918,1159,2024-04-01,50
6919,1159,2024-05-01,50
6920,1159,2024-06-01,50
6921,1159,2024-07-01,50
6922,1159,2024-08-01,50
6923,1159,2024-09-01,50
6924,1159,2024-10-01,50
6925,1159,2024-11-01,50
6926,1159,2024-12-01,50
6927,1159,2025-01-01,50
6928,1160,2020-07-01,20
6929,1160,2020-08-01,20
6930,1160,2020-09-01,20
6931,1160,2020-10-01,20
6932,1160,2020-11-01,20
6933,1160,2020-12-01,20
6934,1160,2021-01-01,20
6935,1160,2021-02-01,20
6936,1160,2021-03-01,20
6937,1160,2021-04-01,20
6938,1160,2021-05-01,20
6939,1160,2021-06-01,20
6940,1160,2021-07-01,20
6941,1160,2021-08-01,20
6942,1160,2021-09-01,20
6943,1160,2021-10-01,20
6944,1160,2021-11-01,20
6945,1160,2021-12-01,20
6946,1160,2022-01-01,20
6947,1160,2022-02-01,20
6948,1160,2022-03-01,20
6949,1160,2022-04-01,20
6950,1160,2022-05-01,20
6951,1160,2022-06-01,20
6952,1160,2022-07-01,20
6953,1160,2022-08-01,20
6954,1160,2022-09-01,20
6955,1160,2022-10-01,20
6956,1160,2022-11-01,20
6957,1160,2022-12-01,20
6958,1160,2023-01-01,20
6959,1160,2023-02-01,20
6960,1160,2023-03-01,20
6961,1160,2023-04-01,20
6962,1160,2023-05-01,20
6963,1160,2023-06-01,20
6964,1160,2023-07-01,20
6965,1160,2023-08-01,20
6966,1160,2023-09-01,20
6967,1160,2023-10-01,20
6968,1160,2023-11-01,20
6969,1160,2023-12-01,20
6970,1160,2024-01-01,20
6971,1160,2024-02-01,20
6972,1160,2024-03-01,20
6973,1160,2024-04-01,20
6974,1160,2024-05-01,20
6975,1160,2024-06-01,20
6976,1160,2024-07-01,20
6977,1160,2024-08-01,20
6978,1160,2024-09-01,20
6979,1160,2024-10-01,20
6980,1160,2024-11-01,20
6981,1160,2024-12-01,20
6982,1160,2025-01-01,20
6983,1161,2021-12-01,30
6984,1161,2022-01-01,30
6985,1161,2022-02-01,30
6986,1161,2022-03-01,30
6987,1161,2022-04-01,30
6988,1161,2022-05-01,30
6989,1161,2022-06-01,30
6990,1161,2022-07-01,30
6991,1161,2022-08-01,30
6992,1161,2022-09-01,30
6993,1161,2022-10-01,30
6994,1161,2022-11-01,30
6995,1161,2022-12-01,30
6996,1161,2023-01-01,30
6997,1161,2023-02-01,30
6998,1161,2023-03-01,30
6999,1161,2023-04-01,30
7000,1161,2023-05-01,30
7001,1161,2023-06-01,30
7002,1161,2023-07-01,30
7003,1161,2023-08-01,30
7004,1161,2023-09-01,30
7005,1161,2023-10-01,30
7006,1161,2023-11-01,30
7007,1161,2023-12-01,30
7008,1161,2024-01-01,30
7009,1161,2024-02-01,30
7010,1161,2024-03-01,30
7011,1161,2024-04-01,30
7012,1161,2024-05-01,30
7013,1161,2024-06-01,30
7014,1161,2024-07-01,30
7015,1161,2024-08-01,30
7016,1161,2024-09-01,30
7017,1161,2024-10-01,30
7018,1161,2024-11-01,30
7019,1161,2024-12-01,30
7020,1161,2025-01-01,30
7021,1162,2020-07-01,30
7022,1162,2020-08-01,30
7023,1162,2020-09-01,30
7024,1162,2020-10-01,30
7025,1162,2020-11-01,30
7026,1162,2020-12-01,30
7027,1162,2021-01-01,30
7028,1162,2021-02-01,30
7029,1162,2021-03-01,30
7030,1162,2021-04-01,30
7031,1162,2021-05-01,30
7032,1162,2021-06-01,30
7033,1162,2021-07-01,30
7034,1162,2021-08-01,30
7035,1162,2021-09-01,30
7036,1162,2021-10-01,30
7037,1162,2021-11-01,30
7038,1162,2021-12-01,30
7039,1162,2022-01-01,30
7040,1162,2022-02-01,30
7041,1162,2022-03-01,30
7042,1162,2022-04-01,30
7043,1162,2022-05-01,30
7044,1162,2022-06-01,30
7045,1162,2022-07-01,30
7046,1162,2022-08-01,30
7047,1162,2022-09-01,30
7048,1162,2022-10-01,30
7049,1162,2022-11-01,30
7050,1162,2022-12-01,30
7051,1162,2023-01-01,30
7052,1162,2023-02-01,30
7053,1162,2023-03-01,30
7054,1162,2023-04-01,30
7055,1162,2023-05-01,30
7056,1162,2023-06-01,30
7057,1162,2023-07-01,30
7058,1162,2023-08-01,30
7059,1162,2023-09-01,30
7060,1162,2023-10-01,30
7061,1162,2023-11-01,30
7062,1162,2023-12-01,30
7063,1162,2024-01-01,30
7064,1162,2024-02-01,30
7065,1162,2024-03-01,30
7066,1162,2024-04-01,30
7067,1162,2024-05-01,30
7068,1162,2024-06-01,30
7069,1162,2024-07-01,30
7070,1162,2024-08-01,30
7071,1162,2024-09-01,30
7072,1162,2024-10-01,30
7073,1162,2024-11-01,30
7074,1162,2024-12-01,30
7075,1162,2025-01-01,30
7076,1163,2021-05-01,30
7077,1163,2021-06-01,30
7078,1163,2021-07-01,30
7079,1163,2021-08-01,30
7080,1163,2021-09-01,30
7081,1163,2021-10-01,30
7082,1163,2021-11-01,30
7083,1163,2021-12-01,30
7084,1163,2022-01-01,30
7085,1163,2022-02-01,30
7086,1163,2022-03-01,30
7087,1163,2022-04-01,30
7088,1163,2022-05-01,30
7089,1163,2022-06-01,30
7090,1163,2022-07-01,30
7091,1163,2022-08-01,30
7092,1163,2022-09-01,30
7093,1163,2022-10-01,30
7094,1163,2022-11-01,30
7095,1163,2022-12-01,30
7096,1163,2023-01-01,30
7097,1163,2023-02-01,30
7098,1163,2023-03-01,30
7099,1163,2023-04-01,30
7100,1163,2023-05-01,30
7101,1163,2023-06-01,30
7102,1163,2023-07-01,30
7103,1163,2023-08-01,30
7104,1163,2023-09-01,30
7105,1163,2023-10-01,30
7106,1163,2023-11-01,30
7107,1163,2023-12-01,30
7108,1163,2024-01-01,30
7109,1163,2024-02-01,30
7110,1163,2024-03-01,30
7111,1163,2024-04-01,30
7112,1163,2024-05-01,30
7113,1163,2024-06-01,30
7114,1163,2024-07-01,30
7115,1163,2024-08-01,30
7116,1163,2024-09-01,30
7117,1163,2024-10-01,30
7118,1163,2024-11-01,30
7119,1163,2024-12-01,30
7120,1163,2025-01-01,30
7121,1164,2022-10-01,20
7122,1164,2022-11-01,20
7123,1164,2022-12-01,20
7124,1164,2023-01-01,20
7125,1164,2023-02-01,20
7126,1164,2023-03-01,20
7127,1165,2021-06-01,30
7128,1165,2021-07-01,30
7129,1165,2021-08-01,30
7130,1165,2021-09-01,30
7131,1165,2021-10-01,30
7132,1165,2021-11-01,30
7133,1165,2021-12-01,30
7134,1165,2022-01-01,30
7135,1165,2022-02-01,30
7136,1165,2022-03-01,30
7137,1165,2022-04-01,30
7138,1165,2022-05-01,30
7139,1165,2022-06-01,30
7140,1165,2022-07-01,30
7141,1165,2022-08-01,30
7142,1165,2022-09-01,30
7143,1165,2022-10-01,30
7144,1165,2022-11-01,30
7145,1165,2022-12-01,30
7146,1165,2023-01-01,30
7147,1165,2023-02-01,30
7148,1165,2023-03-01,30
7149,1165,2023-04-01,30
7150,1165,2023-05-01,30
7151,1165,2023-06-01,30
7152,1165,2023-07-01,30
7153,1165,2023-08-01,30
7154,1165,2023-09-01,30
7155,1165,2023-10-01,30
7156,1165,2023-11-01,30
7157,1165,2023-12-01,30
7158,1165,2024-01-01,30
7159,1165,2024-02-01,30
7160,1165,2024-03-01,30
7161,1165,2024-04-01,30
7162,1165,2024-05-01,30
7163,1165,2024-06-01,30
7164,1165,2024-07-01,30
7165,1165,2024-08-01,30
7166,1165,2024-09-01,30
7167,1165,2024-10-01,30
7168,1165,2024-11-01,30
7169,1165,2024-12-01,30
7170,1165,2025-01-01,30
7171,1166,2021-12-01,20
7172,1166,2022-01-01,20
7173,1166,2022-02-01,20
7174,1166,2022-03-01,20
7175,1166,2022-04-01,20
7176,1166,2022-05-01,20
7177,1166,2022-06-01,20
7178,1166,2022-07-01,20
7179,1166,2022-08-01,20
7180,1166,2022-09-01,20
7181,1166,2022-10-01,20
7182,1166,2022-11-01,20
7183,1166,2022-12-01,20
7184,1166,2023-01-01,20
7185,1166,2023-02-01,20
7186,1166,2023-03-01,20
7187,1166,2023-04-01,20
7188,1166,2023-05-01,20
7189,1166,2023-06-01,20
7190,1166,2023-07-01,20
7191,1166,2023-08-01,20
7192,1166,2023-09-01,20
7193,1166,2023-10-01,20
7194,1166,2023-11-01,20
7195,1166,2023-12-01,20
7196,1166,2024-01-01,20
7197,1166,2024-02-01,20
7198,1166,2024-03-01,20
7199,1166,2024-04-01,20
7200,1166,2024-05-01,20
7201,1166,2024-06-01,20
7202,1166,2024-07-01,20
7203,1166,2024-08-01,20
7204,1166,2024-09-01,20
7205,1166,2024-10-01,20
7206,1166,2024-11-01,20
7207,1166,2024-12-01,20
7208,1166,2025-01-01,20
7209,1167,2021-02-01,20
7210,1167,2021-03-01,20
7211,1167,2021-04-01,20
7212,1167,2021-05-01,20
7213,1167,2021-06-01,20
7214,1167,2021-07-01,20
7215,1167,2021-08-01,20
7216,1167,2021-09-01,20
7217,1167,2021-10-01,20
7218,1167,2021-11-01,20
7219,1167,2021-12-01,20
7220,1167,2022-01-01,20
7221,1167,2022-02-01,20
7222,1167,2022-03-01,20
7223,1167,2022-04-01,20
7224,1167,2022-05-01,20
7225,1167,2022-06-01,20
7226,1167,2022-07-01,20
7227,1167,2022-08-01,20
7228,1167,2022-09-01,20
7229,1167,2022-10-01,20
7230,1167,2022-11-01,20
7231,1167,2022-12-01,20
7232,1167,2023-01-01,20
7233,1167,2023-02-01,20
7234,1167,2023-03-01,20
7235,1167,2023-04-01,20
7236,1167,2023-05-01,20
7237,1167,2023-06-01,20
7238,1167,2023-07-01,20
7239,1167,2023-08-01,20
7240,1167,2023-09-01,20
7241,1167,2023-10-01,20
7242,1167,2023-11-01,20
7243,1167,2023-12-01,20
7244,1167,2024-01-01,20
7245,1167,2024-02-01,20
7246,1167,2024-03-01,20
7247,1167,2024-04-01,20
7248,1167,2024-05-01,20
7249,1167,2024-06-01,20
7250,1167,2024-07-01,20
7251,1167,2024-08-01,20
7252,1167,2024-09-01,20
7253,1167,2024-10-01,20
7254,1167,2024-11-01,20
7255,1167,2024-12-01,20
7256,1167,2025-01-01,20
7257,1168,2022-01-01,30
7258,1168,2022-02-01,30
7259,1168,2022-03-01,30
7260,1168,2022-04-01,30
7261,1168,2022-05-01,30
7262,1168,2022-06-01,30
7263,1168,2022-07-01,30
7264,1168,2022-08-01,30
7265,1168,2022-09-01,30
7266,1168,2022-10-01,30
7267,1168,2022-11-01,30
7268,1168,2022-12-01,30
7269,1168,2023-01-01,30
7270,1168,2023-02-01,30
7271,1168,2023-03-01,30
7272,1168,2023-04-01,30
7273,1169,2020-12-01,50
7274,1169,2021-01-01,50
7275,1169,2021-02-01,50
7276,1169,2021-03-01,50
7277,1169,2021-04-01,50
7278,1169,2021-05-01,50
7279,1169,2021-06-01,50
7280,1169,2021-07-01,50
7281,1169,2021-08-01,50
7282,1169,2021-09-01,50
7283,1169,2021-10-01,50
7284,1169,2021-11-01,50
7285,1169,2021-12-01,50
7286,1169,2022-01-01,50
7287,1169,2022-02-01,50
7288,1169,2022-03-01,50
7289,1169,2022-04-01,50
7290,1169,2022-05-01,50
7291,1169,2022-06-01,50
7292,1169,2022-07-01,50
7293,1169,2022-08-01,50
7294,1169,2022-09-01,50
7295,1169,2022-10-01,50
7296,1169,2022-11-01,50
7297,1169,2022-12-01,50
7298,1169,2023-01-01,50
7299,1169,2023-02-01,50
7300,1169,2023-03-01,50
7301,1169,2023-04-01,50
7302,1169,2023-05-01,50
7303,1169,2023-06-01,50
7304,1169,2023-07-01,50
7305,1169,2023-08-01,50
7306,1169,2023-09-01,50
7307,1169,2023-10-01,50
7308,1169,2023-11-01,50
7309,1169,2023-12-01,50
7310,1169,2024-01-01,50
7311,1169,2024-02-01,50
7312,1169,2024-03-01,50
7313,1169,2024-04-01,50
7314,1169,2024-05-01,50
7315,1169,2024-06-01,50
7316,1169,2024-07-01,50
7317,1169,2024-08-01,50
7318,1169,2024-09-01,50
7319,1169,2024-10-01,50
7320,1169,2024-11-01,50
7321,1169,2024-12-01,50
7322,1169,2025-01-01,50
7323,1170,2024-12-01,30
7324,1170,2025-01-01,30
7325,1171,2020-07-01,50
7326,1171,2020-08-01,50
7327,1171,2020-09-01,50
7328,1171,2020-10-01,50
7329,1171,2020-11-01,50
7330,1171,2020-12-01,50
7331,1171,2021-01-01,50
7332,1171,2021-02-01,50
7333,1171,2021-03-01,50
7334,1171,2021-04-01,50
7335,1171,2021-05-01,50
7336,1171,2021-06-01,50
7337,1171,2021-07-01,50
7338,1171,2021-08-01,50
7339,1171,2021-09-01,50
7340,1171,2021-10-01,50
7341,1171,2021-11-01,50
7342,1171,2021-12-01,50
7343,1171,2022-01-01,50
7344,1171,2022-02-01,50
7345,1171,2022-03-01,50
7346,1171,2022-04-01,50
7347,1171,2022-05-01,50
7348,1171,2022-06-01,50
7349,1171,2022-07-01,50
7350,1171,2022-08-01,50
7351,1171,2022-09-01,50
7352,1171,2022-10-01,50
7353,1171,2022-11-01,50
7354,1171,2022-12-01,50
7355,1171,2023-01-01,50
7356,1171,2023-02-01,50
7357,1171,2023-03-01,50
7358,1171,2023-04-01,50
7359,1171,2023-05-01,50
7360,1171,2023-06-01,50
7361,1171,2023-07-01,50
7362,1171,2023-08-01,50
7363,1171,2023-09-01,50
7364,1171,2023-10-01,50
7365,1171,2023-11-01,50
7366,1171,2023-12-01,50
7367,1171,2024-01-01,50
7368,1171,2024-02-01,50
7369,1171,2024-03-01,50
7370,1171,2024-04-01,50
7371,1171,2024-05-01,50
7372,1171,2024-06-01,50
7373,1171,2024-07-01,50
7374,1171,2024-08-01,50
7375,1171,2024-09-01,50
7376,1171,2024-10-01,50
7377,1171,2024-11-01,50
7378,1171,2024-12-01,50
7379,1171,2025-01-01,50
7380,1172,2021-10-01,50
7381,1172,2021-11-01,50
7382,1172,2021-12-01,50
7383,1172,2022-01-01,50
7384,1172,2022-02-01,50
7385,1172,2022-03-01,50
7386,1172,2022-04-01,50
7387,1172,2022-05-01,50
7388,1172,2022-06-01,50
7389,1172,2022-07-01,50
7390,1172,2022-08-01,50
7391,1172,2022-09-01,50
7392,1172,2022-10-01,50
7393,1172,2022-11-01,50
7394,1172,2022-12-01,50
7395,1172,2023-01-01,50
7396,1172,2023-02-01,50
7397,1172,2023-03-01,50
7398,1172,2023-04-01,50
7399,1172,2023-05-01,50
7400,1172,2023-06-01,50
7401,1172,2023-07-01,50
7402,1172,2023-08-01,50
7403,1172,2023-09-01,50
7404,1172,2023-10-01,50
7405,1172,2023-11-01,50
7406,1172,2023-12-01,50
7407,1172,2024-01-01,50
7408,1172,2024-02-01,50
7409,1172,2024-03-01,50
7410,1172,2024-04-01,50
7411,1172,2024-05-01,50
7412,1172,2024-06-01,50
7413,1172,2024-07-01,50
7414,1172,2024-08-01,50
7415,1172,2024-09-01,50
7416,1172,2024-10-01,50
7417,1172,2024-11-01,50
7418,1172,2024-12-01,50
7419,1172,2025-01-01,50
7420,1173,2025-01-01,30
7421,1174,2021-06-01,30
7422,1174,2021-07-01,30
7423,1174,2021-08-01,30
7424,1174,2021-09-01,30
7425,1174,2021-10-01,30
7426,1174,2021-11-01,30
7427,1174,2021-12-01,30
7428,1174,2022-01-01,30
7429,1174,2022-02-01,30
7430,1174,2022-03-01,30
7431,1174,2022-04-01,30
7432,1174,2022-05-01,30
7433,1174,2022-06-01,30
7434,1174,2022-07-01,30
7435,1174,2022-08-01,30
7436,1174,2022-09-01,30
7437,1174,2022-10-01,30
7438,1174,2022-11-01,30
7439,1174,2022-12-01,30
7440,1174,2023-01-01,30
7441,1174,2023-02-01,30
7442,1174,2023-03-01,30
7443,1174,2023-04-01,30
7444,1174,2023-05-01,30
7445,1174,2023-06-01,30
7446,1174,2023-07-01,30
7447,1174,2023-08-01,30
7448,1174,2023-09-01,30
7449,1174,2023-10-01,30
7450,1174,2023-11-01,30
7451,1174,2023-12-01,30
7452,1174,2024-01-01,30
7453,1174,2024-02-01,30
7454,1174,2024-03-01,30
7455,1174,2024-04-01,30
7456,1174,2024-05-01,30
7457,1174,2024-06-01,30
7458,1174,2024-07-01,30
7459,1174,2024-08-01,30
7460,1174,2024-09-01,30
7461,1174,2024-10-01,30
7462,1174,2024-11-01,30
7463,1174,2024-12-01,30
7464,1174,2025-01-01,30
7465,1175,2024-10-01,20
7466,1175,2024-11-01,20
7467,1175,2024-12-01,20
7468,1175,2025-01-01,20
7469,1176,2021-07-01,20
7470,1176,2021-08-01,20
7471,1176,2021-09-01,20
7472,1176,2021-10-01,20
7473,1176,2021-11-01,20
7474,1176,2021-12-01,20
7475,1176,2022-01-01,20
7476,1176,2022-02-01,20
7477,1176,2022-03-01,20
7478,1176,2022-04-01,20
7479,1176,2022-05-01,20
7480,1176,2022-06-01,20
7481,1176,2022-07-01,20
7482,1176,2022-08-01,20
7483,1176,2022-09-01,20
7484,1176,2022-10-01,20
7485,1176,2022-11-01,20
7486,1176,2022-12-01,20
7487,1176,2023-01-01,20
7488,1176,2023-02-01,20
7489,1176,2023-03-01,20
7490,1176,2023-04-01,20
7491,1176,2023-05-01,20
7492,1176,2023-06-01,20
7493,1176,2023-07-01,20
7494,1176,2023-08-01,20
7495,1176,2023-09-01,20
7496,1176,2023-10-01,20
7497,1176,2023-11-01,20
7498,1176,2023-12-01,20
7499,1176,2024-01-01,20
7500,1176,2024-02-01,20
7501,1176,2024-03-01,20
7502,1176,2024-04-01,20
7503,1176,2024-05-01,20
7504,1176,2024-06-01,20
7505,1176,2024-07-01,20
7506,1176,2024-08-01,20
7507,1176,2024-09-01,20
7508,1176,2024-10-01,20
7509,1176,2024-11-01,20
7510,1176,2024-12-01,20
7511,1176,2025-01-01,20
7512,1177,2024-06-01,20
7513,1177,2024-07-01,20
7514,1177,2024-08-01,20
7515,1177,2024-09-01,20
7516,1177,2024-10-01,20
7517,1177,2024-11-01,20
7518,1177,2024-12-01,20
7519,1177,2025-01-01,20
7520,1178,2021-10-01,30
7521,1178,2021-11-01,30
7522,1178,2021-12-01,30
7523,1178,2022-01-01,30
7524,1178,2022-02-01,30
7525,1178,2022-03-01,30
7526,1178,2022-04-01,30
7527,1178,2022-05-01,30
7528,1178,2022-06-01,30
7529,1178,2022-07-01,30
7530,1178,2022-08-01,30
7531,1179,2024-12-01,30
7532,1179,2025-01-01,30
7533,1180,2021-09-01,30
7534,1180,2021-10-01,30
7535,1180,2021-11-01,30
7536,1180,2021-12-01,30
7537,1180,2022-01-01,30
7538,1180,2022-02-01,30
7539,1180,2022-03-01,30
7540,1180,2022-04-01,30
7541,1180,2022-05-01,30
7542,1180,2022-06-01,30
7543,1180,2022-07-01,30
7544,1180,2022-08-01,30
7545,1180,2022-09-01,30
7546,1180,2022-10-01,30
7547,1180,2022-11-01,30
7548,1180,2022-12-01,30
7549,1180,2023-01-01,30
7550,1180,2023-02-01,30
7551,1180,2023-03-01,30
7552,1180,2023-04-01,30
7553,1180,2023-05-01,30
7554,1180,2023-06-01,30
7555,1180,2023-07-01,30
7556,1180,2023-08-01,30
7557,1180,2023-09-01,30
7558,1180,2023-10-01,30
7559,1180,2023-11-01,30
7560,1180,2023-12-01,30
7561,1180,2024-01-01,30
7562,1180,2024-02-01,30
7563,1180,2024-03-01,30
7564,1180,2024-04-01,30
7565,1180,2024-05-01,30
7566,1180,2024-06-01,30
7567,1180,2024-07-01,30
7568,1180,2024-08-01,30
7569,1180,2024-09-01,30
7570,1180,2024-10-01,30
7571,1180,2024-11-01,30
7572,1180,2024-12-01,30
7573,1180,2025-01-01,30
7574,1181,2022-02-01,20
7575,1181,2022-03-01,20
7576,1181,2022-04-01,20
7577,1181,2022-05-01,20
7578,1181,2022-06-01,20
7579,1181,2022-07-01,20
7580,1181,2022-08-01,20
7581,1181,2022-09-01,20
7582,1181,2022-10-01,20
7583,1181,2022-11-01,20
7584,1181,2022-12-01,20
7585,1181,2023-01-01,20
7586,1181,2023-02-01,20
7587,1181,2023-03-01,20
7588,1181,2023-04-01,20
7589,1181,2023-05-01,20
7590,1181,2023-06-01,20
7591,1181,2023-07-01,20
7592,1181,2023-08-01,20
7593,1181,2023-09-01,20
7594,1181,2023-10-01,20
7595,1181,2023-11-01,20
7596,1181,2023-12-01,20
7597,1182,2023-07-01,50
7598,1182,2023-08-01,50
7599,1182,2023-09-01,50
7600,1182,2023-10-01,50
7601,1182,2023-11-01,50
7602,1182,2023-12-01,50
7603,1182,2024-01-01,50
7604,1182,2024-02-01,50
7605,1182,2024-03-01,50
7606,1182,2024-04-01,50
7607,1182,2024-05-01,50
7608,1182,2024-06-01,50
7609,1182,2024-07-01,50
7610,1182,2024-08-01,50
7611,1182,2024-09-01,50
7612,1182,2024-10-01,50
7613,1182,2024-11-01,50
7614,1182,2024-12-01,50
7615,1182,2025-01-01,50
7616,1183,2024-12-01,20
7617,1183,2025-01-01,20
7618,1184,2024-11-01,30
7619,1184,2024-12-01,30
7620,1184,2025-01-01,30
7621,1185,2024-01-01,30
7622,1185,2024-02-01,30
7623,1185,2024-03-01,30
7624,1185,2024-04-01,30
7625,1186,2024-01-01,20
7626,1186,2024-02-01,20
7627,1186,2024-03-01,20
7628,1186,2024-04-01,20
7629,1186,2024-05-01,20
7630,1186,2024-06-01,20
7631,1186,2024-07-01,20
7632,1186,2024-08-01,20
7633,1186,2024-09-01,20
7634,1186,2024-10-01,20
7635,1186,2024-11-01,20
7636,1186,2024-12-01,20
7637,1186,2025-01-01,20
7638,1187,2021-08-01,30
7639,1187,2021-09-01,30
7640,1187,2021-10-01,30
7641,1187,2021-11-01,30
7642,1187,2021-12-01,30
7643,1187,2022-01-01,30
7644,1187,2022-02-01,30
7645,1187,2022-03-01,30
7646,1187,2022-04-01,30
7647,1187,2022-05-01,30
7648,1187,2022-06-01,30
7649,1187,2022-07-01,30
7650,1187,2022-08-01,30
7651,1187,2022-09-01,30
7652,1187,2022-10-01,30
7653,1187,2022-11-01,30
7654,1187,2022-12-01,30
7655,1188,2020-02-01,20
7656,1188,2020-03-01,20
7657,1188,2020-04-01,20
7658,1188,2020-05-01,20
7659,1188,2020-06-01,20
7660,1188,2020-07-01,20
7661,1188,2020-08-01,20
7662,1188,2020-09-01,20
7663,1188,2020-10-01,20
7664,1188,2020-11-01,20
7665,1188,2020-12-01,20
7666,1188,2021-01-01,20
7667,1188,2021-02-01,20
7668,1188,2021-03-01,20
7669,1188,2021-04-01,20
7670,1188,2021-05-01,20
7671,1188,2021-06-01,20
7672,1188,2021-07-01,20
7673,1188,2021-08-01,20
7674,1188,2021-09-01,20
7675,1188,2021-10-01,20
7676,1188,2021-11-01,20
7677,1188,2021-12-01,20
7678,1188,2022-01-01,20
7679,1188,2022-02-01,20
7680,1188,2022-03-01,20
7681,1188,2022-04-01,20
7682,1188,2022-05-01,20
7683,1188,2022-06-01,20
7684,1188,2022-07-01,20
7685,1188,2022-08-01,20
7686,1188,2022-09-01,20
7687,1188,2022-10-01,20
7688,1188,2022-11-01,20
7689,1188,2022-12-01,20
7690,1188,2023-01-01,20
7691,1188,2023-02-01,20
7692,1188,2023-03-01,20
7693,1188,2023-04-01,20
7694,1188,2023-05-01,20
7695,1188,2023-06-01,20
7696,1188,2023-07-01,20
7697,1188,2023-08-01,20
7698,1188,2023-09-01,20
7699,1188,2023-10-01,20
7700,1188,2023-11-01,20
7701,1188,2023-12-01,20
7702,1188,2024-01-01,20
7703,1188,2024-02-01,20
7704,1188,2024-03-01,20
7705,1188,2024-04-01,20
7706,1188,2024-05-01,20
7707,1188,2024-06-01,20
7708,1188,2024-07-01,20
7709,1188,2024-08-01,20
7710,1188,2024-09-01,20
7711,1188,2024-10-01,20
7712,1188,2024-11-01,20
7713,1188,2024-12-01,20
7714,1188,2025-01-01,20
7715,1189,2021-08-01,20
7716,1189,2021-09-01,20
7717,1189,2021-10-01,20
7718,1189,2021-11-01,20
7719,1189,2021-12-01,20
7720,1189,2022-01-01,20
7721,1189,2022-02-01,20
7722,1189,2022-03-01,20
7723,1189,2022-04-01,20
7724,1189,2022-05-01,20
7725,1189,2022-06-01,20
7726,1189,2022-07-01,20
7727,1189,2022-08-01,20
7728,1189,2022-09-01,20
7729,1189,2022-10-01,20
7730,1189,2022-11-01,20
7731,1189,2022-12-01,20
7732,1189,2023-01-01,20
7733,1189,2023-02-01,20
7734,1189,2023-03-01,20
7735,1189,2023-04-01,20
7736,1189,2023-05-01,20
7737,1189,2023-06-01,20
7738,1189,2023-07-01,20
7739,1189,2023-08-01,20
7740,1189,2023-09-01,20
7741,1189,2023-10-01,20
7742,1189,2023-11-01,20
7743,1189,2023-12-01,20
7744,1189,2024-01-01,20
7745,1189,2024-02-01,20
7746,1189,2024-03-01,20
7747,1189,2024-04-01,20
7748,1189,2024-05-01,20
7749,1189,2024-06-01,20
7750,1189,2024-07-01,20
7751,1189,2024-08-01,20
7752,1189,2024-09-01,20
7753,1189,2024-10-01,20
7754,1189,2024-11-01,20
7755,1189,2024-12-01,20
7756,1189,2025-01-01,20
7757,1190,2021-02-01,30
7758,1190,2021-03-01,30
7759,1190,2021-04-01,30
7760,1190,2021-05-01,30
7761,1190,2021-06-01,30
7762,1190,2021-07-01,30
7763,1190,2021-08-01,30
7764,1190,2021-09-01,30
7765,1190,2021-10-01,30
7766,1190,2021-11-01,30
7767,1190,2021-12-01,30
7768,1190,2022-01-01,30
7769,1190,2022-02-01,30
7770,1190,2022-03-01,30
7771,1190,2022-04-01,30
7772,1190,2022-05-01,30
7773,1190,2022-06-01,30
7774,1190,2022-07-01,30
7775,1190,2022-08-01,30
7776,1190,2022-09-01,30
7777,1190,2022-10-01,30
7778,1190,2022-11-01,30
7779,1190,2022-12-01,30
7780,1190,2023-01-01,30
7781,1190,2023-02-01,30
7782,1190,2023-03-01,30
7783,1190,2023-04-01,30
7784,1190,2023-05-01,30
7785,1190,2023-06-01,30
7786,1190,2023-07-01,30
7787,1190,2023-08-01,30
7788,1190,2023-09-01,30
7789,1190,2023-10-01,30
7790,1190,2023-11-01,30
7791,1190,2023-12-01,30
7792,1190,2024-01-01,30
7793,1190,2024-02-01,30
7794,1190,2024-03-01,30
7795,1190,2024-04-01,30
7796,1190,2024-05-01,30
7797,1190,2024-06-01,30
7798,1190,2024-07-01,30
7799,1190,2024-08-01,30
7800,1190,2024-09-01,30
7801,1190,2024-10-01,30
7802,1190,2024-11-01,30
7803,1190,2024-12-01,30
7804,1190,2025-01-01,30
7805,1191,2021-10-01,30
7806,1191,2021-11-01,30
7807,1191,2021-12-01,30
7808,1191,2022-01-01,30
7809,1191,2022-02-01,30
7810,1191,2022-03-01,30
7811,1191,2022-04-01,30
7812,1191,2022-05-01,30
7813,1191,2022-06-01,30
7814,1191,2022-07-01,30
7815,1191,2022-08-01,30
7816,1191,2022-09-01,30
7817,1191,2022-10-01,30
7818,1191,2022-11-01,30
7819,1191,2022-12-01,30
7820,1191,2023-01-01,30
7821,1191,2023-02-01,30
7822,1191,2023-03-01,30
7823,1191,2023-04-01,30
7824,1191,2023-05-01,30
7825,1191,2023-06-01,30
7826,1191,2023-07-01,30
7827,1191,2023-08-01,30
7828,1191,2023-09-01,30
7829,1191,2023-10-01,30
7830,1191,2023-11-01,30
7831,1191,2023-12-01,30
7832,1191,2024-01-01,30
7833,1191,2024-02-01,30
7834,1191,2024-03-01,30
7835,1191,2024-04-01,30
7836,1191,2024-05-01,30
7837,1191,2024-06-01,30
7838,1191,2024-07-01,30
7839,1191,2024-08-01,30
7840,1191,2024-09-01,30
7841,1191,2024-10-01,30
7842,1191,2024-11-01,30
7843,1191,2024-12-01,30
7844,1191,2025-01-01,30
7845,1192,2020-05-01,30
7846,1192,2020-06-01,30
7847,1192,2020-07-01,30
7848,1192,2020-08-01,30
7849,1192,2020-09-01,30
7850,1192,2020-10-01,30
7851,1192,2020-11-01,30
7852,1192,2020-12-01,30
7853,1192,2021-01-01,30
7854,1193,2020-08-01,20
7855,1193,2020-09-01,20
7856,1193,2020-10-01,20
7857,1193,2020-11-01,20
7858,1193,2020-12-01,20
7859,1193,2021-01-01,20
7860,1193,2021-02-01,20
7861,1193,2021-03-01,20
7862,1193,2021-04-01,20
7863,1193,2021-05-01,20
7864,1193,2021-06-01,20
7865,1193,2021-07-01,20
7866,1193,2021-08-01,20
7867,1193,2021-09-01,20
7868,1194,2020-02-01,30
7869,1194,2020-03-01,30
7870,1194,2020-04-01,30
7871,1194,2020-05-01,30
7872,1194,2020-06-01,30
7873,1194,2020-07-01,30
7874,1194,2020-08-01,30
7875,1194,2020-09-01,30
7876,1194,2020-10-01,30
7877,1194,2020-11-01,30
7878,1194,2020-12-01,30
7879,1194,2021-01-01,30
7880,1194,2021-02-01,30
7881,1194,2021-03-01,30
7882,1194,2021-04-01,30
7883,1194,2021-05-01,30
7884,1194,2021-06-01,30
7885,1194,2021-07-01,30
7886,1194,2021-08-01,30
7887,1194,2021-09-01,30
7888,1194,2021-10-01,30
7889,1194,2021-11-01,30
7890,1194,2021-12-01,30
7891,1194,2022-01-01,30
7892,1194,2022-02-01,30
7893,1194,2022-03-01,30
7894,1194,2022-04-01,30
7895,1194,2022-05-01,30
7896,1194,2022-06-01,30
7897,1194,2022-07-01,30
7898,1194,2022-08-01,30
7899,1194,2022-09-01,30
7900,1194,2022-10-01,30
7901,1194,2022-11-01,30
7902,1194,2022-12-01,30
7903,1194,2023-01-01,30
7904,1194,2023-02-01,30
7905,1194,2023-03-01,30
7906,1194,2023-04-01,30
7907,1194,2023-05-01,30
7908,1194,2023-06-01,30
7909,1194,2023-07-01,30
7910,1194,2023-08-01,30
7911,1194,2023-09-01,30
7912,1194,2023-10-01,30
7913,1194,2023-11-01,30
7914,1194,2023-12-01,30
7915,1194,2024-01-01,30
7916,1194,2024-02-01,30
7917,1194,2024-03-01,30
7918,1194,2024-04-01,30
7919,1194,2024-05-01,30
7920,1194,2024-06-01,30
7921,1194,2024-07-01,30
7922,1194,2024-08-01,30
7923,1194,2024-09-01,30
7924,1194,2024-10-01,30
7925,1194,2024-11-01,30
7926,1194,2024-12-01,30
7927,1194,2025-01-01,30
7928,1195,2023-03-01,30
7929,1195,2023-04-01,30
7930,1195,2023-05-01,30
7931,1195,2023-06-01,30
7932,1195,2023-07-01,30
7933,1195,2023-08-01,30
7934,1195,2023-09-01,30
7935,1195,2023-10-01,30
7936,1195,2023-11-01,30
7937,1195,2023-12-01,30
7938,1195,2024-01-01,30
7939,1195,2024-02-01,30
7940,1195,2024-03-01,30
7941,1195,2024-04-01,30
7942,1195,2024-05-01,30
7943,1195,2024-06-01,30
7944,1195,2024-07-01,30
7945,1195,2024-08-01,30
7946,1195,2024-09-01,30
7947,1195,2024-10-01,30
7948,1195,2024-11-01,30
7949,1195,2024-12-01,30
7950,1195,2025-01-01,30
7951,1196,2021-02-01,30
7952,1196,2021-03-01,30
7953,1196,2021-04-01,30
7954,1196,2021-05-01,30
7955,1196,2021-06-01,30
7956,1196,2021-07-01,30
7957,1196,2021-08-01,30
7958,1196,2021-09-01,30
7959,1196,2021-10-01,30
7960,1196,2021-11-01,30
7961,1196,2021-12-01,30
7962,1196,2022-01-01,30
7963,1196,2022-02-01,30
7964,1196,2022-03-01,30
7965,1196,2022-04-01,30
7966,1196,2022-05-01,30
7967,1196,2022-06-01,30
7968,1196,2022-07-01,30
7969,1196,2022-08-01,30
7970,1196,2022-09-01,30
7971,1196,2022-10-01,30
7972,1196,2022-11-01,30
7973,1196,2022-12-01,30
7974,1196,2023-01-01,30
7975,1196,2023-02-01,30
7976,1196,2023-03-01,30
7977,1196,2023-04-01,30
7978,1196,2023-05-01,30
7979,1196,2023-06-01,30
7980,1196,2023-07-01,30
7981,1196,2023-08-01,30
7982,1196,2023-09-01,30
7983,1196,2023-10-01,30
7984,1196,2023-11-01,30
7985,1196,2023-12-01,30
7986,1196,2024-01-01,30
7987,1196,2024-02-01,30
7988,1196,2024-03-01,30
7989,1196,2024-04-01,30
7990,1196,2024-05-01,30
7991,1196,2024-06-01,30
7992,1196,2024-07-01,30
7993,1196,2024-08-01,30
7994,1196,2024-09-01,30
7995,1196,2024-10-01,30
7996,1196,2024-11-01,30
7997,1196,2024-12-01,30
7998,1196,2025-01-01,30
7999,1197,2021-03-01,20
8000,1197,2021-04-01,20
8001,1197,2021-05-01,20
8002,1197,2021-06-01,20
8003,1197,2021-07-01,20
8004,1197,2021-08-01,20
8005,1197,2021-09-01,20
8006,1197,2021-10-01,20
8007,1197,2021-11-01,20
8008,1197,2021-12-01,20
8009,1197,2022-01-01,20
8010,1197,2022-02-01,20
8011,1197,2022-03-01,20
8012,1197,2022-04-01,20
8013,1197,2022-05-01,20
8014,1197,2022-06-01,20
8015,1197,2022-07-01,20
8016,1197,2022-08-01,20
8017,1197,2022-09-01,20
8018,1197,2022-10-01,20
8019,1197,2022-11-01,20
8020,1197,2022-12-01,20
8021,1197,2023-01-01,20
8022,1197,2023-02-01,20
8023,1197,2023-03-01,20
8024,1197,2023-04-01,20
8025,1197,2023-05-01,20
8026,1197,2023-06-01,20
8027,1197,2023-07-01,20
8028,1197,2023-08-01,20
8029,1197,2023-09-01,20
8030,1197,2023-10-01,20
8031,1197,2023-11-01,20
8032,1197,2023-12-01,20
8033,1197,2024-01-01,20
8034,1197,2024-02-01,20
8035,1197,2024-03-01,20
8036,1197,2024-04-01,20
8037,1197,2024-05-01,20
8038,1197,2024-06-01,20
8039,1197,2024-07-01,20
8040,1197,2024-08-01,20
8041,1197,2024-09-01,20
8042,1197,2024-10-01,20
8043,1197,2024-11-01,20
8044,1197,2024-12-01,20
8045,1197,2025-01-01,20
8046,1198,2020-06-01,50
8047,1198,2020-07-01,50
8048,1198,2020-08-01,50
8049,1198,2020-09-01,50
8050,1198,2020-10-01,50
8051,1198,2020-11-01,50
8052,1198,2020-12-01,50
8053,1198,2021-01-01,50
8054,1198,2021-02-01,50
8055,1198,2021-03-01,50
8056,1198,2021-04-01,50
8057,1198,2021-05-01,50
8058,1198,2021-06-01,50
8059,1198,2021-07-01,50
8060,1198,2021-08-01,50
8061,1198,2021-09-01,50
8062,1198,2021-10-01,50
8063,1198,2021-11-01,50
8064,1198,2021-12-01,50
8065,1198,2022-01-01,50
8066,1198,2022-02-01,50
8067,1198,2022-03-01,50
8068,1198,2022-04-01,50
8069,1198,2022-05-01,50
8070,1198,2022-06-01,50
8071,1198,2022-07-01,50
8072,1198,2022-08-01,50
8073,1198,2022-09-01,50
8074,1198,2022-10-01,50
8075,1198,2022-11-01,50
8076,1198,2022-12-01,50
8077,1198,2023-01-01,50
8078,1198,2023-02-01,50
8079,1198,2023-03-01,50
8080,1198,2023-04-01,50
8081,1198,2023-05-01,50
8082,1198,2023-06-01,50
8083,1198,2023-07-01,50
8084,1198,2023-08-01,50
8085,1198,2023-09-01,50
8086,1198,2023-10-01,50
8087,1198,2023-11-01,50
8088,1198,2023-12-01,50
8089,1198,2024-01-01,50
8090,1198,2024-02-01,50
8091,1198,2024-03-01,50
8092,1198,2024-04-01,50
8093,1198,2024-05-01,50
8094,1198,2024-06-01,50
8095,1198,2024-07-01,50
8096,1198,2024-08-01,50
8097,1198,2024-09-01,50
8098,1198,2024-10-01,50
8099,1198,2024-11-01,50
8100,1198,2024-12-01,50
8101,1198,2025-01-01,50
8102,1199,2023-03-01,20
8103,1199,2023-04-01,20
8104,1199,2023-05-01,20
8105,1199,2023-06-01,20
8106,1199,2023-07-01,20
8107,1199,2023-08-01,20
8108,1199,2023-09-01,20
8109,1199,2023-10-01,20
8110,1199,2023-11-01,20
8111,1199,2023-12-01,20
8112,1199,2024-01-01,20
8113,1199,2024-02-01,20
8114,1199,2024-03-01,20
8115,1199,2024-04-01,20
8116,1199,2024-05-01,20
8117,1199,2024-06-01,20
8118,1199,2024-07-01,20
8119,1199,2024-08-01,20
8120,1199,2024-09-01,20
8121,1199,2024-10-01,20
8122,1199,2024-11-01,20
8123,1199,2024-12-01,20
8124,1199,2025-01-01,20
8125,1200,2021-08-01,20
8126,1200,2021-09-01,20
8127,1200,2021-10-01,20
8128,1200,2021-11-01,20
8129,1200,2021-12-01,20
8130,1200,2022-01-01,20
8131,1200,2022-02-01,20
8132,1200,2022-03-01,20
8133,1200,2022-04-01,20
8134,1200,2022-05-01,20
8135,1200,2022-06-01,20
8136,1200,2022-07-01,20
8137,1200,2022-08-01,20
8138,1200,2022-09-01,20
8139,1200,2022-10-01,20
8140,1200,2022-11-01,20
8141,1200,2022-12-01,20
8142,1200,2023-01-01,20
8143,1200,2023-02-01,20
8144,1200,2023-03-01,20
8145,1200,2023-04-01,20
8146,1200,2023-05-01,20
8147,1200,2023-06-01,20
8148,1200,2023-07-01,20
8149,1200,2023-08-01,20
8150,1200,2023-09-01,20
8151,1200,2023-10-01,20
8152,1200,2023-11-01,20
8153,1200,2023-12-01,20
8154,1200,2024-01-01,20
8155,1200,2024-02-01,20
8156,1200,2024-03-01,20
8157,1200,2024-04-01,20
8158,1200,2024-05-01,20
8159,1200,2024-06-01,20
8160,1200,2024-07-01,20
8161,1200,2024-08-01,20
8162,1200,2024-09-01,20
8163,1200,2024-10-01,20
8164,1200,2024-11-01,20
8165,1200,2024-12-01,20
8166,1200,2025-01-01,20
8167,1201,2024-06-01,50
8168,1201,2024-07-01,50
8169,1201,2024-08-01,50
8170,1201,2024-09-01,50
8171,1201,2024-10-01,50
8172,1201,2024-11-01,50
8173,1201,2024-12-01,50
8174,1201,2025-01-01,50
8175,1202,2020-02-01,30
8176,1202,2020-03-01,30
8177,1202,2020-04-01,30
8178,1202,2020-05-01,30
8179,1202,2020-06-01,30
8180,1202,2020-07-01,30
8181,1202,2020-08-01,30
8182,1202,2020-09-01,30
8183,1202,2020-10-01,30
8184,1202,2020-11-01,30
8185,1202,2020-12-01,30
8186,1202,2021-01-01,30
8187,1202,2021-02-01,30
8188,1202,2021-03-01,30
8189,1202,2021-04-01,30
8190,1202,2021-05-01,30
8191,1202,2021-06-01,30
8192,1202,2021-07-01,30
8193,1202,2021-08-01,30
8194,1202,2021-09-01,30
8195,1202,2021-10-01,30
8196,1202,2021-11-01,30
8197,1202,2021-12-01,30
8198,1202,2022-01-01,30
8199,1202,2022-02-01,30
8200,1202,2022-03-01,30
8201,1202,2022-04-01,30
8202,1202,2022-05-01,30
8203,1202,2022-06-01,30
8204,1202,2022-07-01,30
8205,1202,2022-08-01,30
8206,1202,2022-09-01,30
8207,1202,2022-10-01,30
8208,1202,2022-11-01,30
8209,1202,2022-12-01,30
8210,1202,2023-01-01,30
8211,1202,2023-02-01,30
8212,1202,2023-03-01,30
8213,1202,2023-04-01,30
8214,1202,2023-05-01,30
8215,1202,2023-06-01,30
8216,1202,2023-07-01,30
8217,1202,2023-08-01,30
8218,1202,2023-09-01,30
8219,1202,2023-10-01,30
8220,1202,2023-11-01,30
8221,1202,2023-12-01,30
8222,1202,2024-01-01,30
8223,1202,2024-02-01,30
8224,1202,2024-03-01,30
8225,1202,2024-04-01,30
8226,1202,2024-05-01,30
8227,1202,2024-06-01,30
8228,1202,2024-07-01,30
8229,1202,2024-08-01,30
8230,1202,2024-09-01,30
8231,1202,2024-10-01,30
8232,1202,2024-11-01,30
8233,1202,2024-12-01,30
8234,1202,2025-01-01,30
8235,1203,2023-02-01,20
8236,1203,2023-03-01,20
8237,1203,2023-04-01,20
8238,1203,2023-05-01,20
8239,1203,2023-06-01,20
8240,1203,2023-07-01,20
8241,1203,2023-08-01,20
8242,1203,2023-09-01,20
8243,1203,2023-10-01,20
8244,1203,2023-11-01,20
8245,1204,2022-11-01,50
8246,1204,2022-12-01,50
8247,1204,2023-01-01,50
8248,1204,2023-02-01,50
8249,1204,2023-03-01,50
8250,1204,2023-04-01,50
8251,1204,2023-05-01,50
8252,1204,2023-06-01,50
8253,1204,2023-07-01,50
8254,1204,2023-08-01,50
8255,1204,2023-09-01,50
8256,1204,2023-10-01,50
8257,1204,2023-11-01,50
8258,1204,2023-12-01,50
8259,1204,2024-01-01,50
8260,1204,2024-02-01,50
8261,1204,2024-03-01,50
8262,1204,2024-04-01,50
8263,1204,2024-05-01,50
8264,1204,2024-06-01,50
8265,1204,2024-07-01,50
8266,1204,2024-08-01,50
8267,1204,2024-09-01,50
8268,1204,2024-10-01,50
8269,1204,2024-11-01,50
8270,1204,2024-12-01,50
8271,1204,2025-01-01,50
8272,1205,2020-09-01,20
8273,1205,2020-10-01,20
8274,1205,2020-11-01,20
8275,1205,2020-12-01,20
8276,1205,2021-01-01,20
8277,1205,2021-02-01,20
8278,1205,2021-03-01,20
8279,1205,2021-04-01,20
8280,1205,2021-05-01,20
8281,1205,2021-06-01,20
8282,1205,2021-07-01,20
8283,1205,2021-08-01,20
8284,1205,2021-09-01,20
8285,1205,2021-10-01,20
8286,1205,2021-11-01,20
8287,1205,2021-12-01,20
8288,1205,2022-01-01,20
8289,1205,2022-02-01,20
8290,1205,2022-03-01,20
8291,1205,2022-04-01,20
8292,1205,2022-05-01,20
8293,1205,2022-06-01,20
8294,1205,2022-07-01,20
8295,1205,2022-08-01,20
8296,1205,2022-09-01,20
8297,1205,2022-10-01,20
8298,1205,2022-11-01,20
8299,1205,2022-12-01,20
8300,1205,2023-01-01,20
8301,1205,2023-02-01,20
8302,1205,2023-03-01,20
8303,1205,2023-04-01,20
8304,1205,2023-05-01,20
8305,1205,2023-06-01,20
8306,1205,2023-07-01,20
8307,1205,2023-08-01,20
8308,1205,2023-09-01,20
8309,1205,2023-10-01,20
8310,1205,2023-11-01,20
8311,1205,2023-12-01,20
8312,1205,2024-01-01,20
8313,1205,2024-02-01,20
8314,1205,2024-03-01,20
8315,1205,2024-04-01,20
8316,1205,2024-05-01,20
8317,1205,2024-06-01,20
8318,1205,2024-07-01,20
8319,1205,2024-08-01,20
8320,1205,2024-09-01,20
8321,1205,2024-10-01,20
8322,1205,2024-11-01,20
8323,1205,2024-12-01,20
8324,1205,2025-01-01,20
8325,1206,2020-09-01,30
8326,1206,2020-10-01,30
8327,1206,2020-11-01,30
8328,1206,2020-12-01,30
8329,1206,2021-01-01,30
8330,1206,2021-02-01,30
8331,1206,2021-03-01,30
8332,1206,2021-04-01,30
8333,1206,2021-05-01,30
8334,1206,2021-06-01,30
8335,1206,2021-07-01,30
8336,1206,2021-08-01,30
8337,1206,2021-09-01,30
8338,1206,2021-10-01,30
8339,1206,2021-11-01,30
8340,1206,2021-12-01,30
8341,1206,2022-01-01,30
8342,1207,2022-03-01,30
8343,1207,2022-04-01,30
8344,1207,2022-05-01,30
8345,1207,2022-06-01,30
8346,1207,2022-07-01,30
8347,1207,2022-08-01,30
8348,1207,2022-09-01,30
8349,1207,2022-10-01,30
8350,1207,2022-11-01,30
8351,1207,2022-12-01,30
8352,1207,2023-01-01,30
8353,1207,2023-02-01,30
8354,1207,2023-03-01,30
8355,1207,2023-04-01,30
8356,1207,2023-05-01,30
8357,1207,2023-06-01,30
8358,1207,2023-07-01,30
8359,1207,2023-08-01,30
8360,1207,2023-09-01,30
8361,1207,2023-10-01,30
8362,1207,2023-11-01,30
8363,1207,2023-12-01,30
8364,1207,2024-01-01,30
8365,1207,2024-02-01,30
8366,1207,2024-03-01,30
8367,1207,2024-04-01,30
8368,1207,2024-05-01,30
8369,1207,2024-06-01,30
8370,1207,2024-07-01,30
8371,1207,2024-08-01,30
8372,1207,2024-09-01,30
8373,1207,2024-10-01,30
8374,1207,2024-11-01,30
8375,1207,2024-12-01,30
8376,1207,2025-01-01,30
8377,1208,2023-08-01,20
8378,1208,2023-09-01,20
8379,1208,2023-10-01,20
8380,1208,2023-11-01,20
8381,1208,2023-12-01,20
8382,1208,2024-01-01,20
8383,1208,2024-02-01,20
8384,1208,2024-03-01,20
8385,1208,2024-04-01,20
8386,1208,2024-05-01,20
8387,1208,2024-06-01,20
8388,1208,2024-07-01,20
8389,1208,2024-08-01,20
8390,1208,2024-09-01,20
8391,1208,2024-10-01,20
8392,1208,2024-11-01,20
8393,1208,2024-12-01,20
8394,1208,2025-01-01,20
8395,1209,2022-01-01,30
8396,1209,2022-02-01,30
8397,1209,2022-03-01,30
8398,1209,2022-04-01,30
8399,1209,2022-05-01,30
8400,1209,2022-06-01,30
8401,1209,2022-07-01,30
8402,1209,2022-08-01,30
8403,1209,2022-09-01,30
8404,1209,2022-10-01,30
8405,1209,2022-11-01,30
8406,1209,2022-12-01,30
8407,1209,2023-01-01,30
8408,1209,2023-02-01,30
8409,1209,2023-03-01,30
8410,1209,2023-04-01,30
8411,1209,2023-05-01,30
8412,1209,2023-06-01,30
8413,1209,2023-07-01,30
8414,1209,2023-08-01,30
8415,1209,2023-09-01,30
8416,1209,2023-10-01,30
8417,1209,2023-11-01,30
8418,1209,2023-12-01,30
8419,1209,2024-01-01,30
8420,1209,2024-02-01,30
8421,1209,2024-03-01,30
8422,1209,2024-04-01,30
8423,1209,2024-05-01,30
8424,1209,2024-06-01,30
8425,1209,2024-07-01,30
8426,1209,2024-08-01,30
8427,1209,2024-09-01,30
8428,1209,2024-10-01,30
8429,1209,2024-11-01,30
8430,1209,2024-12-01,30
8431,1209,2025-01-01,30
8432,1210,2022-02-01,30
8433,1210,2022-03-01,30
8434,1210,2022-04-01,30
8435,1210,2022-05-01,30
8436,1210,2022-06-01,30
8437,1210,2022-07-01,30
8438,1210,2022-08-01,30
8439,1210,2022-09-01,30
8440,1210,2022-10-01,30
8441,1210,2022-11-01,30
8442,1210,2022-12-01,30
8443,1210,2023-01-01,30
8444,1210,2023-02-01,30
8445,1210,2023-03-01,30
8446,1210,2023-04-01,30
8447,1210,2023-05-01,30
8448,1210,2023-06-01,30
8449,1210,2023-07-01,30
8450,1210,2023-08-01,30
8451,1210,2023-09-01,30
8452,1210,2023-10-01,30
8453,1210,2023-11-01,30
8454,1210,2023-12-01,30
8455,1210,2024-01-01,30
8456,1210,2024-02-01,30
8457,1210,2024-03-01,30
8458,1210,2024-04-01,30
8459,1210,2024-05-01,30
8460,1210,2024-06-01,30
8461,1210,2024-07-01,30
8462,1210,2024-08-01,30
8463,1210,2024-09-01,30
8464,1210,2024-10-01,30
8465,1210,2024-11-01,30
8466,1210,2024-12-01,30
8467,1210,2025-01-01,30
8468,1211,2022-04-01,30
8469,1211,2022-05-01,30
8470,1211,2022-06-01,30
8471,1211,2022-07-01,30
8472,1211,2022-08-01,30
8473,1212,2022-03-01,30
8474,1212,2022-04-01,30
8475,1212,2022-05-01,30
8476,1212,2022-06-01,30
8477,1212,2022-07-01,30
8478,1212,2022-08-01,30
8479,1212,2022-09-01,30
8480,1212,2022-10-01,30
8481,1212,2022-11-01,30
8482,1212,2022-12-01,30
8483,1212,2023-01-01,30
8484,1212,2023-02-01,30
8485,1212,2023-03-01,30
8486,1212,2023-04-01,30
8487,1212,2023-05-01,30
8488,1212,2023-06-01,30
8489,1212,2023-07-01,30
8490,1212,2023-08-01,30
8491,1212,2023-09-01,30
8492,1212,2023-10-01,30
8493,1212,2023-11-01,30
8494,1212,2023-12-01,30
8495,1212,2024-01-01,30
8496,1212,2024-02-01,30
8497,1212,2024-03-01,30
8498,1212,2024-04-01,30
8499,1212,2024-05-01,30
8500,1212,2024-06-01,30
8501,1212,2024-07-01,30
8502,1212,2024-08-01,30
8503,1212,2024-09-01,30
8504,1212,2024-10-01,30
8505,1212,2024-11-01,30
8506,1212,2024-12-01,30
8507,1212,2025-01-01,30
8508,1213,2022-01-01,50
8509,1213,2022-02-01,50
8510,1213,2022-03-01,50
8511,1213,2022-04-01,50
8512,1213,2022-05-01,50
8513,1213,2022-06-01,50
8514,1213,2022-07-01,50
8515,1213,2022-08-01,50
8516,1213,2022-09-01,50
8517,1213,2022-10-01,50
8518,1213,2022-11-01,50
8519,1213,2022-12-01,50
8520,1213,2023-01-01,50
8521,1213,2023-02-01,50
8522,1213,2023-03-01,50
8523,1213,2023-04-01,50
8524,1213,2023-05-01,50
8525,1213,2023-06-01,50
8526,1213,2023-07-01,50
8527,1213,2023-08-01,50
8528,1213,2023-09-01,50
8529,1213,2023-10-01,50
8530,1213,2023-11-01,50
8531,1213,2023-12-01,50
8532,1213,2024-01-01,50
8533,1213,2024-02-01,50
8534,1213,2024-03-01,50
8535,1213,2024-04-01,50
8536,1213,2024-05-01,50
8537,1213,2024-06-01,50
8538,1213,2024-07-01,50
8539,1213,2024-08-01,50
8540,1213,2024-09-01,50
8541,1213,2024-10-01,50
8542,1213,2024-11-01,50
8543,1213,2024-12-01,50
8544,1213,2025-01-01,50
8545,1214,2020-08-01,30
8546,1214,2020-09-01,30
8547,1214,2020-10-01,30
8548,1214,2020-11-01,30
8549,1214,2020-12-01,30
8550,1214,2021-01-01,30
8551,1214,2021-02-01,30
8552,1214,2021-03-01,30
8553,1214,2021-04-01,30
8554,1214,2021-05-01,30
8555,1214,2021-06-01,30
8556,1214,2021-07-01,30
8557,1214,2021-08-01,30
8558,1214,2021-09-01,30
8559,1214,2021-10-01,30
8560,1214,2021-11-01,30
8561,1214,2021-12-01,30
8562,1214,2022-01-01,30
8563,1214,2022-02-01,30
8564,1214,2022-03-01,30
8565,1214,2022-04-01,30
8566,1214,2022-05-01,30
8567,1214,2022-06-01,30
8568,1214,2022-07-01,30
8569,1214,2022-08-01,30
8570,1214,2022-09-01,30
8571,1214,2022-10-01,30
8572,1214,2022-11-01,30
8573,1214,2022-12-01,30
8574,1214,2023-01-01,30
8575,1214,2023-02-01,30
8576,1214,2023-03-01,30
8577,1214,2023-04-01,30
8578,1214,2023-05-01,30
8579,1214,2023-06-01,30
8580,1214,2023-07-01,30
8581,1214,2023-08-01,30
8582,1214,2023-09-01,30
8583,1214,2023-10-01,30
8584,1214,2023-11-01,30
8585,1214,2023-12-01,30
8586,1214,2024-01-01,30
8587,1214,2024-02-01,30
8588,1214,2024-03-01,30
8589,1214,2024-04-01,30
8590,1214,2024-05-01,30
8591,1214,2024-06-01,30
8592,1214,2024-07-01,30
8593,1214,2024-08-01,30
8594,1214,2024-09-01,30
8595,1214,2024-10-01,30
8596,1214,2024-11-01,30
8597,1214,2024-12-01,30
8598,1214,2025-01-01,30
8599,1215,2022-09-01,20
8600,1215,2022-10-01,20
8601,1215,2022-11-01,20
8602,1215,2022-12-01,20
8603,1215,2023-01-01,20
8604,1215,2023-02-01,20
8605,1215,2023-03-01,20
8606,1215,2023-04-01,20
8607,1215,2023-05-01,20
8608,1215,2023-06-01,20
8609,1215,2023-07-01,20
8610,1215,2023-08-01,20
8611,1215,2023-09-01,20
8612,1215,2023-10-01,20
8613,1215,2023-11-01,20
8614,1215,2023-12-01,20
8615,1215,2024-01-01,20
8616,1215,2024-02-01,20
8617,1215,2024-03-01,20
8618,1215,2024-04-01,20
8619,1215,2024-05-01,20
8620,1215,2024-06-01,20
8621,1215,2024-07-01,20
8622,1215,2024-08-01,20
8623,1215,2024-09-01,20
8624,1215,2024-10-01,20
8625,1215,2024-11-01,20
8626,1215,2024-12-01,20
8627,1215,2025-01-01,20
8628,1216,2020-04-01,30
8629,1216,2020-05-01,30
8630,1216,2020-06-01,30
8631,1216,2020-07-01,30
8632,1216,2020-08-01,30
8633,1216,2020-09-01,30
8634,1216,2020-10-01,30
8635,1216,2020-11-01,30
8636,1216,2020-12-01,30
8637,1216,2021-01-01,30
8638,1216,2021-02-01,30
8639,1216,2021-03-01,30
8640,1216,2021-04-01,30
8641,1216,2021-05-01,30
8642,1216,2021-06-01,30
8643,1216,2021-07-01,30
8644,1217,2022-09-01,30
8645,1217,2022-10-01,30
8646,1217,2022-11-01,30
8647,1217,2022-12-01,30
8648,1217,2023-01-01,30
8649,1217,2023-02-01,30
8650,1217,2023-03-01,30
8651,1217,2023-04-01,30
8652,1217,2023-05-01,30
8653,1217,2023-06-01,30
8654,1217,2023-07-01,30
8655,1217,2023-08-01,30
8656,1217,2023-09-01,30
8657,1217,2023-10-01,30
8658,1217,2023-11-01,30
8659,1217,2023-12-01,30
8660,1217,2024-01-01,30
8661,1217,2024-02-01,30
8662,1217,2024-03-01,30
8663,1217,2024-04-01,30
8664,1217,2024-05-01,30
8665,1217,2024-06-01,30
8666,1217,2024-07-01,30
8667,1217,2024-08-01,30
8668,1217,2024-09-01,30
8669,1217,2024-10-01,30
8670,1217,2024-11-01,30
8671,1217,2024-12-01,30
8672,1217,2025-01-01,30
8673,1218,2022-06-01,30
8674,1218,2022-07-01,30
8675,1218,2022-08-01,30
8676,1218,2022-09-01,30
8677,1218,2022-10-01,30
8678,1218,2022-11-01,30
8679,1218,2022-12-01,30
8680,1218,2023-01-01,30
8681,1218,2023-02-01,30
8682,1218,2023-03-01,30
8683,1218,2023-04-01,30
8684,1218,2023-05-01,30
8685,1218,2023-06-01,30
8686,1218,2023-07-01,30
8687,1218,2023-08-01,30
8688,1218,2023-09-01,30
8689,1218,2023-10-01,30
8690,1218,2023-11-01,30
8691,1218,2023-12-01,30
8692,1218,2024-01-01,30
8693,1218,2024-02-01,30
8694,1218,2024-03-01,30
8695,1218,2024-04-01,30
8696,1218,2024-05-01,30
8697,1218,2024-06-01,30
8698,1218,2024-07-01,30
8699,1218,2024-08-01,30
8700,1218,2024-09-01,30
8701,1218,2024-10-01,30
8702,1218,2024-11-01,30
8703,1218,2024-12-01,30
8704,1218,2025-01-01,30
8705,1219,2023-05-01,20
8706,1219,2023-06-01,20
8707,1219,2023-07-01,20
8708,1219,2023-08-01,20
8709,1219,2023-09-01,20
8710,1219,2023-10-01,20
8711,1219,2023-11-01,20
8712,1219,2023-12-01,20
8713,1219,2024-01-01,20
8714,1219,2024-02-01,20
8715,1219,2024-03-01,20
8716,1219,2024-04-01,20
8717,1219,2024-05-01,20
8718,1219,2024-06-01,20
8719,1219,2024-07-01,20
8720,1219,2024-08-01,20
8721,1219,2024-09-01,20
8722,1219,2024-10-01,20
8723,1219,2024-11-01,20
8724,1220,2021-05-01,50
8725,1220,2021-06-01,50
8726,1220,2021-07-01,50
8727,1220,2021-08-01,50
8728,1220,2021-09-01,50
8729,1220,2021-10-01,50
8730,1220,2021-11-01,50
8731,1220,2021-12-01,50
8732,1220,2022-01-01,50
8733,1220,2022-02-01,50
8734,1220,2022-03-01,50
8735,1220,2022-04-01,50
8736,1220,2022-05-01,50
8737,1220,2022-06-01,50
8738,1220,2022-07-01,50
8739,1220,2022-08-01,50
8740,1220,2022-09-01,50
8741,1220,2022-10-01,50
8742,1220,2022-11-01,50
8743,1220,2022-12-01,50
8744,1220,2023-01-01,50
8745,1220,2023-02-01,50
8746,1220,2023-03-01,50
8747,1220,2023-04-01,50
8748,1220,2023-05-01,50
8749,1220,2023-06-01,50
8750,1220,2023-07-01,50
8751,1220,2023-08-01,50
8752,1220,2023-09-01,50
8753,1220,2023-10-01,50
8754,1220,2023-11-01,50
8755,1220,2023-12-01,50
8756,1220,2024-01-01,50
8757,1220,2024-02-01,50
8758,1220,2024-03-01,50
8759,1220,2024-04-01,50
8760,1220,2024-05-01,50
8761,1220,2024-06-01,50
8762,1220,2024-07-01,50
8763,1220,2024-08-01,50
8764,1220,2024-09-01,50
8765,1220,2024-10-01,50
8766,1220,2024-11-01,50
8767,1220,2024-12-01,50
8768,1220,2025-01-01,50
8769,1221,2021-09-01,20
8770,1221,2021-10-01,20
8771,1221,2021-11-01,20
8772,1221,2021-12-01,20
8773,1221,2022-01-01,20
8774,1221,2022-02-01,20
8775,1221,2022-03-01,20
8776,1221,2022-04-01,20
8777,1221,2022-05-01,20
8778,1221,2022-06-01,20
8779,1221,2022-07-01,20
8780,1221,2022-08-01,20
8781,1221,2022-09-01,20
8782,1221,2022-10-01,20
8783,1221,2022-11-01,20
8784,1221,2022-12-01,20
8785,1221,2023-01-01,20
8786,1221,2023-02-01,20
8787,1221,2023-03-01,20
8788,1221,2023-04-01,20
8789,1221,2023-05-01,20
8790,1221,2023-06-01,20
8791,1221,2023-07-01,20
8792,1221,2023-08-01,20
8793,1221,2023-09-01,20
8794,1221,2023-10-01,20
8795,1221,2023-11-01,20
8796,1221,2023-12-01,20
8797,1221,2024-01-01,20
8798,1221,2024-02-01,20
8799,1221,2024-03-01,20
8800,1221,2024-04-01,20
8801,1221,2024-05-01,20
8802,1221,2024-06-01,20
8803,1221,2024-07-01,20
8804,1221,2024-08-01,20
8805,1221,2024-09-01,20
8806,1221,2024-10-01,20
8807,1221,2024-11-01,20
8808,1221,2024-12-01,20
8809,1221,2025-01-01,20
8810,1222,2024-01-01,30
8811,1222,2024-02-01,30
8812,1222,2024-03-01,30
8813,1222,2024-04-01,30
8814,1222,2024-05-01,30
8815,1222,2024-06-01,30
8816,1222,2024-07-01,30
8817,1222,2024-08-01,30
8818,1222,2024-09-01,30
8819,1222,2024-10-01,30
8820,1222,2024-11-01,30
8821,1222,2024-12-01,30
8822,1222,2025-01-01,30
8823,1223,2022-08-01,30
8824,1223,2022-09-01,30
8825,1223,2022-10-01,30
8826,1223,2022-11-01,30
8827,1223,2022-12-01,30
8828,1223,2023-01-01,30
8829,1223,2023-02-01,30
8830,1223,2023-03-01,30
8831,1223,2023-04-01,30
8832,1223,2023-05-01,30
8833,1223,2023-06-01,30
8834,1223,2023-07-01,30
8835,1223,2023-08-01,30
8836,1223,2023-09-01,30
8837,1223,2023-10-01,30
8838,1223,2023-11-01,30
8839,1223,2023-12-01,30
8840,1223,2024-01-01,30
8841,1223,2024-02-01,30
8842,1223,2024-03-01,30
8843,1223,2024-04-01,30
8844,1223,2024-05-01,30
8845,1223,2024-06-01,30
8846,1223,2024-07-01,30
8847,1223,2024-08-01,30
8848,1223,2024-09-01,30
8849,1223,2024-10-01,30
8850,1223,2024-11-01,30
8851,1223,2024-12-01,30
8852,1223,2025-01-01,30
8853,1224,2021-04-01,50
8854,1224,2021-05-01,50
8855,1224,2021-06-01,50
8856,1224,2021-07-01,50
8857,1224,2021-08-01,50
8858,1224,2021-09-01,50
8859,1225,2020-04-01,50
8860,1225,2020-05-01,50
8861,1225,2020-06-01,50
8862,1225,2020-07-01,50
8863,1225,2020-08-01,50
8864,1225,2020-09-01,50
8865,1225,2020-10-01,50
8866,1225,2020-11-01,50
8867,1225,2020-12-01,50
8868,1225,2021-01-01,50
8869,1225,2021-02-01,50
8870,1225,2021-03-01,50
8871,1225,2021-04-01,50
8872,1225,2021-05-01,50
8873,1225,2021-06-01,50
8874,1225,2021-07-01,50
8875,1225,2021-08-01,50
8876,1225,2021-09-01,50
8877,1225,2021-10-01,50
8878,1225,2021-11-01,50
8879,1225,2021-12-01,50
8880,1225,2022-01-01,50
8881,1225,2022-02-01,50
8882,1225,2022-03-01,50
8883,1225,2022-04-01,50
8884,1225,2022-05-01,50
8885,1225,2022-06-01,50
8886,1225,2022-07-01,50
8887,1225,2022-08-01,50
8888,1225,2022-09-01,50
8889,1225,2022-10-01,50
8890,1225,2022-11-01,50
8891,1225,2022-12-01,50
8892,1225,2023-01-01,50
8893,1225,2023-02-01,50
8894,1225,2023-03-01,50
8895,1225,2023-04-01,50
8896,1225,2023-05-01,50
8897,1225,2023-06-01,50
8898,1225,2023-07-01,50
8899,1225,2023-08-01,50
8900,1225,2023-09-01,50
8901,1225,2023-10-01,50
8902,1225,2023-11-01,50
8903,1225,2023-12-01,50
8904,1225,2024-01-01,50
8905,1225,2024-02-01,50
8906,1225,2024-03-01,50
8907,1225,2024-04-01,50
8908,1225,2024-05-01,50
8909,1225,2024-06-01,50
8910,1225,2024-07-01,50
8911,1225,2024-08-01,50
8912,1225,2024-09-01,50
8913,1225,2024-10-01,50
8914,1225,2024-11-01,50
8915,1225,2024-12-01,50
8916,1225,2025-01-01,50
8917,1226,2020-05-01,30
8918,1226,2020-06-01,30
8919,1226,2020-07-01,30
8920,1226,2020-08-01,30
8921,1226,2020-09-01,30
8922,1226,2020-10-01,30
8923,1226,2020-11-01,30
8924,1226,2020-12-01,30
8925,1226,2021-01-01,30
8926,1226,2021-02-01,30
8927,1226,2021-03-01,30
8928,1226,2021-04-01,30
8929,1226,2021-05-01,30
8930,1226,2021-06-01,30
8931,1226,2021-07-01,30
8932,1226,2021-08-01,30
8933,1226,2021-09-01,30
8934,1226,2021-10-01,30
8935,1226,2021-11-01,30
8936,1226,2021-12-01,30
8937,1226,2022-01-01,30
8938,1226,2022-02-01,30
8939,1226,2022-03-01,30
8940,1226,2022-04-01,30
8941,1226,2022-05-01,30
8942,1226,2022-06-01,30
8943,1226,2022-07-01,30
8944,1226,2022-08-01,30
8945,1226,2022-09-01,30
8946,1226,2022-10-01,30
8947,1226,2022-11-01,30
8948,1226,2022-12-01,30
8949,1226,2023-01-01,30
8950,1226,2023-02-01,30
8951,1226,2023-03-01,30
8952,1226,2023-04-01,30
8953,1226,2023-05-01,30
8954,1226,2023-06-01,30
8955,1226,2023-07-01,30
8956,1226,2023-08-01,30
8957,1226,2023-09-01,30
8958,1226,2023-10-01,30
8959,1226,2023-11-01,30
8960,1226,2023-12-01,30
8961,1226,2024-01-01,30
8962,1226,2024-02-01,30
8963,1226,2024-03-01,30
8964,1226,2024-04-01,30
8965,1226,2024-05-01,30
8966,1226,2024-06-01,30
8967,1226,2024-07-01,30
8968,1226,2024-08-01,30
8969,1226,2024-09-01,30
8970,1226,2024-10-01,30
8971,1226,2024-11-01,30
8972,1226,2024-12-01,30
8973,1226,2025-01-01,30
8974,1227,2022-11-01,30
8975,1227,2022-12-01,30
8976,1227,2023-01-01,30
8977,1227,2023-02-01,30
8978,1227,2023-03-01,30
8979,1227,2023-04-01,30
8980,1227,2023-05-01,30
8981,1227,2023-06-01,30
8982,1227,2023-07-01,30
8983,1227,2023-08-01,30
8984,1227,2023-09-01,30
8985,1227,2023-10-01,30
8986,1227,2023-11-01,30
8987,1227,2023-12-01,30
8988,1227,2024-01-01,30
8989,1227,2024-02-01,30
8990,1227,2024-03-01,30
8991,1227,2024-04-01,30
8992,1227,2024-05-01,30
8993,1227,2024-06-01,30
8994,1228,2022-05-01,20
8995,1228,2022-06-01,20
8996,1228,2022-07-01,20
8997,1228,2022-08-01,20
8998,1228,2022-09-01,20
8999,1228,2022-10-01,20
9000,1228,2022-11-01,20
9001,1228,2022-12-01,20
9002,1228,2023-01-01,20
9003,1228,2023-02-01,20
9004,1229,2023-06-01,30
9005,1229,2023-07-01,30
9006,1229,2023-08-01,30
9007,1229,2023-09-01,30
9008,1229,2023-10-01,30
9009,1229,2023-11-01,30
9010,1229,2023-12-01,30
9011,1229,2024-01-01,30
9012,1229,2024-02-01,30
9013,1229,2024-03-01,30
9014,1229,2024-04-01,30
9015,1229,2024-05-01,30
9016,1229,2024-06-01,30
9017,1229,2024-07-01,30
9018,1229,2024-08-01,30
9019,1229,2024-09-01,30
9020,1229,2024-10-01,30
9021,1229,2024-11-01,30
9022,1229,2024-12-01,30
9023,1229,2025-01-01,30
9024,1230,2024-04-01,30
9025,1230,2024-05-01,30
9026,1230,2024-06-01,30
9027,1230,2024-07-01,30
9028,1230,2024-08-01,30
9029,1230,2024-09-01,30
9030,1231,2020-04-01,30
9031,1231,2020-05-01,30
9032,1231,2020-06-01,30
9033,1231,2020-07-01,30
9034,1231,2020-08-01,30
9035,1231,2020-09-01,30
9036,1231,2020-10-01,30
9037,1231,2020-11-01,30
9038,1231,2020-12-01,30
9039,1231,2021-01-01,30
9040,1231,2021-02-01,30
9041,1231,2021-03-01,30
9042,1231,2021-04-01,30
9043,1231,2021-05-01,30
9044,1231,2021-06-01,30
9045,1231,2021-07-01,30
9046,1231,2021-08-01,30
9047,1231,2021-09-01,30
9048,1231,2021-10-01,30
9049,1231,2021-11-01,30
9050,1231,2021-12-01,30
9051,1231,2022-01-01,30
9052,1231,2022-02-01,30
9053,1231,2022-03-01,30
9054,1231,2022-04-01,30
9055,1231,2022-05-01,30
9056,1231,2022-06-01,30
9057,1231,2022-07-01,30
9058,1231,2022-08-01,30
9059,1231,2022-09-01,30
9060,1231,2022-10-01,30
9061,1231,2022-11-01,30
9062,1231,2022-12-01,30
9063,1231,2023-01-01,30
9064,1231,2023-02-01,30
9065,1231,2023-03-01,30
9066,1231,2023-04-01,30
9067,1231,2023-05-01,30
9068,1231,2023-06-01,30
9069,1231,2023-07-01,30
9070,1231,2023-08-01,30
9071,1231,2023-09-01,30
9072,1231,2023-10-01,30
9073,1231,2023-11-01,30
9074,1231,2023-12-01,30
9075,1231,2024-01-01,30
9076,1231,2024-02-01,30
9077,1231,2024-03-01,30
9078,1231,2024-04-01,30
9079,1231,2024-05-01,30
9080,1231,2024-06-01,30
9081,1231,2024-07-01,30
9082,1231,2024-08-01,30
9083,1231,2024-09-01,30
9084,1231,2024-10-01,30
9085,1231,2024-11-01,30
9086,1231,2024-12-01,30
9087,1231,2025-01-01,30
9088,1232,2020-03-01,20
9089,1232,2020-04-01,20
9090,1232,2020-05-01,20
9091,1232,2020-06-01,20
9092,1233,2023-12-01,50
9093,1233,2024-01-01,50
9094,1233,2024-02-01,50
9095,1233,2024-03-01,50
9096,1233,2024-04-01,50
9097,1233,2024-05-01,50
9098,1233,2024-06-01,50
9099,1233,2024-07-01,50
9100,1233,2024-08-01,50
9101,1233,2024-09-01,50
9102,1233,2024-10-01,50
9103,1233,2024-11-01,50
9104,1233,2024-12-01,50
9105,1233,2025-01-01,50
9106,1234,2024-08-01,50
9107,1234,2024-09-01,50
9108,1234,2024-10-01,50
9109,1234,2024-11-01,50
9110,1234,2024-12-01,50
9111,1234,2025-01-01,50
9112,1235,2024-01-01,50
9113,1235,2024-02-01,50
9114,1235,2024-03-01,50
9115,1235,2024-04-01,50
9116,1235,2024-05-01,50
9117,1235,2024-06-01,50
9118,1235,2024-07-01,50
9119,1235,2024-08-01,50
9120,1235,2024-09-01,50
9121,1235,2024-10-01,50
9122,1235,2024-11-01,50
9123,1235,2024-12-01,50
9124,1235,2025-01-01,50
9125,1236,2021-03-01,20
9126,1236,2021-04-01,20
9127,1236,2021-05-01,20
9128,1236,2021-06-01,20
9129,1236,2021-07-01,20
9130,1236,2021-08-01,20
9131,1236,2021-09-01,20
9132,1236,2021-10-01,20
9133,1237,2024-03-01,30
9134,1237,2024-04-01,30
9135,1237,2024-05-01,30
9136,1237,2024-06-01,30
9137,1237,2024-07-01,30
9138,1237,2024-08-01,30
9139,1237,2024-09-01,30
9140,1237,2024-10-01,30
9141,1237,2024-11-01,30
9142,1237,2024-12-01,30
9143,1237,2025-01-01,30
9144,1238,2021-11-01,30
9145,1238,2021-12-01,30
9146,1238,2022-01-01,30
9147,1238,2022-02-01,30
9148,1238,2022-03-01,30
9149,1238,2022-04-01,30
9150,1238,2022-05-01,30
9151,1238,2022-06-01,30
9152,1238,2022-07-01,30
9153,1238,2022-08-01,30
9154,1238,2022-09-01,30
9155,1238,2022-10-01,30
9156,1238,2022-11-01,30
9157,1238,2022-12-01,30
9158,1238,2023-01-01,30
9159,1238,2023-02-01,30
9160,1238,2023-03-01,30
9161,1238,2023-04-01,30
9162,1238,2023-05-01,30
9163,1238,2023-06-01,30
9164,1238,2023-07-01,30
9165,1238,2023-08-01,30
9166,1238,2023-09-01,30
9167,1238,2023-10-01,30
9168,1238,2023-11-01,30
9169,1238,2023-12-01,30
9170,1238,2024-01-01,30
9171,1238,2024-02-01,30
9172,1238,2024-03-01,30
9173,1238,2024-04-01,30
9174,1238,2024-05-01,30
9175,1238,2024-06-01,30
9176,1238,2024-07-01,30
9177,1238,2024-08-01,30
9178,1238,2024-09-01,30
9179,1238,2024-10-01,30
9180,1238,2024-11-01,30
9181,1238,2024-12-01,30
9182,1238,2025-01-01,30
9183,1239,2022-12-01,20
9184,1239,2023-01-01,20
9185,1239,2023-02-01,20
9186,1239,2023-03-01,20
9187,1239,2023-04-01,20
9188,1239,2023-05-01,20
9189,1239,2023-06-01,20
9190,1239,2023-07-01,20
9191,1239,2023-08-01,20
9192,1239,2023-09-01,20
9193,1239,2023-10-01,20
9194,1239,2023-11-01,20
9195,1239,2023-12-01,20
9196,1239,2024-01-01,20
9197,1239,2024-02-01,20
9198,1239,2024-03-01,20
9199,1239,2024-04-01,20
9200,1239,2024-05-01,20
9201,1239,2024-06-01,20
9202,1239,2024-07-01,20
9203,1239,2024-08-01,20
9204,1239,2024-09-01,20
9205,1239,2024-10-01,20
9206,1239,2024-11-01,20
9207,1239,2024-12-01,20
9208,1239,2025-01-01,20
9209,1240,2024-08-01,20
9210,1240,2024-09-01,20
9211,1240,2024-10-01,20
9212,1240,2024-11-01,20
9213,1240,2024-12-01,20
9214,1240,2025-01-01,20
9215,1241,2020-06-01,30
9216,1241,2020-07-01,30
9217,1241,2020-08-01,30
9218,1241,2020-09-01,30
9219,1241,2020-10-01,30
9220,1241,2020-11-01,30
9221,1241,2020-12-01,30
9222,1241,2021-01-01,30
9223,1241,2021-02-01,30
9224,1241,2021-03-01,30
9225,1241,2021-04-01,30
9226,1241,2021-05-01,30
9227,1241,2021-06-01,30
9228,1241,2021-07-01,30
9229,1241,2021-08-01,30
9230,1241,2021-09-01,30
9231,1241,2021-10-01,30
9232,1241,2021-11-01,30
9233,1241,2021-12-01,30
9234,1241,2022-01-01,30
9235,1241,2022-02-01,30
9236,1241,2022-03-01,30
9237,1241,2022-04-01,30
9238,1241,2022-05-01,30
9239,1241,2022-06-01,30
9240,1241,2022-07-01,30
9241,1241,2022-08-01,30
9242,1241,2022-09-01,30
9243,1241,2022-10-01,30
9244,1241,2022-11-01,30
9245,1241,2022-12-01,30
9246,1241,2023-01-01,30
9247,1241,2023-02-01,30
9248,1241,2023-03-01,30
9249,1241,2023-04-01,30
9250,1241,2023-05-01,30
9251,1241,2023-06-01,30
9252,1241,2023-07-01,30
9253,1241,2023-08-01,30
9254,1241,2023-09-01,30
9255,1241,2023-10-01,30
9256,1241,2023-11-01,30
9257,1241,2023-12-01,30
9258,1241,2024-01-01,30
9259,1241,2024-02-01,30
9260,1241,2024-03-01,30
9261,1241,2024-04-01,30
9262,1241,2024-05-01,30
9263,1241,2024-06-01,30
9264,1241,2024-07-01,30
9265,1241,2024-08-01,30
9266,1241,2024-09-01,30
9267,1241,2024-10-01,30
9268,1241,2024-11-01,30
9269,1241,2024-12-01,30
9270,1241,2025-01-01,30
9271,1242,2020-11-01,20
9272,1242,2020-12-01,20
9273,1242,2021-01-01,20
9274,1242,2021-02-01,20
9275,1242,2021-03-01,20
9276,1242,2021-04-01,20
9277,1242,2021-05-01,20
9278,1242,2021-06-01,20
9279,1242,2021-07-01,20
9280,1242,2021-08-01,20
9281,1242,2021-09-01,20
9282,1242,2021-10-01,20
9283,1242,2021-11-01,20
9284,1242,2021-12-01,20
9285,1242,2022-01-01,20
9286,1242,2022-02-01,20
9287,1242,2022-03-01,20
9288,1242,2022-04-01,20
9289,1242,2022-05-01,20
9290,1242,2022-06-01,20
9291,1242,2022-07-01,20
9292,1242,2022-08-01,20
9293,1242,2022-09-01,20
9294,1242,2022-10-01,20
9295,1243,2020-09-01,30
9296,1243,2020-10-01,30
9297,1243,2020-11-01,30
9298,1243,2020-12-01,30
9299,1243,2021-01-01,30
9300,1243,2021-02-01,30
9301,1243,2021-03-01,30
9302,1243,2021-04-01,30
9303,1243,2021-05-01,30
9304,1243,2021-06-01,30
9305,1243,2021-07-01,30
9306,1243,2021-08-01,30
9307,1243,2021-09-01,30
9308,1243,2021-10-01,30
9309,1243,2021-11-01,30
9310,1243,2021-12-01,30
9311,1243,2022-01-01,30
9312,1243,2022-02-01,30
9313,1243,2022-03-01,30
9314,1243,2022-04-01,30
9315,1243,2022-05-01,30
9316,1243,2022-06-01,30
9317,1243,2022-07-01,30
9318,1243,2022-08-01,30
9319,1243,2022-09-01,30
9320,1243,2022-10-01,30
9321,1243,2022-11-01,30
9322,1243,2022-12-01,30
9323,1243,2023-01-01,30
9324,1243,2023-02-01,30
9325,1243,2023-03-01,30
9326,1243,2023-04-01,30
9327,1243,2023-05-01,30
9328,1243,2023-06-01,30
9329,1243,2023-07-01,30
9330,1243,2023-08-01,30
9331,1243,2023-09-01,30
9332,1243,2023-10-01,30
9333,1243,2023-11-01,30
9334,1243,2023-12-01,30
9335,1243,2024-01-01,30
9336,1243,2024-02-01,30
9337,1243,2024-03-01,30
9338,1243,2024-04-01,30
9339,1243,2024-05-01,30
9340,1243,2024-06-01,30
9341,1243,2024-07-01,30
9342,1243,2024-08-01,30
9343,1243,2024-09-01,30
9344,1243,2024-10-01,30
9345,1243,2024-11-01,30
9346,1243,2024-12-01,30
9347,1243,2025-01-01,30
9348,1244,2021-01-01,50
9349,1244,2021-02-01,50
9350,1244,2021-03-01,50
9351,1244,2021-04-01,50
9352,1244,2021-05-01,50
9353,1244,2021-06-01,50
9354,1244,2021-07-01,50
9355,1244,2021-08-01,50
9356,1244,2021-09-01,50
9357,1244,2021-10-01,50
9358,1244,2021-11-01,50
9359,1244,2021-12-01,50
9360,1244,2022-01-01,50
9361,1244,2022-02-01,50
9362,1244,2022-03-01,50
9363,1244,2022-04-01,50
9364,1244,2022-05-01,50
9365,1244,2022-06-01,50
9366,1244,2022-07-01,50
9367,1244,2022-08-01,50
9368,1244,2022-09-01,50
9369,1244,2022-10-01,50
9370,1244,2022-11-01,50
9371,1244,2022-12-01,50
9372,1244,2023-01-01,50
9373,1244,2023-02-01,50
9374,1244,2023-03-01,50
9375,1244,2023-04-01,50
9376,1244,2023-05-01,50
9377,1244,2023-06-01,50
9378,1244,2023-07-01,50
9379,1244,2023-08-01,50
9380,1244,2023-09-01,50
9381,1244,2023-10-01,50
9382,1244,2023-11-01,50
9383,1244,2023-12-01,50
9384,1244,2024-01-01,50
9385,1244,2024-02-01,50
9386,1244,2024-03-01,50
9387,1244,2024-04-01,50
9388,1244,2024-05-01,50
9389,1244,2024-06-01,50
9390,1244,2024-07-01,50
9391,1244,2024-08-01,50
9392,1244,2024-09-01,50
9393,1244,2024-10-01,50
9394,1244,2024-11-01,50
9395,1244,2024-12-01,50
9396,1244,2025-01-01,50
9397,1245,2023-07-01,30
9398,1245,2023-08-01,30
9399,1245,2023-09-01,30
9400,1245,2023-10-01,30
9401,1245,2023-11-01,30
9402,1245,2023-12-01,30
9403,1245,2024-01-01,30
9404,1245,2024-02-01,30
9405,1245,2024-03-01,30
9406,1245,2024-04-01,30
9407,1245,2024-05-01,30
9408,1245,2024-06-01,30
9409,1245,2024-07-01,30
9410,1245,2024-08-01,30
9411,1245,2024-09-01,30
9412,1245,2024-10-01,30
9413,1245,2024-11-01,30
9414,1245,2024-12-01,30
9415,1245,2025-01-01,30
9416,1246,2024-08-01,50
9417,1246,2024-09-01,50
9418,1246,2024-10-01,50
9419,1246,2024-11-01,50
9420,1246,2024-12-01,50
9421,1246,2025-01-01,50
9422,1247,2021-04-01,30
9423,1247,2021-05-01,30
9424,1247,2021-06-01,30
9425,1247,2021-07-01,30
9426,1247,2021-08-01,30
9427,1247,2021-09-01,30
9428,1247,2021-10-01,30
9429,1247,2021-11-01,30
9430,1247,2021-12-01,30
9431,1247,2022-01-01,30
9432,1247,2022-02-01,30
9433,1247,2022-03-01,30
9434,1248,2021-03-01,20
9435,1248,2021-04-01,20
9436,1248,2021-05-01,20
9437,1248,2021-06-01,20
9438,1248,2021-07-01,20
9439,1248,2021-08-01,20
9440,1249,2023-06-01,50
9441,1249,2023-07-01,50
9442,1249,2023-08-01,50
9443,1249,2023-09-01,50
9444,1249,2023-10-01,50
9445,1249,2023-11-01,50
9446,1249,2023-12-01,50
9447,1249,2024-01-01,50
9448,1249,2024-02-01,50
9449,1249,2024-03-01,50
9450,1249,2024-04-01,50
9451,1249,2024-05-01,50
9452,1249,2024-06-01,50
9453,1249,2024-07-01,50
9454,1249,2024-08-01,50
9455,1249,2024-09-01,50
9456,1249,2024-10-01,50
9457,1249,2024-11-01,50
9458,1249,2024-12-01,50
9459,1249,2025-01-01,50
9460,1250,2023-12-01,50
9461,1250,2024-01-01,50
9462,1250,2024-02-01,50
9463,1250,2024-03-01,50
9464,1250,2024-04-01,50
9465,1250,2024-05-01,50
9466,1250,2024-06-01,50
9467,1250,2024-07-01,50
9468,1250,2024-08-01,50
9469,1250,2024-09-01,50
9470,1250,2024-10-01,50
9471,1250,2024-11-01,50
9472,1250,2024-12-01,50
9473,1250,2025-01-01,50
9474,1251,2021-06-01,30
9475,1251,2021-07-01,30
9476,1251,2021-08-01,30
9477,1251,2021-09-01,30
9478,1251,2021-10-01,30
9479,1251,2021-11-01,30
9480,1251,2021-12-01,30
9481,1251,2022-01-01,30
9482,1251,2022-02-01,30
9483,1251,2022-03-01,30
9484,1251,2022-04-01,30
9485,1251,2022-05-01,30
9486,1251,2022-06-01,30
9487,1251,2022-07-01,30
9488,1251,2022-08-01,30
9489,1251,2022-09-01,30
9490,1251,2022-10-01,30
9491,1251,2022-11-01,30
9492,1251,2022-12-01,30
9493,1251,2023-01-01,30
9494,1251,2023-02-01,30
9495,1251,2023-03-01,30
9496,1251,2023-04-01,30
9497,1251,2023-05-01,30
9498,1252,2021-07-01,20
9499,1252,2021-08-01,20
9500,1252,2021-09-01,20
9501,1252,2021-10-01,20
9502,1252,2021-11-01,20
9503,1252,2021-12-01,20
9504,1252,2022-01-01,20
9505,1252,2022-02-01,20
9506,1252,2022-03-01,20
9507,1252,2022-04-01,20
9508,1252,2022-05-01,20
9509,1252,2022-06-01,20
9510,1252,2022-07-01,20
9511,1252,2022-08-01,20
9512,1252,2022-09-01,20
9513,1252,2022-10-01,20
9514,1252,2022-11-01,20
9515,1252,2022-12-01,20
9516,1252,2023-01-01,20
9517,1252,2023-02-01,20
9518,1252,2023-03-01,20
9519,1252,2023-04-01,20
9520,1252,2023-05-01,20
9521,1252,2023-06-01,20
9522,1252,2023-07-01,20
9523,1252,2023-08-01,20
9524,1252,2023-09-01,20
9525,1252,2023-10-01,20
9526,1252,2023-11-01,20
9527,1252,2023-12-01,20
9528,1252,2024-01-01,20
9529,1252,2024-02-01,20
9530,1252,2024-03-01,20
9531,1252,2024-04-01,20
9532,1252,2024-05-01,20
9533,1252,2024-06-01,20
9534,1252,2024-07-01,20
9535,1252,2024-08-01,20
9536,1252,2024-09-01,20
9537,1252,2024-10-01,20
9538,1252,2024-11-01,20
9539,1252,2024-12-01,20
9540,1252,2025-01-01,20
9541,1253,2021-08-01,30
9542,1253,2021-09-01,30
9543,1253,2021-10-01,30
9544,1253,2021-11-01,30
9545,1253,2021-12-01,30
9546,1253,2022-01-01,30
9547,1253,2022-02-01,30
9548,1253,2022-03-01,30
9549,1253,2022-04-01,30
9550,1253,2022-05-01,30
9551,1253,2022-06-01,30
9552,1253,2022-07-01,30
9553,1253,2022-08-01,30
9554,1253,2022-09-01,30
9555,1253,2022-10-01,30
9556,1253,2022-11-01,30
9557,1253,2022-12-01,30
9558,1253,2023-01-01,30
9559,1253,2023-02-01,30
9560,1253,2023-03-01,30
9561,1254,2024-03-01,30
9562,1254,2024-04-01,30
9563,1254,2024-05-01,30
9564,1254,2024-06-01,30
9565,1254,2024-07-01,30
9566,1254,2024-08-01,30
9567,1254,2024-09-01,30
9568,1254,2024-10-01,30
9569,1254,2024-11-01,30
9570,1254,2024-12-01,30
9571,1254,2025-01-01,30
9572,1255,2021-04-01,50
9573,1255,2021-05-01,50
9574,1255,2021-06-01,50
9575,1255,2021-07-01,50
9576,1255,2021-08-01,50
9577,1255,2021-09-01,50
9578,1255,2021-10-01,50
9579,1255,2021-11-01,50
9580,1255,2021-12-01,50
9581,1255,2022-01-01,50
9582,1255,2022-02-01,50
9583,1255,2022-03-01,50
9584,1255,2022-04-01,50
9585,1255,2022-05-01,50
9586,1255,2022-06-01,50
9587,1255,2022-07-01,50
9588,1255,2022-08-01,50
9589,1255,2022-09-01,50
9590,1255,2022-10-01,50
9591,1255,2022-11-01,50
9592,1255,2022-12-01,50
9593,1255,2023-01-01,50
9594,1255,2023-02-01,50
9595,1255,2023-03-01,50
9596,1255,2023-04-01,50
9597,1255,2023-05-01,50
9598,1255,2023-06-01,50
9599,1255,2023-07-01,50
9600,1255,2023-08-01,50
9601,1255,2023-09-01,50
9602,1255,2023-10-01,50
9603,1255,2023-11-01,50
9604,1255,2023-12-01,50
9605,1255,2024-01-01,50
9606,1255,2024-02-01,50
9607,1255,2024-03-01,50
9608,1255,2024-04-01,50
9609,1255,2024-05-01,50
9610,1255,2024-06-01,50
9611,1255,2024-07-01,50
9612,1255,2024-08-01,50
9613,1255,2024-09-01,50
9614,1255,2024-10-01,50
9615,1255,2024-11-01,50
9616,1255,2024-12-01,50
9617,1255,2025-01-01,50
9618,1256,2023-08-01,50
9619,1256,2023-09-01,50
9620,1256,2023-10-01,50
9621,1256,2023-11-01,50
9622,1256,2023-12-01,50
9623,1256,2024-01-01,50
9624,1256,2024-02-01,50
9625,1256,2024-03-01,50
9626,1256,2024-04-01,50
9627,1256,2024-05-01,50
9628,1256,2024-06-01,50
9629,1256,2024-07-01,50
9630,1256,2024-08-01,50
9631,1256,2024-09-01,50
9632,1256,2024-10-01,50
9633,1256,2024-11-01,50
9634,1256,2024-12-01,50
9635,1256,2025-01-01,50
9636,1257,2022-03-01,20
9637,1257,2022-04-01,20
9638,1257,2022-05-01,20
9639,1257,2022-06-01,20
9640,1257,2022-07-01,20
9641,1257,2022-08-01,20
9642,1257,2022-09-01,20
9643,1257,2022-10-01,20
9644,1257,2022-11-01,20
9645,1257,2022-12-01,20
9646,1257,2023-01-01,20
9647,1257,2023-02-01,20
9648,1257,2023-03-01,20
9649,1257,2023-04-01,20
9650,1258,2021-01-01,20
9651,1258,2021-02-01,20
9652,1258,2021-03-01,20
9653,1258,2021-04-01,20
9654,1258,2021-05-01,20
9655,1258,2021-06-01,20
9656,1258,2021-07-01,20
9657,1258,2021-08-01,20
9658,1258,2021-09-01,20
9659,1258,2021-10-01,20
9660,1258,2021-11-01,20
9661,1258,2021-12-01,20
9662,1258,2022-01-01,20
9663,1258,2022-02-01,20
9664,1258,2022-03-01,20
9665,1258,2022-04-01,20
9666,1258,2022-05-01,20
9667,1258,2022-06-01,20
9668,1258,2022-07-01,20
9669,1258,2022-08-01,20
9670,1258,2022-09-01,20
9671,1258,2022-10-01,20
9672,1258,2022-11-01,20
9673,1258,2022-12-01,20
9674,1258,2023-01-01,20
9675,1258,2023-02-01,20
9676,1258,2023-03-01,20
9677,1258,2023-04-01,20
9678,1258,2023-05-01,20
9679,1258,2023-06-01,20
9680,1258,2023-07-01,20
9681,1258,2023-08-01,20
9682,1258,2023-09-01,20
9683,1258,2023-10-01,20
9684,1258,2023-11-01,20
9685,1258,2023-12-01,20
9686,1258,2024-01-01,20
9687,1258,2024-02-01,20
9688,1258,2024-03-01,20
9689,1258,2024-04-01,20
9690,1258,2024-05-01,20
9691,1258,2024-06-01,20
9692,1258,2024-07-01,20
9693,1258,2024-08-01,20
9694,1258,2024-09-01,20
9695,1258,2024-10-01,20
9696,1258,2024-11-01,20
9697,1258,2024-12-01,20
9698,1258,2025-01-01,20
9699,1259,2023-11-01,50
9700,1259,2023-12-01,50
9701,1259,2024-01-01,50
9702,1259,2024-02-01,50
9703,1259,2024-03-01,50
9704,1259,2024-04-01,50
9705,1259,2024-05-01,50
9706,1259,2024-06-01,50
9707,1259,2024-07-01,50
9708,1259,2024-08-01,50
9709,1259,2024-09-01,50
9710,1259,2024-10-01,50
9711,1259,2024-11-01,50
9712,1259,2024-12-01,50
9713,1259,2025-01-01,50
9714,1260,2021-07-01,20
9715,1260,2021-08-01,20
9716,1260,2021-09-01,20
9717,1260,2021-10-01,20
9718,1260,2021-11-01,20
9719,1260,2021-12-01,20
9720,1260,2022-01-01,20
9721,1260,2022-02-01,20
9722,1260,2022-03-01,20
9723,1260,2022-04-01,20
9724,1260,2022-05-01,20
9725,1260,2022-06-01,20
9726,1260,2022-07-01,20
9727,1260,2022-08-01,20
9728,1260,2022-09-01,20
9729,1260,2022-10-01,20
9730,1260,2022-11-01,20
9731,1260,2022-12-01,20
9732,1260,2023-01-01,20
9733,1260,2023-02-01,20
9734,1260,2023-03-01,20
9735,1260,2023-04-01,20
9736,1260,2023-05-01,20
9737,1260,2023-06-01,20
9738,1260,2023-07-01,20
9739,1260,2023-08-01,20
9740,1260,2023-09-01,20
9741,1260,2023-10-01,20
9742,1260,2023-11-01,20
9743,1260,2023-12-01,20
9744,1260,2024-01-01,20
9745,1260,2024-02-01,20
9746,1260,2024-03-01,20
9747,1260,2024-04-01,20
9748,1260,2024-05-01,20
9749,1260,2024-06-01,20
9750,1260,2024-07-01,20
9751,1260,2024-08-01,20
9752,1260,2024-09-01,20
9753,1260,2024-10-01,20
9754,1260,2024-11-01,20
9755,1260,2024-12-01,20
9756,1260,2025-01-01,20
9757,1261,2023-10-01,30
9758,1261,2023-11-01,30
9759,1261,2023-12-01,30
9760,1261,2024-01-01,30
9761,1261,2024-02-01,30
9762,1261,2024-03-01,30
9763,1261,2024-04-01,30
9764,1261,2024-05-01,30
9765,1261,2024-06-01,30
9766,1261,2024-07-01,30
9767,1261,2024-08-01,30
9768,1261,2024-09-01,30
9769,1261,2024-10-01,30
9770,1261,2024-11-01,30
9771,1261,2024-12-01,30
9772,1261,2025-01-01,30
9773,1262,2020-06-01,20
9774,1262,2020-07-01,20
9775,1262,2020-08-01,20
9776,1262,2020-09-01,20
9777,1262,2020-10-01,20
9778,1262,2020-11-01,20
9779,1262,2020-12-01,20
9780,1262,2021-01-01,20
9781,1262,2021-02-01,20
9782,1262,2021-03-01,20
9783,1262,2021-04-01,20
9784,1262,2021-05-01,20
9785,1262,2021-06-01,20
9786,1262,2021-07-01,20
9787,1262,2021-08-01,20
9788,1262,2021-09-01,20
9789,1262,2021-10-01,20
9790,1262,2021-11-01,20
9791,1262,2021-12-01,20
9792,1262,2022-01-01,20
9793,1262,2022-02-01,20
9794,1262,2022-03-01,20
9795,1262,2022-04-01,20
9796,1262,2022-05-01,20
9797,1262,2022-06-01,20
9798,1262,2022-07-01,20
9799,1262,2022-08-01,20
9800,1262,2022-09-01,20
9801,1262,2022-10-01,20
9802,1262,2022-11-01,20
9803,1262,2022-12-01,20
9804,1262,2023-01-01,20
9805,1262,2023-02-01,20
9806,1262,2023-03-01,20
9807,1262,2023-04-01,20
9808,1262,2023-05-01,20
9809,1262,2023-06-01,20
9810,1262,2023-07-01,20
9811,1262,2023-08-01,20
9812,1262,2023-09-01,20
9813,1262,2023-10-01,20
9814,1262,2023-11-01,20
9815,1262,2023-12-01,20
9816,1262,2024-01-01,20
9817,1262,2024-02-01,20
9818,1262,2024-03-01,20
9819,1262,2024-04-01,20
9820,1262,2024-05-01,20
9821,1262,2024-06-01,20
9822,1262,2024-07-01,20
9823,1262,2024-08-01,20
9824,1262,2024-09-01,20
9825,1262,2024-10-01,20
9826,1262,2024-11-01,20
9827,1262,2024-12-01,20
9828,1262,2025-01-01,20
9829,1263,2024-05-01,30
9830,1263,2024-06-01,30
9831,1263,2024-07-01,30
9832,1263,2024-08-01,30
9833,1263,2024-09-01,30
9834,1263,2024-10-01,30
9835,1263,2024-11-01,30
9836,1263,2024-12-01,30
9837,1263,2025-01-01,30
9838,1264,2024-08-01,30
9839,1264,2024-09-01,30
9840,1264,2024-10-01,30
9841,1264,2024-11-01,30
9842,1264,2024-12-01,30
9843,1264,2025-01-01,30
9844,1265,2022-10-01,30
9845,1265,2022-11-01,30
9846,1265,2022-12-01,30
9847,1265,2023-01-01,30
9848,1265,2023-02-01,30
9849,1265,2023-03-01,30
9850,1265,2023-04-01,30
9851,1265,2023-05-01,30
9852,1265,2023-06-01,30
9853,1265,2023-07-01,30
9854,1265,2023-08-01,30
9855,1265,2023-09-01,30
9856,1265,2023-10-01,30
9857,1265,2023-11-01,30
9858,1265,2023-12-01,30
9859,1265,2024-01-01,30
9860,1265,2024-02-01,30
9861,1265,2024-03-01,30
9862,1265,2024-04-01,30
9863,1265,2024-05-01,30
9864,1265,2024-06-01,30
9865,1265,2024-07-01,30
9866,1265,2024-08-01,30
9867,1265,2024-09-01,30
9868,1265,2024-10-01,30
9869,1265,2024-11-01,30
9870,1265,2024-12-01,30
9871,1265,2025-01-01,30
9872,1266,2021-02-01,30
9873,1266,2021-03-01,30
9874,1266,2021-04-01,30
9875,1266,2021-05-01,30
9876,1266,2021-06-01,30
9877,1266,2021-07-01,30
9878,1266,2021-08-01,30
9879,1266,2021-09-01,30
9880,1266,2021-10-01,30
9881,1266,2021-11-01,30
9882,1266,2021-12-01,30
9883,1266,2022-01-01,30
9884,1266,2022-02-01,30
9885,1266,2022-03-01,30
9886,1266,2022-04-01,30
9887,1266,2022-05-01,30
9888,1266,2022-06-01,30
9889,1266,2022-07-01,30
9890,1266,2022-08-01,30
9891,1266,2022-09-01,30
9892,1266,2022-10-01,30
9893,1266,2022-11-01,30
9894,1266,2022-12-01,30
9895,1266,2023-01-01,30
9896,1266,2023-02-01,30
9897,1266,2023-03-01,30
9898,1266,2023-04-01,30
9899,1266,2023-05-01,30
9900,1266,2023-06-01,30
9901,1266,2023-07-01,30
9902,1266,2023-08-01,30
9903,1266,2023-09-01,30
9904,1266,2023-10-01,30
9905,1266,2023-11-01,30
9906,1266,2023-12-01,30
9907,1266,2024-01-01,30
9908,1266,2024-02-01,30
9909,1266,2024-03-01,30
9910,1266,2024-04-01,30
9911,1266,2024-05-01,30
9912,1266,2024-06-01,30
9913,1266,2024-07-01,30
9914,1266,2024-08-01,30
9915,1266,2024-09-01,30
9916,1266,2024-10-01,30
9917,1266,2024-11-01,30
9918,1266,2024-12-01,30
9919,1266,2025-01-01,30
9920,1267,2023-06-01,50
9921,1267,2023-07-01,50
9922,1267,2023-08-01,50
9923,1267,2023-09-01,50
9924,1268,2023-10-01,50
9925,1268,2023-11-01,50
9926,1268,2023-12-01,50
9927,1268,2024-01-01,50
9928,1268,2024-02-01,50
9929,1268,2024-03-01,50
9930,1268,2024-04-01,50
9931,1268,2024-05-01,50
9932,1268,2024-06-01,50
9933,1268,2024-07-01,50
9934,1268,2024-08-01,50
9935,1268,2024-09-01,50
9936,1268,2024-10-01,50
9937,1268,2024-11-01,50
9938,1268,2024-12-01,50
9939,1268,2025-01-01,50
9940,1269,2023-06-01,30
9941,1269,2023-07-01,30
9942,1269,2023-08-01,30
9943,1269,2023-09-01,30
9944,1269,2023-10-01,30
9945,1269,2023-11-01,30
9946,1269,2023-12-01,30
9947,1269,2024-01-01,30
9948,1269,2024-02-01,30
9949,1269,2024-03-01,30
9950,1269,2024-04-01,30
9951,1269,2024-05-01,30
9952,1270,2024-08-01,20
9953,1270,2024-09-01,20
9954,1270,2024-10-01,20
9955,1270,2024-11-01,20
9956,1270,2024-12-01,20
9957,1270,2025-01-01,20
9958,1271,2024-12-01,30
9959,1271,2025-01-01,30
9960,1272,2021-01-01,30
9961,1272,2021-02-01,30
9962,1272,2021-03-01,30
9963,1272,2021-04-01,30
9964,1272,2021-05-01,30
9965,1272,2021-06-01,30
9966,1273,2022-08-01,20
9967,1273,2022-09-01,20
9968,1273,2022-10-01,20
9969,1273,2022-11-01,20
9970,1273,2022-12-01,20
9971,1273,2023-01-01,20
9972,1273,2023-02-01,20
9973,1273,2023-03-01,20
9974,1273,2023-04-01,20
9975,1273,2023-05-01,20
9976,1273,2023-06-01,20
9977,1273,2023-07-01,20
9978,1273,2023-08-01,20
9979,1273,2023-09-01,20
9980,1273,2023-10-01,20
9981,1273,2023-11-01,20
9982,1273,2023-12-01,20
9983,1273,2024-01-01,20
9984,1273,2024-02-01,20
9985,1273,2024-03-01,20
9986,1273,2024-04-01,20
9987,1273,2024-05-01,20
9988,1273,2024-06-01,20
9989,1273,2024-07-01,20
9990,1273,2024-08-01,20
9991,1273,2024-09-01,20
9992,1273,2024-10-01,20
9993,1273,2024-11-01,20
9994,1273,2024-12-01,20
9995,1273,2025-01-01,20
9996,1274,2020-12-01,50
9997,1274,2021-01-01,50
9998,1274,2021-02-01,50
9999,1274,2021-03-01,50
10000,1274,2021-04-01,50
10001,1274,2021-05-01,50
10002,1274,2021-06-01,50
10003,1274,2021-07-01,50
10004,1274,2021-08-01,50
10005,1274,2021-09-01,50
10006,1274,2021-10-01,50
10007,1274,2021-11-01,50
10008,1274,2021-12-01,50
10009,1274,2022-01-01,50
10010,1274,2022-02-01,50
10011,1274,2022-03-01,50
10012,1274,2022-04-01,50
10013,1274,2022-05-01,50
10014,1274,2022-06-01,50
10015,1274,2022-07-01,50
10016,1274,2022-08-01,50
10017,1274,2022-09-01,50
10018,1274,2022-10-01,50
10019,1274,2022-11-01,50
10020,1274,2022-12-01,50
10021,1274,2023-01-01,50
10022,1274,2023-02-01,50
10023,1274,2023-03-01,50
10024,1274,2023-04-01,50
10025,1274,2023-05-01,50
10026,1274,2023-06-01,50
10027,1274,2023-07-01,50
10028,1274,2023-08-01,50
10029,1274,2023-09-01,50
10030,1274,2023-10-01,50
10031,1274,2023-11-01,50
10032,1274,2023-12-01,50
10033,1274,2024-01-01,50
10034,1274,2024-02-01,50
10035,1274,2024-03-01,50
10036,1274,2024-04-01,50
10037,1274,2024-05-01,50
10038,1274,2024-06-01,50
10039,1274,2024-07-01,50
10040,1274,2024-08-01,50
10041,1274,2024-09-01,50
10042,1274,2024-10-01,50
10043,1274,2024-11-01,50
10044,1274,2024-12-01,50
10045,1274,2025-01-01,50
10046,1275,2022-09-01,30
10047,1275,2022-10-01,30
10048,1275,2022-11-01,30
10049,1275,2022-12-01,30
10050,1275,2023-01-01,30
10051,1275,2023-02-01,30
10052,1275,2023-03-01,30
10053,1275,2023-04-01,30
10054,1275,2023-05-01,30
10055,1275,2023-06-01,30
10056,1275,2023-07-01,30
10057,1275,2023-08-01,30
10058,1275,2023-09-01,30
10059,1275,2023-10-01,30
10060,1275,2023-11-01,30
10061,1275,2023-12-01,30
10062,1276,2021-05-01,30
10063,1276,2021-06-01,30
10064,1276,2021-07-01,30
10065,1276,2021-08-01,30
10066,1276,2021-09-01,30
10067,1276,2021-10-01,30
10068,1276,2021-11-01,30
10069,1276,2021-12-01,30
10070,1276,2022-01-01,30
10071,1276,2022-02-01,30
10072,1276,2022-03-01,30
10073,1276,2022-04-01,30
10074,1276,2022-05-01,30
10075,1276,2022-06-01,30
10076,1276,2022-07-01,30
10077,1276,2022-08-01,30
10078,1276,2022-09-01,30
10079,1276,2022-10-01,30
10080,1276,2022-11-01,30
10081,1276,2022-12-01,30
10082,1276,2023-01-01,30
10083,1276,2023-02-01,30
10084,1276,2023-03-01,30
10085,1276,2023-04-01,30
10086,1276,2023-05-01,30
10087,1276,2023-06-01,30
10088,1276,2023-07-01,30
10089,1276,2023-08-01,30
10090,1276,2023-09-01,30
10091,1276,2023-10-01,30
10092,1276,2023-11-01,30
10093,1276,2023-12-01,30
10094,1276,2024-01-01,30
10095,1276,2024-02-01,30
10096,1276,2024-03-01,30
10097,1276,2024-04-01,30
10098,1276,2024-05-01,30
10099,1276,2024-06-01,30
10100,1276,2024-07-01,30
10101,1276,2024-08-01,30
10102,1276,2024-09-01,30
10103,1276,2024-10-01,30
10104,1276,2024-11-01,30
10105,1276,2024-12-01,30
10106,1276,2025-01-01,30
10107,1277,2022-09-01,20
10108,1277,2022-10-01,20
10109,1277,2022-11-01,20
10110,1277,2022-12-01,20
10111,1277,2023-01-01,20
10112,1277,2023-02-01,20
10113,1277,2023-03-01,20
10114,1277,2023-04-01,20
10115,1277,2023-05-01,20
10116,1277,2023-06-01,20
10117,1277,2023-07-01,20
10118,1277,2023-08-01,20
10119,1277,2023-09-01,20
10120,1277,2023-10-01,20
10121,1277,2023-11-01,20
10122,1277,2023-12-01,20
10123,1277,2024-01-01,20
10124,1277,2024-02-01,20
10125,1278,2022-09-01,50
10126,1278,2022-10-01,50
10127,1278,2022-11-01,50
10128,1278,2022-12-01,50
10129,1278,2023-01-01,50
10130,1278,2023-02-01,50
10131,1278,2023-03-01,50
10132,1278,2023-04-01,50
10133,1278,2023-05-01,50
10134,1278,2023-06-01,50
10135,1278,2023-07-01,50
10136,1278,2023-08-01,50
10137,1278,2023-09-01,50
10138,1278,2023-10-01,50
10139,1278,2023-11-01,50
10140,1278,2023-12-01,50
10141,1278,2024-01-01,50
10142,1278,2024-02-01,50
10143,1278,2024-03-01,50
10144,1278,2024-04-01,50
10145,1278,2024-05-01,50
10146,1278,2024-06-01,50
10147,1278,2024-07-01,50
10148,1278,2024-08-01,50
10149,1278,2024-09-01,50
10150,1278,2024-10-01,50
10151,1278,2024-11-01,50
10152,1278,2024-12-01,50
10153,1278,2025-01-01,50
10154,1279,2024-06-01,30
10155,1279,2024-07-01,30
10156,1279,2024-08-01,30
10157,1279,2024-09-01,30
10158,1279,2024-10-01,30
10159,1279,2024-11-01,30
10160,1279,2024-12-01,30
10161,1279,2025-01-01,30
10162,1280,2023-12-01,20
10163,1280,2024-01-01,20
10164,1280,2024-02-01,20
10165,1280,2024-03-01,20
10166,1280,2024-04-01,20
10167,1280,2024-05-01,20
10168,1280,2024-06-01,20
10169,1280,2024-07-01,20
10170,1280,2024-08-01,20
10171,1280,2024-09-01,20
10172,1280,2024-10-01,20
10173,1280,2024-11-01,20
10174,1280,2024-12-01,20
10175,1280,2025-01-01,20
10176,1281,2022-05-01,20
10177,1281,2022-06-01,20
10178,1281,2022-07-01,20
10179,1281,2022-08-01,20
10180,1281,2022-09-01,20
10181,1281,2022-10-01,20
10182,1281,2022-11-01,20
10183,1281,2022-12-01,20
10184,1281,2023-01-01,20
10185,1281,2023-02-01,20
10186,1281,2023-03-01,20
10187,1281,2023-04-01,20
10188,1281,2023-05-01,20
10189,1281,2023-06-01,20
10190,1281,2023-07-01,20
10191,1281,2023-08-01,20
10192,1281,2023-09-01,20
10193,1281,2023-10-01,20
10194,1281,2023-11-01,20
10195,1281,2023-12-01,20
10196,1281,2024-01-01,20
10197,1281,2024-02-01,20
10198,1281,2024-03-01,20
10199,1281,2024-04-01,20
10200,1281,2024-05-01,20
10201,1281,2024-06-01,20
10202,1281,2024-07-01,20
10203,1281,2024-08-01,20
10204,1281,2024-09-01,20
10205,1281,2024-10-01,20
10206,1281,2024-11-01,20
10207,1281,2024-12-01,20
10208,1281,2025-01-01,20
10209,1282,2024-06-01,30
10210,1282,2024-07-01,30
10211,1282,2024-08-01,30
10212,1282,2024-09-01,30
10213,1282,2024-10-01,30
10214,1282,2024-11-01,30
10215,1282,2024-12-01,30
10216,1282,2025-01-01,30
10217,1283,2024-07-01,30
10218,1283,2024-08-01,30
10219,1283,2024-09-01,30
10220,1283,2024-10-01,30
10221,1283,2024-11-01,30
10222,1283,2024-12-01,30
10223,1283,2025-01-01,30
10224,1284,2020-07-01,30
10225,1284,2020-08-01,30
10226,1284,2020-09-01,30
10227,1284,2020-10-01,30
10228,1284,2020-11-01,30
10229,1284,2020-12-01,30
10230,1284,2021-01-01,30
10231,1284,2021-02-01,30
10232,1284,2021-03-01,30
10233,1284,2021-04-01,30
10234,1284,2021-05-01,30
10235,1284,2021-06-01,30
10236,1284,2021-07-01,30
10237,1284,2021-08-01,30
10238,1284,2021-09-01,30
10239,1284,2021-10-01,30
10240,1284,2021-11-01,30
10241,1284,2021-12-01,30
10242,1284,2022-01-01,30
10243,1284,2022-02-01,30
10244,1284,2022-03-01,30
10245,1284,2022-04-01,30
10246,1284,2022-05-01,30
10247,1284,2022-06-01,30
10248,1284,2022-07-01,30
10249,1284,2022-08-01,30
10250,1284,2022-09-01,30
10251,1284,2022-10-01,30
10252,1284,2022-11-01,30
10253,1284,2022-12-01,30
10254,1284,2023-01-01,30
10255,1284,2023-02-01,30
10256,1284,2023-03-01,30
10257,1284,2023-04-01,30
10258,1284,2023-05-01,30
10259,1284,2023-06-01,30
10260,1284,2023-07-01,30
10261,1284,2023-08-01,30
10262,1284,2023-09-01,30
10263,1284,2023-10-01,30
10264,1284,2023-11-01,30
10265,1284,2023-12-01,30
10266,1284,2024-01-01,30
10267,1284,2024-02-01,30
10268,1284,2024-03-01,30
10269,1284,2024-04-01,30
10270,1284,2024-05-01,30
10271,1284,2024-06-01,30
10272,1284,2024-07-01,30
10273,1284,2024-08-01,30
10274,1284,2024-09-01,30
10275,1284,2024-10-01,30
10276,1284,2024-11-01,30
10277,1284,2024-12-01,30
10278,1284,2025-01-01,30
10279,1285,2020-09-01,20
10280,1285,2020-10-01,20
10281,1285,2020-11-01,20
10282,1285,2020-12-01,20
10283,1285,2021-01-01,20
10284,1285,2021-02-01,20
10285,1285,2021-03-01,20
10286,1285,2021-04-01,20
10287,1285,2021-05-01,20
10288,1285,2021-06-01,20
10289,1286,2021-02-01,30
10290,1286,2021-03-01,30
10291,1286,2021-04-01,30
10292,1286,2021-05-01,30
10293,1286,2021-06-01,30
10294,1286,2021-07-01,30
10295,1286,2021-08-01,30
10296,1286,2021-09-01,30
10297,1286,2021-10-01,30
10298,1286,2021-11-01,30
10299,1286,2021-12-01,30
10300,1286,2022-01-01,30
10301,1286,2022-02-01,30
10302,1286,2022-03-01,30
10303,1286,2022-04-01,30
10304,1286,2022-05-01,30
10305,1287,2020-05-01,50
10306,1287,2020-06-01,50
10307,1287,2020-07-01,50
10308,1287,2020-08-01,50
10309,1287,2020-09-01,50
10310,1287,2020-10-01,50
10311,1287,2020-11-01,50
10312,1287,2020-12-01,50
10313,1287,2021-01-01,50
10314,1287,2021-02-01,50
10315,1287,2021-03-01,50
10316,1287,2021-04-01,50
10317,1287,2021-05-01,50
10318,1287,2021-06-01,50
10319,1287,2021-07-01,50
10320,1287,2021-08-01,50
10321,1287,2021-09-01,50
10322,1287,2021-10-01,50
10323,1287,2021-11-01,50
10324,1287,2021-12-01,50
10325,1287,2022-01-01,50
10326,1287,2022-02-01,50
10327,1287,2022-03-01,50
10328,1287,2022-04-01,50
10329,1287,2022-05-01,50
10330,1287,2022-06-01,50
10331,1287,2022-07-01,50
10332,1287,2022-08-01,50
10333,1287,2022-09-01,50
10334,1287,2022-10-01,50
10335,1287,2022-11-01,50
10336,1287,2022-12-01,50
10337,1287,2023-01-01,50
10338,1287,2023-02-01,50
10339,1287,2023-03-01,50
10340,1287,2023-04-01,50
10341,1287,2023-05-01,50
10342,1287,2023-06-01,50
10343,1287,2023-07-01,50
10344,1287,2023-08-01,50
10345,1287,2023-09-01,50
10346,1287,2023-10-01,50
10347,1287,2023-11-01,50
10348,1287,2023-12-01,50
10349,1287,2024-01-01,50
10350,1287,2024-02-01,50
10351,1287,2024-03-01,50
10352,1287,2024-04-01,50
10353,1287,2024-05-01,50
10354,1287,2024-06-01,50
10355,1287,2024-07-01,50
10356,1287,2024-08-01,50
10357,1287,2024-09-01,50
10358,1287,2024-10-01,50
10359,1287,2024-11-01,50
10360,1287,2024-12-01,50
10361,1287,2025-01-01,50
10362,1288,2020-08-01,20
10363,1288,2020-09-01,20
10364,1288,2020-10-01,20
10365,1288,2020-11-01,20
10366,1288,2020-12-01,20
10367,1288,2021-01-01,20
10368,1288,2021-02-01,20
10369,1288,2021-03-01,20
10370,1288,2021-04-01,20
10371,1288,2021-05-01,20
10372,1288,2021-06-01,20
10373,1288,2021-07-01,20
10374,1288,2021-08-01,20
10375,1288,2021-09-01,20
10376,1288,2021-10-01,20
10377,1288,2021-11-01,20
10378,1288,2021-12-01,20
10379,1288,2022-01-01,20
10380,1288,2022-02-01,20
10381,1288,2022-03-01,20
10382,1288,2022-04-01,20
10383,1288,2022-05-01,20
10384,1288,2022-06-01,20
10385,1288,2022-07-01,20
10386,1288,2022-08-01,20
10387,1288,2022-09-01,20
10388,1288,2022-10-01,20
10389,1288,2022-11-01,20
10390,1288,2022-12-01,20
10391,1288,2023-01-01,20
10392,1288,2023-02-01,20
10393,1288,2023-03-01,20
10394,1288,2023-04-01,20
10395,1288,2023-05-01,20
10396,1288,2023-06-01,20
10397,1288,2023-07-01,20
10398,1288,2023-08-01,20
10399,1288,2023-09-01,20
10400,1288,2023-10-01,20
10401,1288,2023-11-01,20
10402,1288,2023-12-01,20
10403,1288,2024-01-01,20
10404,1288,2024-02-01,20
10405,1288,2024-03-01,20
10406,1288,2024-04-01,20
10407,1288,2024-05-01,20
10408,1288,2024-06-01,20
10409,1288,2024-07-01,20
10410,1288,2024-08-01,20
10411,1288,2024-09-01,20
10412,1288,2024-10-01,20
10413,1288,2024-11-01,20
10414,1288,2024-12-01,20
10415,1288,2025-01-01,20
10416,1289,2022-03-01,30
10417,1289,2022-04-01,30
10418,1289,2022-05-01,30
10419,1289,2022-06-01,30
10420,1289,2022-07-01,30
10421,1289,2022-08-01,30
10422,1289,2022-09-01,30
10423,1289,2022-10-01,30
10424,1289,2022-11-01,30
10425,1289,2022-12-01,30
10426,1289,2023-01-01,30
10427,1289,2023-02-01,30
10428,1289,2023-03-01,30
10429,1289,2023-04-01,30
10430,1289,2023-05-01,30
10431,1289,2023-06-01,30
10432,1289,2023-07-01,30
10433,1289,2023-08-01,30
10434,1289,2023-09-01,30
10435,1289,2023-10-01,30
10436,1289,2023-11-01,30
10437,1289,2023-12-01,30
10438,1289,2024-01-01,30
10439,1289,2024-02-01,30
10440,1289,2024-03-01,30
10441,1289,2024-04-01,30
10442,1289,2024-05-01,30
10443,1289,2024-06-01,30
10444,1289,2024-07-01,30
10445,1289,2024-08-01,30
10446,1289,2024-09-01,30
10447,1289,2024-10-01,30
10448,1289,2024-11-01,30
10449,1289,2024-12-01,30
10450,1289,2025-01-01,30
10451,1290,2021-02-01,30
10452,1290,2021-03-01,30
10453,1290,2021-04-01,30
10454,1290,2021-05-01,30
10455,1290,2021-06-01,30
10456,1290,2021-07-01,30
10457,1290,2021-08-01,30
10458,1290,2021-09-01,30
10459,1290,2021-10-01,30
10460,1290,2021-11-01,30
10461,1291,2025-01-01,30
10462,1292,2020-06-01,30
10463,1292,2020-07-01,30
10464,1292,2020-08-01,30
10465,1292,2020-09-01,30
10466,1292,2020-10-01,30
10467,1292,2020-11-01,30
10468,1292,2020-12-01,30
10469,1292,2021-01-01,30
10470,1292,2021-02-01,30
10471,1292,2021-03-01,30
10472,1292,2021-04-01,30
10473,1292,2021-05-01,30
10474,1292,2021-06-01,30
10475,1292,2021-07-01,30
10476,1292,2021-08-01,30
10477,1292,2021-09-01,30
10478,1292,2021-10-01,30
10479,1292,2021-11-01,30
10480,1292,2021-12-01,30
10481,1292,2022-01-01,30
10482,1292,2022-02-01,30
10483,1292,2022-03-01,30
10484,1292,2022-04-01,30
10485,1292,2022-05-01,30
10486,1292,2022-06-01,30
10487,1292,2022-07-01,30
10488,1292,2022-08-01,30
10489,1292,2022-09-01,30
10490,1292,2022-10-01,30
10491,1292,2022-11-01,30
10492,1292,2022-12-01,30
10493,1292,2023-01-01,30
10494,1292,2023-02-01,30
10495,1292,2023-03-01,30
10496,1292,2023-04-01,30
10497,1292,2023-05-01,30
10498,1292,2023-06-01,30
10499,1292,2023-07-01,30
10500,1292,2023-08-01,30
10501,1292,2023-09-01,30
10502,1292,2023-10-01,30
10503,1292,2023-11-01,30
10504,1292,2023-12-01,30
10505,1292,2024-01-01,30
10506,1292,2024-02-01,30
10507,1292,2024-03-01,30
10508,1292,2024-04-01,30
10509,1292,2024-05-01,30
10510,1292,2024-06-01,30
10511,1292,2024-07-01,30
10512,1292,2024-08-01,30
10513,1292,2024-09-01,30
10514,1292,2024-10-01,30
10515,1292,2024-11-01,30
10516,1292,2024-12-01,30
10517,1292,2025-01-01,30
10518,1293,2024-09-01,30
10519,1293,2024-10-01,30
10520,1293,2024-11-01,30
10521,1293,2024-12-01,30
10522,1293,2025-01-01,30
10523,1294,2021-11-01,30
10524,1294,2021-12-01,30
10525,1294,2022-01-01,30
10526,1294,2022-02-01,30
10527,1294,2022-03-01,30
10528,1294,2022-04-01,30
10529,1294,2022-05-01,30
10530,1294,2022-06-01,30
10531,1294,2022-07-01,30
10532,1294,2022-08-01,30
10533,1294,2022-09-01,30
10534,1294,2022-10-01,30
10535,1294,2022-11-01,30
10536,1294,2022-12-01,30
10537,1294,2023-01-01,30
10538,1294,2023-02-01,30
10539,1294,2023-03-01,30
10540,1294,2023-04-01,30
10541,1294,2023-05-01,30
10542,1294,2023-06-01,30
10543,1294,2023-07-01,30
10544,1294,2023-08-01,30
10545,1294,2023-09-01,30
10546,1294,2023-10-01,30
10547,1294,2023-11-01,30
10548,1294,2023-12-01,30
10549,1294,2024-01-01,30
10550,1294,2024-02-01,30
10551,1294,2024-03-01,30
10552,1294,2024-04-01,30
10553,1294,2024-05-01,30
10554,1294,2024-06-01,30
10555,1294,2024-07-01,30
10556,1294,2024-08-01,30
10557,1294,2024-09-01,30
10558,1294,2024-10-01,30
10559,1294,2024-11-01,30
10560,1294,2024-12-01,30
10561,1294,2025-01-01,30
10562,1295,2024-03-01,50
10563,1295,2024-04-01,50
10564,1295,2024-05-01,50
10565,1295,2024-06-01,50
10566,1295,2024-07-01,50
10567,1295,2024-08-01,50
10568,1295,2024-09-01,50
10569,1295,2024-10-01,50
10570,1295,2024-11-01,50
10571,1295,2024-12-01,50
10572,1295,2025-01-01,50
10573,1296,2022-03-01,30
10574,1296,2022-04-01,30
10575,1296,2022-05-01,30
10576,1296,2022-06-01,30
10577,1296,2022-07-01,30
10578,1296,2022-08-01,30
10579,1296,2022-09-01,30
10580,1296,2022-10-01,30
10581,1296,2022-11-01,30
10582,1296,2022-12-01,30
10583,1296,2023-01-01,30
10584,1296,2023-02-01,30
10585,1296,2023-03-01,30
10586,1296,2023-04-01,30
10587,1296,2023-05-01,30
10588,1296,2023-06-01,30
10589,1296,2023-07-01,30
10590,1296,2023-08-01,30
10591,1296,2023-09-01,30
10592,1296,2023-10-01,30
10593,1296,2023-11-01,30
10594,1296,2023-12-01,30
10595,1296,2024-01-01,30
10596,1296,2024-02-01,30
10597,1296,2024-03-01,30
10598,1296,2024-04-01,30
10599,1296,2024-05-01,30
10600,1296,2024-06-01,30
10601,1296,2024-07-01,30
10602,1296,2024-08-01,30
10603,1296,2024-09-01,30
10604,1296,2024-10-01,30
10605,1296,2024-11-01,30
10606,1296,2024-12-01,30
10607,1296,2025-01-01,30
10608,1297,2021-02-01,20
10609,1297,2021-03-01,20
10610,1297,2021-04-01,20
10611,1297,2021-05-01,20
10612,1297,2021-06-01,20
10613,1297,2021-07-01,20
10614,1297,2021-08-01,20
10615,1297,2021-09-01,20
10616,1297,2021-10-01,20
10617,1297,2021-11-01,20
10618,1297,2021-12-01,20
10619,1297,2022-01-01,20
10620,1297,2022-02-01,20
10621,1297,2022-03-01,20
10622,1297,2022-04-01,20
10623,1297,2022-05-01,20
10624,1297,2022-06-01,20
10625,1297,2022-07-01,20
10626,1298,2022-03-01,50
10627,1298,2022-04-01,50
10628,1298,2022-05-01,50
10629,1298,2022-06-01,50
10630,1298,2022-07-01,50
10631,1298,2022-08-01,50
10632,1298,2022-09-01,50
10633,1298,2022-10-01,50
10634,1298,2022-11-01,50
10635,1298,2022-12-01,50
10636,1298,2023-01-01,50
10637,1298,2023-02-01,50
10638,1298,2023-03-01,50
10639,1298,2023-04-01,50
10640,1298,2023-05-01,50
10641,1299,2024-10-01,20
10642,1299,2024-11-01,20
10643,1299,2024-12-01,20
10644,1299,2025-01-01,20
10645,1300,2020-07-01,30
10646,1300,2020-08-01,30
10647,1300,2020-09-01,30
10648,1300,2020-10-01,30
10649,1300,2020-11-01,30
10650,1300,2020-12-01,30
10651,1300,2021-01-01,30
10652,1300,2021-02-01,30
10653,1300,2021-03-01,30
10654,1300,2021-04-01,30
10655,1300,2021-05-01,30
10656,1300,2021-06-01,30
10657,1300,2021-07-01,30
10658,1300,2021-08-01,30
10659,1300,2021-09-01,30
10660,1300,2021-10-01,30
10661,1300,2021-11-01,30
10662,1300,2021-12-01,30
10663,1300,2022-01-01,30
10664,1300,2022-02-01,30
10665,1300,2022-03-01,30
10666,1300,2022-04-01,30
10667,1300,2022-05-01,30
10668,1300,2022-06-01,30
10669,1300,2022-07-01,30
10670,1300,2022-08-01,30
10671,1300,2022-09-01,30
10672,1300,2022-10-01,30
10673,1300,2022-11-01,30
10674,1300,2022-12-01,30
10675,1300,2023-01-01,30
10676,1300,2023-02-01,30
10677,1300,2023-03-01,30
10678,1300,2023-04-01,30
10679,1300,2023-05-01,30
10680,1300,2023-06-01,30
10681,1300,2023-07-01,30
10682,1300,2023-08-01,30
10683,1300,2023-09-01,30
10684,1300,2023-10-01,30
10685,1300,2023-11-01,30
10686,1300,2023-12-01,30
10687,1300,2024-01-01,30
10688,1300,2024-02-01,30
10689,1300,2024-03-01,30
10690,1300,2024-04-01,30
10691,1300,2024-05-01,30
10692,1300,2024-06-01,30
10693,1300,2024-07-01,30
10694,1300,2024-08-01,30
10695,1300,2024-09-01,30
10696,1300,2024-10-01,30
10697,1300,2024-11-01,30
10698,1300,2024-12-01,30
10699,1300,2025-01-01,30
10700,1301,2021-01-01,20
10701,1301,2021-02-01,20
10702,1301,2021-03-01,20
10703,1301,2021-04-01,20
10704,1301,2021-05-01,20
10705,1301,2021-06-01,20
10706,1301,2021-07-01,20
10707,1301,2021-08-01,20
10708,1301,2021-09-01,20
10709,1301,2021-10-01,20
10710,1301,2021-11-01,20
10711,1301,2021-12-01,20
10712,1301,2022-01-01,20
10713,1301,2022-02-01,20
10714,1301,2022-03-01,20
10715,1301,2022-04-01,20
10716,1301,2022-05-01,20
10717,1301,2022-06-01,20
10718,1301,2022-07-01,20
10719,1301,2022-08-01,20
10720,1301,2022-09-01,20
10721,1301,2022-10-01,20
10722,1301,2022-11-01,20
10723,1301,2022-12-01,20
10724,1301,2023-01-01,20
10725,1301,2023-02-01,20
10726,1301,2023-03-01,20
10727,1301,2023-04-01,20
10728,1301,2023-05-01,20
10729,1301,2023-06-01,20
10730,1301,2023-07-01,20
10731,1301,2023-08-01,20
10732,1301,2023-09-01,20
10733,1301,2023-10-01,20
10734,1301,2023-11-01,20
10735,1301,2023-12-01,20
10736,1301,2024-01-01,20
10737,1301,2024-02-01,20
10738,1301,2024-03-01,20
10739,1301,2024-04-01,20
10740,1301,2024-05-01,20
10741,1301,2024-06-01,20
10742,1301,2024-07-01,20
10743,1301,2024-08-01,20
10744,1301,2024-09-01,20
10745,1301,2024-10-01,20
10746,1301,2024-11-01,20
10747,1301,2024-12-01,20
10748,1301,2025-01-01,20
10749,1302,2023-09-01,20
10750,1302,2023-10-01,20
10751,1302,2023-11-01,20
10752,1302,2023-12-01,20
10753,1302,2024-01-01,20
10754,1302,2024-02-01,20
10755,1302,2024-03-01,20
10756,1302,2024-04-01,20
10757,1302,2024-05-01,20
10758,1302,2024-06-01,20
10759,1302,2024-07-01,20
10760,1302,2024-08-01,20
10761,1302,2024-09-01,20
10762,1302,2024-10-01,20
10763,1302,2024-11-01,20
10764,1302,2024-12-01,20
10765,1302,2025-01-01,20
10766,1303,2023-09-01,30
10767,1303,2023-10-01,30
10768,1303,2023-11-01,30
10769,1303,2023-12-01,30
10770,1303,2024-01-01,30
10771,1303,2024-02-01,30
10772,1303,2024-03-01,30
10773,1303,2024-04-01,30
10774,1303,2024-05-01,30
10775,1303,2024-06-01,30
10776,1303,2024-07-01,30
10777,1303,2024-08-01,30
10778,1303,2024-09-01,30
10779,1303,2024-10-01,30
10780,1303,2024-11-01,30
10781,1303,2024-12-01,30
10782,1303,2025-01-01,30
10783,1304,2022-07-01,20
10784,1304,2022-08-01,20
10785,1304,2022-09-01,20
10786,1304,2022-10-01,20
10787,1304,2022-11-01,20
10788,1304,2022-12-01,20
10789,1304,2023-01-01,20
10790,1304,2023-02-01,20
10791,1304,2023-03-01,20
10792,1304,2023-04-01,20
10793,1304,2023-05-01,20
10794,1304,2023-06-01,20
10795,1304,2023-07-01,20
10796,1304,2023-08-01,20
10797,1304,2023-09-01,20
10798,1304,2023-10-01,20
10799,1304,2023-11-01,20
10800,1304,2023-12-01,20
10801,1304,2024-01-01,20
10802,1304,2024-02-01,20
10803,1304,2024-03-01,20
10804,1304,2024-04-01,20
10805,1304,2024-05-01,20
10806,1304,2024-06-01,20
10807,1304,2024-07-01,20
10808,1304,2024-08-01,20
10809,1304,2024-09-01,20
10810,1304,2024-10-01,20
10811,1304,2024-11-01,20
10812,1304,2024-12-01,20
10813,1304,2025-01-01,20
10814,1305,2023-07-01,20
10815,1305,2023-08-01,20
10816,1305,2023-09-01,20
10817,1305,2023-10-01,20
10818,1305,2023-11-01,20
10819,1305,2023-12-01,20
10820,1305,2024-01-01,20
10821,1305,2024-02-01,20
10822,1305,2024-03-01,20
10823,1305,2024-04-01,20
10824,1305,2024-05-01,20
10825,1305,2024-06-01,20
10826,1305,2024-07-01,20
10827,1305,2024-08-01,20
10828,1305,2024-09-01,20
10829,1305,2024-10-01,20
10830,1305,2024-11-01,20
10831,1305,2024-12-01,20
10832,1305,2025-01-01,20
10833,1306,2021-07-01,30
10834,1306,2021-08-01,30
10835,1306,2021-09-01,30
10836,1306,2021-10-01,30
10837,1306,2021-11-01,30
10838,1306,2021-12-01,30
10839,1306,2022-01-01,30
10840,1306,2022-02-01,30
10841,1306,2022-03-01,30
10842,1306,2022-04-01,30
10843,1306,2022-05-01,30
10844,1306,2022-06-01,30
10845,1306,2022-07-01,30
10846,1306,2022-08-01,30
10847,1306,2022-09-01,30
10848,1306,2022-10-01,30
10849,1306,2022-11-01,30
10850,1306,2022-12-01,30
10851,1306,2023-01-01,30
10852,1306,2023-02-01,30
10853,1306,2023-03-01,30
10854,1306,2023-04-01,30
10855,1306,2023-05-01,30
10856,1306,2023-06-01,30
10857,1306,2023-07-01,30
10858,1306,2023-08-01,30
10859,1306,2023-09-01,30
10860,1306,2023-10-01,30
10861,1306,2023-11-01,30
10862,1306,2023-12-01,30
10863,1306,2024-01-01,30
10864,1306,2024-02-01,30
10865,1306,2024-03-01,30
10866,1306,2024-04-01,30
10867,1306,2024-05-01,30
10868,1306,2024-06-01,30
10869,1306,2024-07-01,30
10870,1306,2024-08-01,30
10871,1306,2024-09-01,30
10872,1306,2024-10-01,30
10873,1306,2024-11-01,30
10874,1306,2024-12-01,30
10875,1306,2025-01-01,30
10876,1307,2021-07-01,30
10877,1307,2021-08-01,30
10878,1307,2021-09-01,30
10879,1307,2021-10-01,30
10880,1307,2021-11-01,30
10881,1307,2021-12-01,30
10882,1307,2022-01-01,30
10883,1307,2022-02-01,30
10884,1307,2022-03-01,30
10885,1307,2022-04-01,30
10886,1307,2022-05-01,30
10887,1307,2022-06-01,30
10888,1307,2022-07-01,30
10889,1307,2022-08-01,30
10890,1307,2022-09-01,30
10891,1307,2022-10-01,30
10892,1307,2022-11-01,30
10893,1307,2022-12-01,30
10894,1307,2023-01-01,30
10895,1307,2023-02-01,30
10896,1307,2023-03-01,30
10897,1307,2023-04-01,30
10898,1307,2023-05-01,30
10899,1307,2023-06-01,30
10900,1307,2023-07-01,30
10901,1307,2023-08-01,30
10902,1307,2023-09-01,30
10903,1307,2023-10-01,30
10904,1307,2023-11-01,30
10905,1307,2023-12-01,30
10906,1307,2024-01-01,30
10907,1307,2024-02-01,30
10908,1307,2024-03-01,30
10909,1307,2024-04-01,30
10910,1307,2024-05-01,30
10911,1307,2024-06-01,30
10912,1307,2024-07-01,30
10913,1307,2024-08-01,30
10914,1307,2024-09-01,30
10915,1307,2024-10-01,30
10916,1307,2024-11-01,30
10917,1307,2024-12-01,30
10918,1307,2025-01-01,30
10919,1308,2022-03-01,30
10920,1308,2022-04-01,30
10921,1308,2022-05-01,30
10922,1308,2022-06-01,30
10923,1308,2022-07-01,30
10924,1308,2022-08-01,30
10925,1308,2022-09-01,30
10926,1308,2022-10-01,30
10927,1308,2022-11-01,30
10928,1308,2022-12-01,30
10929,1308,2023-01-01,30
10930,1308,2023-02-01,30
10931,1308,2023-03-01,30
10932,1308,2023-04-01,30
10933,1308,2023-05-01,30
10934,1308,2023-06-01,30
10935,1308,2023-07-01,30
10936,1308,2023-08-01,30
10937,1308,2023-09-01,30
10938,1308,2023-10-01,30
10939,1308,2023-11-01,30
10940,1308,2023-12-01,30
10941,1308,2024-01-01,30
10942,1308,2024-02-01,30
10943,1308,2024-03-01,30
10944,1308,2024-04-01,30
10945,1308,2024-05-01,30
10946,1308,2024-06-01,30
10947,1308,2024-07-01,30
10948,1308,2024-08-01,30
10949,1308,2024-09-01,30
10950,1308,2024-10-01,30
10951,1308,2024-11-01,30
10952,1308,2024-12-01,30
10953,1308,2025-01-01,30
10954,1309,2020-10-01,20
10955,1309,2020-11-01,20
10956,1309,2020-12-01,20
10957,1309,2021-01-01,20
10958,1309,2021-02-01,20
10959,1309,2021-03-01,20
10960,1309,2021-04-01,20
10961,1309,2021-05-01,20
10962,1309,2021-06-01,20
10963,1309,2021-07-01,20
10964,1309,2021-08-01,20
10965,1309,2021-09-01,20
10966,1309,2021-10-01,20
10967,1309,2021-11-01,20
10968,1309,2021-12-01,20
10969,1309,2022-01-01,20
10970,1309,2022-02-01,20
10971,1309,2022-03-01,20
10972,1309,2022-04-01,20
10973,1309,2022-05-01,20
10974,1309,2022-06-01,20
10975,1309,2022-07-01,20
10976,1309,2022-08-01,20
10977,1309,2022-09-01,20
10978,1309,2022-10-01,20
10979,1309,2022-11-01,20
10980,1309,2022-12-01,20
10981,1309,2023-01-01,20
10982,1309,2023-02-01,20
10983,1309,2023-03-01,20
10984,1309,2023-04-01,20
10985,1309,2023-05-01,20
10986,1309,2023-06-01,20
10987,1309,2023-07-01,20
10988,1309,2023-08-01,20
10989,1309,2023-09-01,20
10990,1309,2023-10-01,20
10991,1309,2023-11-01,20
10992,1309,2023-12-01,20
10993,1309,2024-01-01,20
10994,1309,2024-02-01,20
10995,1309,2024-03-01,20
10996,1309,2024-04-01,20
10997,1309,2024-05-01,20
10998,1309,2024-06-01,20
10999,1309,2024-07-01,20
11000,1309,2024-08-01,20
11001,1309,2024-09-01,20
11002,1309,2024-10-01,20
11003,1309,2024-11-01,20
11004,1309,2024-12-01,20
11005,1309,2025-01-01,20
11006,1310,2022-08-01,20
11007,1310,2022-09-01,20
11008,1310,2022-10-01,20
11009,1310,2022-11-01,20
11010,1310,2022-12-01,20
11011,1310,2023-01-01,20
11012,1310,2023-02-01,20
11013,1310,2023-03-01,20
11014,1310,2023-04-01,20
11015,1310,2023-05-01,20
11016,1310,2023-06-01,20
11017,1310,2023-07-01,20
11018,1310,2023-08-01,20
11019,1310,2023-09-01,20
11020,1310,2023-10-01,20
11021,1310,2023-11-01,20
11022,1310,2023-12-01,20
11023,1311,2023-12-01,20
11024,1311,2024-01-01,20
11025,1311,2024-02-01,20
11026,1311,2024-03-01,20
11027,1311,2024-04-01,20
11028,1311,2024-05-01,20
11029,1311,2024-06-01,20
11030,1311,2024-07-01,20
11031,1311,2024-08-01,20
11032,1311,2024-09-01,20
11033,1311,2024-10-01,20
11034,1311,2024-11-01,20
11035,1311,2024-12-01,20
11036,1311,2025-01-01,20
11037,1312,2020-07-01,30
11038,1312,2020-08-01,30
11039,1312,2020-09-01,30
11040,1312,2020-10-01,30
11041,1312,2020-11-01,30
11042,1312,2020-12-01,30
11043,1312,2021-01-01,30
11044,1312,2021-02-01,30
11045,1312,2021-03-01,30
11046,1312,2021-04-01,30
11047,1312,2021-05-01,30
11048,1312,2021-06-01,30
11049,1312,2021-07-01,30
11050,1312,2021-08-01,30
11051,1312,2021-09-01,30
11052,1312,2021-10-01,30
11053,1312,2021-11-01,30
11054,1312,2021-12-01,30
11055,1312,2022-01-01,30
11056,1312,2022-02-01,30
11057,1312,2022-03-01,30
11058,1312,2022-04-01,30
11059,1312,2022-05-01,30
11060,1312,2022-06-01,30
11061,1312,2022-07-01,30
11062,1312,2022-08-01,30
11063,1312,2022-09-01,30
11064,1312,2022-10-01,30
11065,1312,2022-11-01,30
11066,1312,2022-12-01,30
11067,1312,2023-01-01,30
11068,1312,2023-02-01,30
11069,1312,2023-03-01,30
11070,1312,2023-04-01,30
11071,1312,2023-05-01,30
11072,1312,2023-06-01,30
11073,1312,2023-07-01,30
11074,1312,2023-08-01,30
11075,1312,2023-09-01,30
11076,1312,2023-10-01,30
11077,1312,2023-11-01,30
11078,1312,2023-12-01,30
11079,1312,2024-01-01,30
11080,1312,2024-02-01,30
11081,1312,2024-03-01,30
11082,1312,2024-04-01,30
11083,1312,2024-05-01,30
11084,1312,2024-06-01,30
11085,1312,2024-07-01,30
11086,1312,2024-08-01,30
11087,1312,2024-09-01,30
11088,1312,2024-10-01,30
11089,1312,2024-11-01,30
11090,1312,2024-12-01,30
11091,1312,2025-01-01,30
11092,1313,2024-09-01,20
11093,1313,2024-10-01,20
11094,1313,2024-11-01,20
11095,1313,2024-12-01,20
11096,1313,2025-01-01,20
11097,1314,2021-06-01,50
11098,1314,2021-07-01,50
11099,1314,2021-08-01,50
11100,1314,2021-09-01,50
11101,1314,2021-10-01,50
11102,1314,2021-11-01,50
11103,1314,2021-12-01,50
11104,1314,2022-01-01,50
11105,1314,2022-02-01,50
11106,1314,2022-03-01,50
11107,1314,2022-04-01,50
11108,1314,2022-05-01,50
11109,1314,2022-06-01,50
11110,1314,2022-07-01,50
11111,1314,2022-08-01,50
11112,1314,2022-09-01,50
11113,1314,2022-10-01,50
11114,1314,2022-11-01,50
11115,1314,2022-12-01,50
11116,1314,2023-01-01,50
11117,1314,2023-02-01,50
11118,1314,2023-03-01,50
11119,1314,2023-04-01,50
11120,1314,2023-05-01,50
11121,1314,2023-06-01,50
11122,1314,2023-07-01,50
11123,1314,2023-08-01,50
11124,1314,2023-09-01,50
11125,1314,2023-10-01,50
11126,1314,2023-11-01,50
11127,1314,2023-12-01,50
11128,1314,2024-01-01,50
11129,1314,2024-02-01,50
11130,1314,2024-03-01,50
11131,1314,2024-04-01,50
11132,1314,2024-05-01,50
11133,1314,2024-06-01,50
11134,1314,2024-07-01,50
11135,1314,2024-08-01,50
11136,1314,2024-09-01,50
11137,1314,2024-10-01,50
11138,1314,2024-11-01,50
11139,1314,2024-12-01,50
11140,1314,2025-01-01,50
11141,1315,2022-05-01,30
11142,1315,2022-06-01,30
11143,1315,2022-07-01,30
11144,1315,2022-08-01,30
11145,1315,2022-09-01,30
11146,1315,2022-10-01,30
11147,1315,2022-11-01,30
11148,1315,2022-12-01,30
11149,1315,2023-01-01,30
11150,1315,2023-02-01,30
11151,1315,2023-03-01,30
11152,1315,2023-04-01,30
11153,1315,2023-05-01,30
11154,1315,2023-06-01,30
11155,1315,2023-07-01,30
11156,1315,2023-08-01,30
11157,1315,2023-09-01,30
11158,1315,2023-10-01,30
11159,1315,2023-11-01,30
11160,1315,2023-12-01,30
11161,1315,2024-01-01,30
11162,1315,2024-02-01,30
11163,1315,2024-03-01,30
11164,1315,2024-04-01,30
11165,1315,2024-05-01,30
11166,1315,2024-06-01,30
11167,1315,2024-07-01,30
11168,1315,2024-08-01,30
11169,1315,2024-09-01,30
11170,1315,2024-10-01,30
11171,1315,2024-11-01,30
11172,1315,2024-12-01,30
11173,1315,2025-01-01,30
11174,1316,2020-06-01,50
11175,1316,2020-07-01,50
11176,1316,2020-08-01,50
11177,1316,2020-09-01,50
11178,1316,2020-10-01,50
11179,1316,2020-11-01,50
11180,1316,2020-12-01,50
11181,1316,2021-01-01,50
11182,1316,2021-02-01,50
11183,1316,2021-03-01,50
11184,1316,2021-04-01,50
11185,1316,2021-05-01,50
11186,1316,2021-06-01,50
11187,1316,2021-07-01,50
11188,1316,2021-08-01,50
11189,1316,2021-09-01,50
11190,1316,2021-10-01,50
11191,1316,2021-11-01,50
11192,1316,2021-12-01,50
11193,1316,2022-01-01,50
11194,1316,2022-02-01,50
11195,1316,2022-03-01,50
11196,1316,2022-04-01,50
11197,1316,2022-05-01,50
11198,1316,2022-06-01,50
11199,1316,2022-07-01,50
11200,1316,2022-08-01,50
11201,1316,2022-09-01,50
11202,1316,2022-10-01,50
11203,1316,2022-11-01,50
11204,1316,2022-12-01,50
11205,1316,2023-01-01,50
11206,1316,2023-02-01,50
11207,1316,2023-03-01,50
11208,1316,2023-04-01,50
11209,1316,2023-05-01,50
11210,1316,2023-06-01,50
11211,1316,2023-07-01,50
11212,1316,2023-08-01,50
11213,1316,2023-09-01,50
11214,1316,2023-10-01,50
11215,1316,2023-11-01,50
11216,1316,2023-12-01,50
11217,1316,2024-01-01,50
11218,1316,2024-02-01,50
11219,1316,2024-03-01,50
11220,1316,2024-04-01,50
11221,1316,2024-05-01,50
11222,1316,2024-06-01,50
11223,1316,2024-07-01,50
11224,1316,2024-08-01,50
11225,1316,2024-09-01,50
11226,1316,2024-10-01,50
11227,1316,2024-11-01,50
11228,1316,2024-12-01,50
11229,1316,2025-01-01,50
11230,1317,2022-10-01,30
11231,1317,2022-11-01,30
11232,1317,2022-12-01,30
11233,1317,2023-01-01,30
11234,1317,2023-02-01,30
11235,1317,2023-03-01,30
11236,1317,2023-04-01,30
11237,1317,2023-05-01,30
11238,1317,2023-06-01,30
11239,1317,2023-07-01,30
11240,1317,2023-08-01,30
11241,1317,2023-09-01,30
11242,1317,2023-10-01,30
11243,1317,2023-11-01,30
11244,1317,2023-12-01,30
11245,1317,2024-01-01,30
11246,1317,2024-02-01,30
11247,1317,2024-03-01,30
11248,1317,2024-04-01,30
11249,1317,2024-05-01,30
11250,1317,2024-06-01,30
11251,1317,2024-07-01,30
11252,1317,2024-08-01,30
11253,1317,2024-09-01,30
11254,1317,2024-10-01,30
11255,1317,2024-11-01,30
11256,1317,2024-12-01,30
11257,1317,2025-01-01,30
11258,1318,2024-08-01,30
11259,1318,2024-09-01,30
11260,1318,2024-10-01,30
11261,1318,2024-11-01,30
11262,1318,2024-12-01,30
11263,1318,2025-01-01,30
11264,1319,2022-03-01,30
11265,1319,2022-04-01,30
11266,1319,2022-05-01,30
11267,1319,2022-06-01,30
11268,1319,2022-07-01,30
11269,1319,2022-08-01,30
11270,1319,2022-09-01,30
11271,1319,2022-10-01,30
11272,1319,2022-11-01,30
11273,1319,2022-12-01,30
11274,1319,2023-01-01,30
11275,1319,2023-02-01,30
11276,1319,2023-03-01,30
11277,1319,2023-04-01,30
11278,1319,2023-05-01,30
11279,1319,2023-06-01,30
11280,1319,2023-07-01,30
11281,1319,2023-08-01,30
11282,1319,2023-09-01,30
11283,1319,2023-10-01,30
11284,1319,2023-11-01,30
11285,1319,2023-12-01,30
11286,1319,2024-01-01,30
11287,1320,2021-03-01,30
11288,1320,2021-04-01,30
11289,1320,2021-05-01,30
11290,1320,2021-06-01,30
11291,1320,2021-07-01,30
11292,1320,2021-08-01,30
11293,1320,2021-09-01,30
11294,1320,2021-10-01,30
11295,1320,2021-11-01,30
11296,1320,2021-12-01,30
11297,1320,2022-01-01,30
11298,1320,2022-02-01,30
11299,1320,2022-03-01,30
11300,1320,2022-04-01,30
11301,1320,2022-05-01,30
11302,1320,2022-06-01,30
11303,1320,2022-07-01,30
11304,1320,2022-08-01,30
11305,1320,2022-09-01,30
11306,1320,2022-10-01,30
11307,1320,2022-11-01,30
11308,1320,2022-12-01,30
11309,1320,2023-01-01,30
11310,1320,2023-02-01,30
11311,1320,2023-03-01,30
11312,1320,2023-04-01,30
11313,1320,2023-05-01,30
11314,1320,2023-06-01,30
11315,1320,2023-07-01,30
11316,1320,2023-08-01,30
11317,1320,2023-09-01,30
11318,1320,2023-10-01,30
11319,1320,2023-11-01,30
11320,1320,2023-12-01,30
11321,1320,2024-01-01,30
11322,1320,2024-02-01,30
11323,1320,2024-03-01,30
11324,1320,2024-04-01,30
11325,1320,2024-05-01,30
11326,1320,2024-06-01,30
11327,1320,2024-07-01,30
11328,1320,2024-08-01,30
11329,1320,2024-09-01,30
11330,1320,2024-10-01,30
11331,1320,2024-11-01,30
11332,1320,2024-12-01,30
11333,1320,2025-01-01,30
11334,1321,2024-11-01,30
11335,1321,2024-12-01,30
11336,1321,2025-01-01,30
11337,1322,2023-05-01,30
11338,1322,2023-06-01,30
11339,1322,2023-07-01,30
11340,1322,2023-08-01,30
11341,1322,2023-09-01,30
11342,1322,2023-10-01,30
11343,1322,2023-11-01,30
11344,1322,2023-12-01,30
11345,1322,2024-01-01,30
11346,1322,2024-02-01,30
11347,1322,2024-03-01,30
11348,1322,2024-04-01,30
11349,1322,2024-05-01,30
11350,1322,2024-06-01,30
11351,1322,2024-07-01,30
11352,1322,2024-08-01,30
11353,1322,2024-09-01,30
11354,1322,2024-10-01,30
11355,1322,2024-11-01,30
11356,1322,2024-12-01,30
11357,1322,2025-01-01,30
11358,1323,2023-09-01,30
11359,1323,2023-10-01,30
11360,1323,2023-11-01,30
11361,1323,2023-12-01,30
11362,1323,2024-01-01,30
11363,1323,2024-02-01,30
11364,1323,2024-03-01,30
11365,1323,2024-04-01,30
11366,1323,2024-05-01,30
11367,1323,2024-06-01,30
11368,1323,2024-07-01,30
11369,1323,2024-08-01,30
11370,1323,2024-09-01,30
11371,1323,2024-10-01,30
11372,1323,2024-11-01,30
11373,1323,2024-12-01,30
11374,1323,2025-01-01,30
11375,1324,2024-01-01,30
11376,1324,2024-02-01,30
11377,1324,2024-03-01,30
11378,1324,2024-04-01,30
11379,1324,2024-05-01,30
11380,1324,2024-06-01,30
11381,1324,2024-07-01,30
11382,1324,2024-08-01,30
11383,1324,2024-09-01,30
11384,1324,2024-10-01,30
11385,1324,2024-11-01,30
11386,1324,2024-12-01,30
11387,1324,2025-01-01,30
11388,1325,2021-12-01,30
11389,1325,2022-01-01,30
11390,1325,2022-02-01,30
11391,1325,2022-03-01,30
11392,1325,2022-04-01,30
11393,1325,2022-05-01,30
11394,1325,2022-06-01,30
11395,1325,2022-07-01,30
11396,1325,2022-08-01,30
11397,1325,2022-09-01,30
11398,1325,2022-10-01,30
11399,1325,2022-11-01,30
11400,1325,2022-12-01,30
11401,1325,2023-01-01,30
11402,1325,2023-02-01,30
11403,1325,2023-03-01,30
11404,1325,2023-04-01,30
11405,1325,2023-05-01,30
11406,1325,2023-06-01,30
11407,1325,2023-07-01,30
11408,1325,2023-08-01,30
11409,1325,2023-09-01,30
11410,1325,2023-10-01,30
11411,1325,2023-11-01,30
11412,1325,2023-12-01,30
11413,1325,2024-01-01,30
11414,1325,2024-02-01,30
11415,1325,2024-03-01,30
11416,1325,2024-04-01,30
11417,1325,2024-05-01,30
11418,1325,2024-06-01,30
11419,1325,2024-07-01,30
11420,1325,2024-08-01,30
11421,1325,2024-09-01,30
11422,1325,2024-10-01,30
11423,1325,2024-11-01,30
11424,1325,2024-12-01,30
11425,1325,2025-01-01,30
11426,1326,2020-05-01,50
11427,1326,2020-06-01,50
11428,1326,2020-07-01,50
11429,1326,2020-08-01,50
11430,1326,2020-09-01,50
11431,1326,2020-10-01,50
11432,1326,2020-11-01,50
11433,1326,2020-12-01,50
11434,1326,2021-01-01,50
11435,1326,2021-02-01,50
11436,1326,2021-03-01,50
11437,1326,2021-04-01,50
11438,1326,2021-05-01,50
11439,1326,2021-06-01,50
11440,1326,2021-07-01,50
11441,1326,2021-08-01,50
11442,1326,2021-09-01,50
11443,1326,2021-10-01,50
11444,1326,2021-11-01,50
11445,1326,2021-12-01,50
11446,1326,2022-01-01,50
11447,1326,2022-02-01,50
11448,1326,2022-03-01,50
11449,1326,2022-04-01,50
11450,1326,2022-05-01,50
11451,1326,2022-06-01,50
11452,1326,2022-07-01,50
11453,1326,2022-08-01,50
11454,1326,2022-09-01,50
11455,1326,2022-10-01,50
11456,1326,2022-11-01,50
11457,1326,2022-12-01,50
11458,1326,2023-01-01,50
11459,1326,2023-02-01,50
11460,1326,2023-03-01,50
11461,1326,2023-04-01,50
11462,1326,2023-05-01,50
11463,1326,2023-06-01,50
11464,1326,2023-07-01,50
11465,1326,2023-08-01,50
11466,1326,2023-09-01,50
11467,1326,2023-10-01,50
11468,1326,2023-11-01,50
11469,1326,2023-12-01,50
11470,1326,2024-01-01,50
11471,1326,2024-02-01,50
11472,1326,2024-03-01,50
11473,1326,2024-04-01,50
11474,1326,2024-05-01,50
11475,1326,2024-06-01,50
11476,1326,2024-07-01,50
11477,1326,2024-08-01,50
11478,1326,2024-09-01,50
11479,1326,2024-10-01,50
11480,1326,2024-11-01,50
11481,1326,2024-12-01,50
11482,1326,2025-01-01,50
11483,1327,2022-07-01,30
11484,1327,2022-08-01,30
11485,1327,2022-09-01,30
11486,1327,2022-10-01,30
11487,1327,2022-11-01,30
11488,1327,2022-12-01,30
11489,1327,2023-01-01,30
11490,1327,2023-02-01,30
11491,1327,2023-03-01,30
11492,1327,2023-04-01,30
11493,1327,2023-05-01,30
11494,1327,2023-06-01,30
11495,1327,2023-07-01,30
11496,1327,2023-08-01,30
11497,1327,2023-09-01,30
11498,1327,2023-10-01,30
11499,1327,2023-11-01,30
11500,1327,2023-12-01,30
11501,1327,2024-01-01,30
11502,1327,2024-02-01,30
11503,1327,2024-03-01,30
11504,1327,2024-04-01,30
11505,1327,2024-05-01,30
11506,1327,2024-06-01,30
11507,1327,2024-07-01,30
11508,1327,2024-08-01,30
11509,1327,2024-09-01,30
11510,1327,2024-10-01,30
11511,1327,2024-11-01,30
11512,1327,2024-12-01,30
11513,1327,2025-01-01,30
11514,1328,2020-05-01,30
11515,1328,2020-06-01,30
11516,1328,2020-07-01,30
11517,1328,2020-08-01,30
11518,1328,2020-09-01,30
11519,1328,2020-10-01,30
11520,1328,2020-11-01,30
11521,1328,2020-12-01,30
11522,1328,2021-01-01,30
11523,1328,2021-02-01,30
11524,1328,2021-03-01,30
11525,1328,2021-04-01,30
11526,1328,2021-05-01,30
11527,1328,2021-06-01,30
11528,1328,2021-07-01,30
11529,1328,2021-08-01,30
11530,1328,2021-09-01,30
11531,1328,2021-10-01,30
11532,1328,2021-11-01,30
11533,1328,2021-12-01,30
11534,1328,2022-01-01,30
11535,1328,2022-02-01,30
11536,1328,2022-03-01,30
11537,1328,2022-04-01,30
11538,1328,2022-05-01,30
11539,1328,2022-06-01,30
11540,1328,2022-07-01,30
11541,1328,2022-08-01,30
11542,1328,2022-09-01,30
11543,1328,2022-10-01,30
11544,1328,2022-11-01,30
11545,1328,2022-12-01,30
11546,1328,2023-01-01,30
11547,1328,2023-02-01,30
11548,1328,2023-03-01,30
11549,1328,2023-04-01,30
11550,1328,2023-05-01,30
11551,1328,2023-06-01,30
11552,1328,2023-07-01,30
11553,1328,2023-08-01,30
11554,1328,2023-09-01,30
11555,1328,2023-10-01,30
11556,1328,2023-11-01,30
11557,1328,2023-12-01,30
11558,1328,2024-01-01,30
11559,1328,2024-02-01,30
11560,1328,2024-03-01,30
11561,1328,2024-04-01,30
11562,1328,2024-05-01,30
11563,1328,2024-06-01,30
11564,1328,2024-07-01,30
11565,1328,2024-08-01,30
11566,1328,2024-09-01,30
11567,1328,2024-10-01,30
11568,1328,2024-11-01,30
11569,1328,2024-12-01,30
11570,1328,2025-01-01,30
11571,1329,2024-05-01,30
11572,1329,2024-06-01,30
11573,1329,2024-07-01,30
11574,1329,2024-08-01,30
11575,1329,2024-09-01,30
11576,1329,2024-10-01,30
11577,1329,2024-11-01,30
11578,1329,2024-12-01,30
11579,1329,2025-01-01,30
11580,1330,2023-06-01,30
11581,1330,2023-07-01,30
11582,1330,2023-08-01,30
11583,1330,2023-09-01,30
11584,1330,2023-10-01,30
11585,1330,2023-11-01,30
11586,1330,2023-12-01,30
11587,1330,2024-01-01,30
11588,1330,2024-02-01,30
11589,1330,2024-03-01,30
11590,1330,2024-04-01,30
11591,1331,2024-08-01,30
11592,1331,2024-09-01,30
11593,1331,2024-10-01,30
11594,1331,2024-11-01,30
11595,1331,2024-12-01,30
11596,1331,2025-01-01,30
11597,1332,2020-03-01,20
11598,1332,2020-04-01,20
11599,1332,2020-05-01,20
11600,1332,2020-06-01,20
11601,1332,2020-07-01,20
11602,1332,2020-08-01,20
11603,1332,2020-09-01,20
11604,1332,2020-10-01,20
11605,1332,2020-11-01,20
11606,1332,2020-12-01,20
11607,1332,2021-01-01,20
11608,1332,2021-02-01,20
11609,1332,2021-03-01,20
11610,1332,2021-04-01,20
11611,1332,2021-05-01,20
11612,1332,2021-06-01,20
11613,1332,2021-07-01,20
11614,1333,2021-06-01,30
11615,1333,2021-07-01,30
11616,1333,2021-08-01,30
11617,1333,2021-09-01,30
11618,1333,2021-10-01,30
11619,1333,2021-11-01,30
11620,1333,2021-12-01,30
11621,1333,2022-01-01,30
11622,1333,2022-02-01,30
11623,1333,2022-03-01,30
11624,1333,2022-04-01,30
11625,1333,2022-05-01,30
11626,1333,2022-06-01,30
11627,1333,2022-07-01,30
11628,1333,2022-08-01,30
11629,1333,2022-09-01,30
11630,1333,2022-10-01,30
11631,1333,2022-11-01,30
11632,1333,2022-12-01,30
11633,1333,2023-01-01,30
11634,1333,2023-02-01,30
11635,1333,2023-03-01,30
11636,1333,2023-04-01,30
11637,1333,2023-05-01,30
11638,1333,2023-06-01,30
11639,1333,2023-07-01,30
11640,1333,2023-08-01,30
11641,1333,2023-09-01,30
11642,1333,2023-10-01,30
11643,1333,2023-11-01,30
11644,1333,2023-12-01,30
11645,1333,2024-01-01,30
11646,1333,2024-02-01,30
11647,1333,2024-03-01,30
11648,1333,2024-04-01,30
11649,1333,2024-05-01,30
11650,1333,2024-06-01,30
11651,1333,2024-07-01,30
11652,1333,2024-08-01,30
11653,1333,2024-09-01,30
11654,1333,2024-10-01,30
11655,1333,2024-11-01,30
11656,1333,2024-12-01,30
11657,1333,2025-01-01,30
11658,1334,2022-03-01,30
11659,1334,2022-04-01,30
11660,1334,2022-05-01,30
11661,1334,2022-06-01,30
11662,1334,2022-07-01,30
11663,1334,2022-08-01,30
11664,1334,2022-09-01,30
11665,1334,2022-10-01,30
11666,1334,2022-11-01,30
11667,1334,2022-12-01,30
11668,1334,2023-01-01,30
11669,1334,2023-02-01,30
11670,1334,2023-03-01,30
11671,1334,2023-04-01,30
11672,1334,2023-05-01,30
11673,1334,2023-06-01,30
11674,1334,2023-07-01,30
11675,1334,2023-08-01,30
11676,1334,2023-09-01,30
11677,1334,2023-10-01,30
11678,1334,2023-11-01,30
11679,1334,2023-12-01,30
11680,1334,2024-01-01,30
11681,1334,2024-02-01,30
11682,1334,2024-03-01,30
11683,1334,2024-04-01,30
11684,1334,2024-05-01,30
11685,1334,2024-06-01,30
11686,1334,2024-07-01,30
11687,1334,2024-08-01,30
11688,1334,2024-09-01,30
11689,1334,2024-10-01,30
11690,1334,2024-11-01,30
11691,1334,2024-12-01,30
11692,1334,2025-01-01,30
11693,1335,2023-07-01,50
11694,1335,2023-08-01,50
11695,1335,2023-09-01,50
11696,1335,2023-10-01,50
11697,1335,2023-11-01,50
11698,1335,2023-12-01,50
11699,1335,2024-01-01,50
11700,1335,2024-02-01,50
11701,1335,2024-03-01,50
11702,1335,2024-04-01,50
11703,1335,2024-05-01,50
11704,1335,2024-06-01,50
11705,1335,2024-07-01,50
11706,1335,2024-08-01,50
11707,1335,2024-09-01,50
11708,1335,2024-10-01,50
11709,1335,2024-11-01,50
11710,1335,2024-12-01,50
11711,1335,2025-01-01,50
11712,1336,2022-08-01,30
11713,1336,2022-09-01,30
11714,1336,2022-10-01,30
11715,1336,2022-11-01,30
11716,1336,2022-12-01,30
11717,1336,2023-01-01,30
11718,1336,2023-02-01,30
11719,1336,2023-03-01,30
11720,1336,2023-04-01,30
11721,1336,2023-05-01,30
11722,1336,2023-06-01,30
11723,1336,2023-07-01,30
11724,1336,2023-08-01,30
11725,1336,2023-09-01,30
11726,1336,2023-10-01,30
11727,1336,2023-11-01,30
11728,1336,2023-12-01,30
11729,1336,2024-01-01,30
11730,1336,2024-02-01,30
11731,1336,2024-03-01,30
11732,1336,2024-04-01,30
11733,1336,2024-05-01,30
11734,1336,2024-06-01,30
11735,1336,2024-07-01,30
11736,1336,2024-08-01,30
11737,1336,2024-09-01,30
11738,1336,2024-10-01,30
11739,1336,2024-11-01,30
11740,1336,2024-12-01,30
11741,1336,2025-01-01,30
11742,1337,2024-05-01,30
11743,1337,2024-06-01,30
11744,1337,2024-07-01,30
11745,1337,2024-08-01,30
11746,1337,2024-09-01,30
11747,1337,2024-10-01,30
11748,1337,2024-11-01,30
11749,1337,2024-12-01,30
11750,1337,2025-01-01,30
11751,1338,2020-06-01,30
11752,1338,2020-07-01,30
11753,1338,2020-08-01,30
11754,1338,2020-09-01,30
11755,1338,2020-10-01,30
11756,1338,2020-11-01,30
11757,1338,2020-12-01,30
11758,1338,2021-01-01,30
11759,1338,2021-02-01,30
11760,1338,2021-03-01,30
11761,1338,2021-04-01,30
11762,1338,2021-05-01,30
11763,1338,2021-06-01,30
11764,1338,2021-07-01,30
11765,1338,2021-08-01,30
11766,1338,2021-09-01,30
11767,1338,2021-10-01,30
11768,1338,2021-11-01,30
11769,1338,2021-12-01,30
11770,1338,2022-01-01,30
11771,1338,2022-02-01,30
11772,1338,2022-03-01,30
11773,1338,2022-04-01,30
11774,1338,2022-05-01,30
11775,1338,2022-06-01,30
11776,1338,2022-07-01,30
11777,1338,2022-08-01,30
11778,1338,2022-09-01,30
11779,1338,2022-10-01,30
11780,1338,2022-11-01,30
11781,1338,2022-12-01,30
11782,1338,2023-01-01,30
11783,1338,2023-02-01,30
11784,1338,2023-03-01,30
11785,1338,2023-04-01,30
11786,1338,2023-05-01,30
11787,1338,2023-06-01,30
11788,1338,2023-07-01,30
11789,1338,2023-08-01,30
11790,1338,2023-09-01,30
11791,1338,2023-10-01,30
11792,1338,2023-11-01,30
11793,1338,2023-12-01,30
11794,1338,2024-01-01,30
11795,1338,2024-02-01,30
11796,1338,2024-03-01,30
11797,1338,2024-04-01,30
11798,1338,2024-05-01,30
11799,1338,2024-06-01,30
11800,1338,2024-07-01,30
11801,1338,2024-08-01,30
11802,1338,2024-09-01,30
11803,1338,2024-10-01,30
11804,1338,2024-11-01,30
11805,1338,2024-12-01,30
11806,1338,2025-01-01,30
11807,1339,2023-12-01,30
11808,1339,2024-01-01,30
11809,1339,2024-02-01,30
11810,1339,2024-03-01,30
11811,1339,2024-04-01,30
11812,1339,2024-05-01,30
11813,1339,2024-06-01,30
11814,1339,2024-07-01,30
11815,1339,2024-08-01,30
11816,1339,2024-09-01,30
11817,1339,2024-10-01,30
11818,1339,2024-11-01,30
11819,1339,2024-12-01,30
11820,1339,2025-01-01,30
11821,1340,2022-11-01,30
11822,1340,2022-12-01,30
11823,1340,2023-01-01,30
11824,1340,2023-02-01,30
11825,1340,2023-03-01,30
11826,1340,2023-04-01,30
11827,1340,2023-05-01,30
11828,1340,2023-06-01,30
11829,1340,2023-07-01,30
11830,1340,2023-08-01,30
11831,1340,2023-09-01,30
11832,1340,2023-10-01,30
11833,1340,2023-11-01,30
11834,1340,2023-12-01,30
11835,1340,2024-01-01,30
11836,1340,2024-02-01,30
11837,1340,2024-03-01,30
11838,1340,2024-04-01,30
11839,1340,2024-05-01,30
11840,1340,2024-06-01,30
11841,1340,2024-07-01,30
11842,1340,2024-08-01,30
11843,1340,2024-09-01,30
11844,1340,2024-10-01,30
11845,1340,2024-11-01,30
11846,1340,2024-12-01,30
11847,1340,2025-01-01,30
11848,1341,2021-11-01,30
11849,1341,2021-12-01,30
11850,1341,2022-01-01,30
11851,1341,2022-02-01,30
11852,1341,2022-03-01,30
11853,1341,2022-04-01,30
11854,1341,2022-05-01,30
11855,1341,2022-06-01,30
11856,1341,2022-07-01,30
11857,1341,2022-08-01,30
11858,1341,2022-09-01,30
11859,1341,2022-10-01,30
11860,1341,2022-11-01,30
11861,1341,2022-12-01,30
11862,1341,2023-01-01,30
11863,1341,2023-02-01,30
11864,1341,2023-03-01,30
11865,1341,2023-04-01,30
11866,1341,2023-05-01,30
11867,1341,2023-06-01,30
11868,1341,2023-07-01,30
11869,1341,2023-08-01,30
11870,1341,2023-09-01,30
11871,1341,2023-10-01,30
11872,1341,2023-11-01,30
11873,1341,2023-12-01,30
11874,1341,2024-01-01,30
11875,1341,2024-02-01,30
11876,1341,2024-03-01,30
11877,1341,2024-04-01,30
11878,1341,2024-05-01,30
11879,1341,2024-06-01,30
11880,1341,2024-07-01,30
11881,1341,2024-08-01,30
11882,1341,2024-09-01,30
11883,1341,2024-10-01,30
11884,1341,2024-11-01,30
11885,1341,2024-12-01,30
11886,1341,2025-01-01,30
11887,1342,2024-08-01,20
11888,1342,2024-09-01,20
11889,1342,2024-10-01,20
11890,1342,2024-11-01,20
11891,1342,2024-12-01,20
11892,1342,2025-01-01,20
11893,1343,2020-11-01,20
11894,1343,2020-12-01,20
11895,1343,2021-01-01,20
11896,1343,2021-02-01,20
11897,1343,2021-03-01,20
11898,1343,2021-04-01,20
11899,1343,2021-05-01,20
11900,1343,2021-06-01,20
11901,1343,2021-07-01,20
11902,1343,2021-08-01,20
11903,1343,2021-09-01,20
11904,1343,2021-10-01,20
11905,1343,2021-11-01,20
11906,1343,2021-12-01,20
11907,1343,2022-01-01,20
11908,1343,2022-02-01,20
11909,1343,2022-03-01,20
11910,1343,2022-04-01,20
11911,1343,2022-05-01,20
11912,1343,2022-06-01,20
11913,1343,2022-07-01,20
11914,1343,2022-08-01,20
11915,1343,2022-09-01,20
11916,1343,2022-10-01,20
11917,1343,2022-11-01,20
11918,1343,2022-12-01,20
11919,1343,2023-01-01,20
11920,1343,2023-02-01,20
11921,1343,2023-03-01,20
11922,1343,2023-04-01,20
11923,1343,2023-05-01,20
11924,1343,2023-06-01,20
11925,1343,2023-07-01,20
11926,1343,2023-08-01,20
11927,1343,2023-09-01,20
11928,1343,2023-10-01,20
11929,1343,2023-11-01,20
11930,1343,2023-12-01,20
11931,1343,2024-01-01,20
11932,1343,2024-02-01,20
11933,1343,2024-03-01,20
11934,1343,2024-04-01,20
11935,1343,2024-05-01,20
11936,1343,2024-06-01,20
11937,1343,2024-07-01,20
11938,1343,2024-08-01,20
11939,1343,2024-09-01,20
11940,1343,2024-10-01,20
11941,1343,2024-11-01,20
11942,1343,2024-12-01,20
11943,1343,2025-01-01,20
11944,1344,2023-11-01,20
11945,1344,2023-12-01,20
11946,1344,2024-01-01,20
11947,1345,2020-09-01,20
11948,1345,2020-10-01,20
11949,1345,2020-11-01,20
11950,1345,2020-12-01,20
11951,1345,2021-01-01,20
11952,1345,2021-02-01,20
11953,1345,2021-03-01,20
11954,1345,2021-04-01,20
11955,1345,2021-05-01,20
11956,1345,2021-06-01,20
11957,1345,2021-07-01,20
11958,1345,2021-08-01,20
11959,1345,2021-09-01,20
11960,1345,2021-10-01,20
11961,1345,2021-11-01,20
11962,1345,2021-12-01,20
11963,1345,2022-01-01,20
11964,1345,2022-02-01,20
11965,1345,2022-03-01,20
11966,1345,2022-04-01,20
11967,1345,2022-05-01,20
11968,1345,2022-06-01,20
11969,1345,2022-07-01,20
11970,1345,2022-08-01,20
11971,1345,2022-09-01,20
11972,1345,2022-10-01,20
11973,1345,2022-11-01,20
11974,1345,2022-12-01,20
11975,1345,2023-01-01,20
11976,1345,2023-02-01,20
11977,1345,2023-03-01,20
11978,1345,2023-04-01,20
11979,1345,2023-05-01,20
11980,1345,2023-06-01,20
11981,1345,2023-07-01,20
11982,1345,2023-08-01,20
11983,1345,2023-09-01,20
11984,1345,2023-10-01,20
11985,1345,2023-11-01,20
11986,1345,2023-12-01,20
11987,1345,2024-01-01,20
11988,1345,2024-02-01,20
11989,1345,2024-03-01,20
11990,1345,2024-04-01,20
11991,1345,2024-05-01,20
11992,1345,2024-06-01,20
11993,1345,2024-07-01,20
11994,1345,2024-08-01,20
11995,1345,2024-09-01,20
11996,1345,2024-10-01,20
11997,1345,2024-11-01,20
11998,1345,2024-12-01,20
11999,1345,2025-01-01,20
12000,1346,2021-11-01,50
12001,1346,2021-12-01,50
12002,1346,2022-01-01,50
12003,1346,2022-02-01,50
12004,1346,2022-03-01,50
12005,1346,2022-04-01,50
12006,1346,2022-05-01,50
12007,1346,2022-06-01,50
12008,1346,2022-07-01,50
12009,1346,2022-08-01,50
12010,1346,2022-09-01,50
12011,1346,2022-10-01,50
12012,1346,2022-11-01,50
12013,1346,2022-12-01,50
12014,1346,2023-01-01,50
12015,1346,2023-02-01,50
12016,1346,2023-03-01,50
12017,1346,2023-04-01,50
12018,1346,2023-05-01,50
12019,1346,2023-06-01,50
12020,1346,2023-07-01,50
12021,1346,2023-08-01,50
12022,1346,2023-09-01,50
12023,1346,2023-10-01,50
12024,1346,2023-11-01,50
12025,1346,2023-12-01,50
12026,1346,2024-01-01,50
12027,1346,2024-02-01,50
12028,1346,2024-03-01,50
12029,1346,2024-04-01,50
12030,1346,2024-05-01,50
12031,1346,2024-06-01,50
12032,1346,2024-07-01,50
12033,1346,2024-08-01,50
12034,1346,2024-09-01,50
12035,1346,2024-10-01,50
12036,1346,2024-11-01,50
12037,1346,2024-12-01,50
12038,1346,2025-01-01,50
12039,1347,2021-11-01,50
12040,1347,2021-12-01,50
12041,1347,2022-01-01,50
12042,1347,2022-02-01,50
12043,1347,2022-03-01,50
12044,1347,2022-04-01,50
12045,1347,2022-05-01,50
12046,1347,2022-06-01,50
12047,1347,2022-07-01,50
12048,1347,2022-08-01,50
12049,1347,2022-09-01,50
12050,1347,2022-10-01,50
12051,1347,2022-11-01,50
12052,1347,2022-12-01,50
12053,1347,2023-01-01,50
12054,1347,2023-02-01,50
12055,1347,2023-03-01,50
12056,1347,2023-04-01,50
12057,1347,2023-05-01,50
12058,1347,2023-06-01,50
12059,1347,2023-07-01,50
12060,1347,2023-08-01,50
12061,1347,2023-09-01,50
12062,1347,2023-10-01,50
12063,1347,2023-11-01,50
12064,1347,2023-12-01,50
12065,1347,2024-01-01,50
12066,1347,2024-02-01,50
12067,1347,2024-03-01,50
12068,1347,2024-04-01,50
12069,1347,2024-05-01,50
12070,1347,2024-06-01,50
12071,1347,2024-07-01,50
12072,1347,2024-08-01,50
12073,1347,2024-09-01,50
12074,1347,2024-10-01,50
12075,1347,2024-11-01,50
12076,1347,2024-12-01,50
12077,1347,2025-01-01,50
12078,1348,2020-09-01,50
12079,1348,2020-10-01,50
12080,1348,2020-11-01,50
12081,1348,2020-12-01,50
12082,1348,2021-01-01,50
12083,1348,2021-02-01,50
12084,1348,2021-03-01,50
12085,1348,2021-04-01,50
12086,1348,2021-05-01,50
12087,1348,2021-06-01,50
12088,1348,2021-07-01,50
12089,1348,2021-08-01,50
12090,1348,2021-09-01,50
12091,1348,2021-10-01,50
12092,1348,2021-11-01,50
12093,1348,2021-12-01,50
12094,1348,2022-01-01,50
12095,1348,2022-02-01,50
12096,1348,2022-03-01,50
12097,1348,2022-04-01,50
12098,1348,2022-05-01,50
12099,1348,2022-06-01,50
12100,1348,2022-07-01,50
12101,1348,2022-08-01,50
12102,1348,2022-09-01,50
12103,1348,2022-10-01,50
12104,1348,2022-11-01,50
12105,1348,2022-12-01,50
12106,1348,2023-01-01,50
12107,1348,2023-02-01,50
12108,1348,2023-03-01,50
12109,1348,2023-04-01,50
12110,1348,2023-05-01,50
12111,1348,2023-06-01,50
12112,1348,2023-07-01,50
12113,1348,2023-08-01,50
12114,1348,2023-09-01,50
12115,1348,2023-10-01,50
12116,1348,2023-11-01,50
12117,1348,2023-12-01,50
12118,1348,2024-01-01,50
12119,1348,2024-02-01,50
12120,1348,2024-03-01,50
12121,1348,2024-04-01,50
12122,1348,2024-05-01,50
12123,1348,2024-06-01,50
12124,1348,2024-07-01,50
12125,1348,2024-08-01,50
12126,1348,2024-09-01,50
12127,1348,2024-10-01,50
12128,1348,2024-11-01,50
12129,1348,2024-12-01,50
12130,1348,2025-01-01,50
12131,1349,2024-11-01,30
12132,1349,2024-12-01,30
12133,1349,2025-01-01,30
12134,1350,2020-08-01,20
12135,1350,2020-09-01,20
12136,1350,2020-10-01,20
12137,1350,2020-11-01,20
12138,1350,2020-12-01,20
12139,1350,2021-01-01,20
12140,1350,2021-02-01,20
12141,1350,2021-03-01,20
12142,1350,2021-04-01,20
12143,1350,2021-05-01,20
12144,1350,2021-06-01,20
12145,1351,2020-10-01,30
12146,1351,2020-11-01,30
12147,1351,2020-12-01,30
12148,1351,2021-01-01,30
12149,1351,2021-02-01,30
12150,1351,2021-03-01,30
12151,1351,2021-04-01,30
12152,1351,2021-05-01,30
12153,1351,2021-06-01,30
12154,1351,2021-07-01,30
12155,1351,2021-08-01,30
12156,1351,2021-09-01,30
12157,1351,2021-10-01,30
12158,1351,2021-11-01,30
12159,1351,2021-12-01,30
12160,1351,2022-01-01,30
12161,1351,2022-02-01,30
12162,1351,2022-03-01,30
12163,1351,2022-04-01,30
12164,1351,2022-05-01,30
12165,1351,2022-06-01,30
12166,1351,2022-07-01,30
12167,1351,2022-08-01,30
12168,1351,2022-09-01,30
12169,1351,2022-10-01,30
12170,1351,2022-11-01,30
12171,1351,2022-12-01,30
12172,1351,2023-01-01,30
12173,1351,2023-02-01,30
12174,1351,2023-03-01,30
12175,1351,2023-04-01,30
12176,1351,2023-05-01,30
12177,1351,2023-06-01,30
12178,1351,2023-07-01,30
12179,1351,2023-08-01,30
12180,1351,2023-09-01,30
12181,1351,2023-10-01,30
12182,1351,2023-11-01,30
12183,1351,2023-12-01,30
12184,1351,2024-01-01,30
12185,1351,2024-02-01,30
12186,1351,2024-03-01,30
12187,1351,2024-04-01,30
12188,1351,2024-05-01,30
12189,1351,2024-06-01,30
12190,1351,2024-07-01,30
12191,1351,2024-08-01,30
12192,1351,2024-09-01,30
12193,1351,2024-10-01,30
12194,1351,2024-11-01,30
12195,1351,2024-12-01,30
12196,1351,2025-01-01,30
12197,1352,2021-09-01,20
12198,1352,2021-10-01,20
12199,1352,2021-11-01,20
12200,1352,2021-12-01,20
12201,1352,2022-01-01,20
12202,1352,2022-02-01,20
12203,1352,2022-03-01,20
12204,1352,2022-04-01,20
12205,1352,2022-05-01,20
12206,1352,2022-06-01,20
12207,1352,2022-07-01,20
12208,1352,2022-08-01,20
12209,1352,2022-09-01,20
12210,1352,2022-10-01,20
12211,1352,2022-11-01,20
12212,1352,2022-12-01,20
12213,1352,2023-01-01,20
12214,1352,2023-02-01,20
12215,1352,2023-03-01,20
12216,1352,2023-04-01,20
12217,1352,2023-05-01,20
12218,1352,2023-06-01,20
12219,1352,2023-07-01,20
12220,1352,2023-08-01,20
12221,1352,2023-09-01,20
12222,1352,2023-10-01,20
12223,1352,2023-11-01,20
12224,1352,2023-12-01,20
12225,1352,2024-01-01,20
12226,1352,2024-02-01,20
12227,1352,2024-03-01,20
12228,1352,2024-04-01,20
12229,1352,2024-05-01,20
12230,1352,2024-06-01,20
12231,1352,2024-07-01,20
12232,1352,2024-08-01,20
12233,1352,2024-09-01,20
12234,1352,2024-10-01,20
12235,1352,2024-11-01,20
12236,1352,2024-12-01,20
12237,1352,2025-01-01,20
12238,1353,2021-11-01,50
12239,1353,2021-12-01,50
12240,1353,2022-01-01,50
12241,1353,2022-02-01,50
12242,1353,2022-03-01,50
12243,1353,2022-04-01,50
12244,1353,2022-05-01,50
12245,1353,2022-06-01,50
12246,1353,2022-07-01,50
12247,1353,2022-08-01,50
12248,1353,2022-09-01,50
12249,1353,2022-10-01,50
12250,1353,2022-11-01,50
12251,1353,2022-12-01,50
12252,1353,2023-01-01,50
12253,1353,2023-02-01,50
12254,1353,2023-03-01,50
12255,1353,2023-04-01,50
12256,1353,2023-05-01,50
12257,1353,2023-06-01,50
12258,1353,2023-07-01,50
12259,1353,2023-08-01,50
12260,1353,2023-09-01,50
12261,1353,2023-10-01,50
12262,1353,2023-11-01,50
12263,1353,2023-12-01,50
12264,1353,2024-01-01,50
12265,1353,2024-02-01,50
12266,1353,2024-03-01,50
12267,1353,2024-04-01,50
12268,1353,2024-05-01,50
12269,1353,2024-06-01,50
12270,1353,2024-07-01,50
12271,1353,2024-08-01,50
12272,1353,2024-09-01,50
12273,1353,2024-10-01,50
12274,1353,2024-11-01,50
12275,1353,2024-12-01,50
12276,1353,2025-01-01,50
12277,1354,2020-09-01,20
12278,1354,2020-10-01,20
12279,1354,2020-11-01,20
12280,1354,2020-12-01,20
12281,1354,2021-01-01,20
12282,1354,2021-02-01,20
12283,1354,2021-03-01,20
12284,1354,2021-04-01,20
12285,1354,2021-05-01,20
12286,1354,2021-06-01,20
12287,1354,2021-07-01,20
12288,1354,2021-08-01,20
12289,1354,2021-09-01,20
12290,1354,2021-10-01,20
12291,1354,2021-11-01,20
12292,1354,2021-12-01,20
12293,1354,2022-01-01,20
12294,1354,2022-02-01,20
12295,1354,2022-03-01,20
12296,1354,2022-04-01,20
12297,1354,2022-05-01,20
12298,1354,2022-06-01,20
12299,1354,2022-07-01,20
12300,1354,2022-08-01,20
12301,1354,2022-09-01,20
12302,1354,2022-10-01,20
12303,1354,2022-11-01,20
12304,1354,2022-12-01,20
12305,1354,2023-01-01,20
12306,1354,2023-02-01,20
12307,1354,2023-03-01,20
12308,1354,2023-04-01,20
12309,1354,2023-05-01,20
12310,1354,2023-06-01,20
12311,1354,2023-07-01,20
12312,1354,2023-08-01,20
12313,1354,2023-09-01,20
12314,1354,2023-10-01,20
12315,1354,2023-11-01,20
12316,1354,2023-12-01,20
12317,1354,2024-01-01,20
12318,1354,2024-02-01,20
12319,1354,2024-03-01,20
12320,1354,2024-04-01,20
12321,1354,2024-05-01,20
12322,1354,2024-06-01,20
12323,1354,2024-07-01,20
12324,1354,2024-08-01,20
12325,1354,2024-09-01,20
12326,1354,2024-10-01,20
12327,1354,2024-11-01,20
12328,1354,2024-12-01,20
12329,1354,2025-01-01,20
12330,1355,2023-10-01,30
12331,1355,2023-11-01,30
12332,1355,2023-12-01,30
12333,1355,2024-01-01,30
12334,1355,2024-02-01,30
12335,1355,2024-03-01,30
12336,1355,2024-04-01,30
12337,1355,2024-05-01,30
12338,1355,2024-06-01,30
12339,1355,2024-07-01,30
12340,1355,2024-08-01,30
12341,1355,2024-09-01,30
12342,1355,2024-10-01,30
12343,1355,2024-11-01,30
12344,1355,2024-12-01,30
12345,1355,2025-01-01,30
12346,1356,2021-07-01,50
12347,1356,2021-08-01,50
12348,1356,2021-09-01,50
12349,1356,2021-10-01,50
12350,1356,2021-11-01,50
12351,1356,2021-12-01,50
12352,1356,2022-01-01,50
12353,1356,2022-02-01,50
12354,1356,2022-03-01,50
12355,1356,2022-04-01,50
12356,1356,2022-05-01,50
12357,1356,2022-06-01,50
12358,1356,2022-07-01,50
12359,1356,2022-08-01,50
12360,1356,2022-09-01,50
12361,1356,2022-10-01,50
12362,1356,2022-11-01,50
12363,1356,2022-12-01,50
12364,1356,2023-01-01,50
12365,1356,2023-02-01,50
12366,1356,2023-03-01,50
12367,1356,2023-04-01,50
12368,1356,2023-05-01,50
12369,1356,2023-06-01,50
12370,1356,2023-07-01,50
12371,1356,2023-08-01,50
12372,1356,2023-09-01,50
12373,1356,2023-10-01,50
12374,1356,2023-11-01,50
12375,1356,2023-12-01,50
12376,1356,2024-01-01,50
12377,1356,2024-02-01,50
12378,1356,2024-03-01,50
12379,1356,2024-04-01,50
12380,1356,2024-05-01,50
12381,1356,2024-06-01,50
12382,1356,2024-07-01,50
12383,1356,2024-08-01,50
12384,1356,2024-09-01,50
12385,1356,2024-10-01,50
12386,1356,2024-11-01,50
12387,1356,2024-12-01,50
12388,1356,2025-01-01,50
12389,1357,2022-06-01,30
12390,1357,2022-07-01,30
12391,1357,2022-08-01,30
12392,1358,2025-01-01,30
12393,1359,2025-01-01,30
12394,1360,2024-02-01,30
12395,1360,2024-03-01,30
12396,1360,2024-04-01,30
12397,1360,2024-05-01,30
12398,1360,2024-06-01,30
12399,1360,2024-07-01,30
12400,1360,2024-08-01,30
12401,1360,2024-09-01,30
12402,1360,2024-10-01,30
12403,1360,2024-11-01,30
12404,1360,2024-12-01,30
12405,1360,2025-01-01,30
12406,1361,2022-03-01,20
12407,1361,2022-04-01,20
12408,1361,2022-05-01,20
12409,1361,2022-06-01,20
12410,1361,2022-07-01,20
12411,1361,2022-08-01,20
12412,1361,2022-09-01,20
12413,1361,2022-10-01,20
12414,1361,2022-11-01,20
12415,1361,2022-12-01,20
12416,1361,2023-01-01,20
12417,1361,2023-02-01,20
12418,1361,2023-03-01,20
12419,1361,2023-04-01,20
12420,1361,2023-05-01,20
12421,1361,2023-06-01,20
12422,1361,2023-07-01,20
12423,1361,2023-08-01,20
12424,1361,2023-09-01,20
12425,1361,2023-10-01,20
12426,1361,2023-11-01,20
12427,1361,2023-12-01,20
12428,1361,2024-01-01,20
12429,1361,2024-02-01,20
12430,1361,2024-03-01,20
12431,1361,2024-04-01,20
12432,1361,2024-05-01,20
12433,1361,2024-06-01,20
12434,1361,2024-07-01,20
12435,1361,2024-08-01,20
12436,1361,2024-09-01,20
12437,1361,2024-10-01,20
12438,1361,2024-11-01,20
12439,1361,2024-12-01,20
12440,1361,2025-01-01,20
12441,1362,2021-07-01,30
12442,1362,2021-08-01,30
12443,1362,2021-09-01,30
12444,1362,2021-10-01,30
12445,1362,2021-11-01,30
12446,1362,2021-12-01,30
12447,1362,2022-01-01,30
12448,1362,2022-02-01,30
12449,1362,2022-03-01,30
12450,1362,2022-04-01,30
12451,1362,2022-05-01,30
12452,1362,2022-06-01,30
12453,1362,2022-07-01,30
12454,1362,2022-08-01,30
12455,1362,2022-09-01,30
12456,1362,2022-10-01,30
12457,1362,2022-11-01,30
12458,1362,2022-12-01,30
12459,1362,2023-01-01,30
12460,1362,2023-02-01,30
12461,1362,2023-03-01,30
12462,1362,2023-04-01,30
12463,1362,2023-05-01,30
12464,1362,2023-06-01,30
12465,1362,2023-07-01,30
12466,1362,2023-08-01,30
12467,1362,2023-09-01,30
12468,1362,2023-10-01,30
12469,1362,2023-11-01,30
12470,1362,2023-12-01,30
12471,1362,2024-01-01,30
12472,1362,2024-02-01,30
12473,1362,2024-03-01,30
12474,1362,2024-04-01,30
12475,1362,2024-05-01,30
12476,1362,2024-06-01,30
12477,1362,2024-07-01,30
12478,1362,2024-08-01,30
12479,1362,2024-09-01,30
12480,1362,2024-10-01,30
12481,1362,2024-11-01,30
12482,1362,2024-12-01,30
12483,1362,2025-01-01,30
12484,1363,2020-08-01,30
12485,1363,2020-09-01,30
12486,1363,2020-10-01,30
12487,1363,2020-11-01,30
12488,1363,2020-12-01,30
12489,1363,2021-01-01,30
12490,1363,2021-02-01,30
12491,1363,2021-03-01,30
12492,1363,2021-04-01,30
12493,1363,2021-05-01,30
12494,1363,2021-06-01,30
12495,1363,2021-07-01,30
12496,1363,2021-08-01,30
12497,1363,2021-09-01,30
12498,1363,2021-10-01,30
12499,1363,2021-11-01,30
12500,1363,2021-12-01,30
12501,1363,2022-01-01,30
12502,1363,2022-02-01,30
12503,1363,2022-03-01,30
12504,1363,2022-04-01,30
12505,1363,2022-05-01,30
12506,1363,2022-06-01,30
12507,1363,2022-07-01,30
12508,1363,2022-08-01,30
12509,1363,2022-09-01,30
12510,1363,2022-10-01,30
12511,1363,2022-11-01,30
12512,1363,2022-12-01,30
12513,1363,2023-01-01,30
12514,1363,2023-02-01,30
12515,1363,2023-03-01,30
12516,1363,2023-04-01,30
12517,1363,2023-05-01,30
12518,1363,2023-06-01,30
12519,1363,2023-07-01,30
12520,1363,2023-08-01,30
12521,1363,2023-09-01,30
12522,1363,2023-10-01,30
12523,1363,2023-11-01,30
12524,1363,2023-12-01,30
12525,1363,2024-01-01,30
12526,1363,2024-02-01,30
12527,1363,2024-03-01,30
12528,1363,2024-04-01,30
12529,1363,2024-05-01,30
12530,1363,2024-06-01,30
12531,1363,2024-07-01,30
12532,1363,2024-08-01,30
12533,1363,2024-09-01,30
12534,1363,2024-10-01,30
12535,1363,2024-11-01,30
12536,1363,2024-12-01,30
12537,1363,2025-01-01,30
12538,1364,2021-05-01,30
12539,1364,2021-06-01,30
12540,1364,2021-07-01,30
12541,1364,2021-08-01,30
12542,1364,2021-09-01,30
12543,1364,2021-10-01,30
12544,1364,2021-11-01,30
12545,1364,2021-12-01,30
12546,1364,2022-01-01,30
12547,1364,2022-02-01,30
12548,1364,2022-03-01,30
12549,1364,2022-04-01,30
12550,1364,2022-05-01,30
12551,1364,2022-06-01,30
12552,1365,2021-04-01,20
12553,1365,2021-05-01,20
12554,1365,2021-06-01,20
12555,1365,2021-07-01,20
12556,1365,2021-08-01,20
12557,1365,2021-09-01,20
12558,1365,2021-10-01,20
12559,1365,2021-11-01,20
12560,1365,2021-12-01,20
12561,1365,2022-01-01,20
12562,1365,2022-02-01,20
12563,1365,2022-03-01,20
12564,1365,2022-04-01,20
12565,1365,2022-05-01,20
12566,1365,2022-06-01,20
12567,1365,2022-07-01,20
12568,1365,2022-08-01,20
12569,1365,2022-09-01,20
12570,1365,2022-10-01,20
12571,1365,2022-11-01,20
12572,1365,2022-12-01,20
12573,1365,2023-01-01,20
12574,1365,2023-02-01,20
12575,1365,2023-03-01,20
12576,1365,2023-04-01,20
12577,1365,2023-05-01,20
12578,1365,2023-06-01,20
12579,1365,2023-07-01,20
12580,1365,2023-08-01,20
12581,1365,2023-09-01,20
12582,1365,2023-10-01,20
12583,1365,2023-11-01,20
12584,1365,2023-12-01,20
12585,1365,2024-01-01,20
12586,1365,2024-02-01,20
12587,1365,2024-03-01,20
12588,1365,2024-04-01,20
12589,1365,2024-05-01,20
12590,1365,2024-06-01,20
12591,1365,2024-07-01,20
12592,1365,2024-08-01,20
12593,1365,2024-09-01,20
12594,1365,2024-10-01,20
12595,1365,2024-11-01,20
12596,1365,2024-12-01,20
12597,1365,2025-01-01,20
12598,1366,2020-11-01,30
12599,1366,2020-12-01,30
12600,1366,2021-01-01,30
12601,1366,2021-02-01,30
12602,1366,2021-03-01,30
12603,1366,2021-04-01,30
12604,1366,2021-05-01,30
12605,1366,2021-06-01,30
12606,1366,2021-07-01,30
12607,1366,2021-08-01,30
12608,1366,2021-09-01,30
12609,1366,2021-10-01,30
12610,1366,2021-11-01,30
12611,1366,2021-12-01,30
12612,1366,2022-01-01,30
12613,1366,2022-02-01,30
12614,1366,2022-03-01,30
12615,1366,2022-04-01,30
12616,1366,2022-05-01,30
12617,1366,2022-06-01,30
12618,1366,2022-07-01,30
12619,1366,2022-08-01,30
12620,1366,2022-09-01,30
12621,1366,2022-10-01,30
12622,1366,2022-11-01,30
12623,1366,2022-12-01,30
12624,1366,2023-01-01,30
12625,1366,2023-02-01,30
12626,1366,2023-03-01,30
12627,1366,2023-04-01,30
12628,1366,2023-05-01,30
12629,1366,2023-06-01,30
12630,1366,2023-07-01,30
12631,1366,2023-08-01,30
12632,1366,2023-09-01,30
12633,1366,2023-10-01,30
12634,1366,2023-11-01,30
12635,1366,2023-12-01,30
12636,1366,2024-01-01,30
12637,1366,2024-02-01,30
12638,1366,2024-03-01,30
12639,1366,2024-04-01,30
12640,1366,2024-05-01,30
12641,1366,2024-06-01,30
12642,1366,2024-07-01,30
12643,1366,2024-08-01,30
12644,1366,2024-09-01,30
12645,1366,2024-10-01,30
12646,1366,2024-11-01,30
12647,1366,2024-12-01,30
12648,1366,2025-01-01,30
12649,1367,2024-06-01,30
12650,1367,2024-07-01,30
12651,1367,2024-08-01,30
12652,1367,2024-09-01,30
12653,1367,2024-10-01,30
12654,1367,2024-11-01,30
12655,1367,2024-12-01,30
12656,1367,2025-01-01,30
12657,1368,2024-07-01,50
12658,1368,2024-08-01,50
12659,1368,2024-09-01,50
12660,1368,2024-10-01,50
12661,1368,2024-11-01,50
12662,1368,2024-12-01,50
12663,1368,2025-01-01,50
12664,1369,2024-02-01,50
12665,1369,2024-03-01,50
12666,1369,2024-04-01,50
12667,1369,2024-05-01,50
12668,1369,2024-06-01,50
12669,1369,2024-07-01,50
12670,1369,2024-08-01,50
12671,1369,2024-09-01,50
12672,1369,2024-10-01,50
12673,1369,2024-11-01,50
12674,1369,2024-12-01,50
12675,1369,2025-01-01,50
12676,1370,2023-12-01,30
12677,1370,2024-01-01,30
12678,1370,2024-02-01,30
12679,1370,2024-03-01,30
12680,1370,2024-04-01,30
12681,1370,2024-05-01,30
12682,1370,2024-06-01,30
12683,1370,2024-07-01,30
12684,1370,2024-08-01,30
12685,1370,2024-09-01,30
12686,1370,2024-10-01,30
12687,1370,2024-11-01,30
12688,1370,2024-12-01,30
12689,1370,2025-01-01,30
12690,1371,2020-04-01,50
12691,1371,2020-05-01,50
12692,1371,2020-06-01,50
12693,1371,2020-07-01,50
12694,1371,2020-08-01,50
12695,1371,2020-09-01,50
12696,1371,2020-10-01,50
12697,1371,2020-11-01,50
12698,1371,2020-12-01,50
12699,1371,2021-01-01,50
12700,1371,2021-02-01,50
12701,1371,2021-03-01,50
12702,1371,2021-04-01,50
12703,1371,2021-05-01,50
12704,1371,2021-06-01,50
12705,1371,2021-07-01,50
12706,1371,2021-08-01,50
12707,1371,2021-09-01,50
12708,1371,2021-10-01,50
12709,1371,2021-11-01,50
12710,1371,2021-12-01,50
12711,1371,2022-01-01,50
12712,1371,2022-02-01,50
12713,1371,2022-03-01,50
12714,1371,2022-04-01,50
12715,1371,2022-05-01,50
12716,1371,2022-06-01,50
12717,1371,2022-07-01,50
12718,1371,2022-08-01,50
12719,1371,2022-09-01,50
12720,1371,2022-10-01,50
12721,1371,2022-11-01,50
12722,1371,2022-12-01,50
12723,1371,2023-01-01,50
12724,1371,2023-02-01,50
12725,1371,2023-03-01,50
12726,1371,2023-04-01,50
12727,1371,2023-05-01,50
12728,1371,2023-06-01,50
12729,1371,2023-07-01,50
12730,1371,2023-08-01,50
12731,1371,2023-09-01,50
12732,1371,2023-10-01,50
12733,1371,2023-11-01,50
12734,1371,2023-12-01,50
12735,1371,2024-01-01,50
12736,1371,2024-02-01,50
12737,1371,2024-03-01,50
12738,1371,2024-04-01,50
12739,1371,2024-05-01,50
12740,1371,2024-06-01,50
12741,1371,2024-07-01,50
12742,1371,2024-08-01,50
12743,1371,2024-09-01,50
12744,1371,2024-10-01,50
12745,1371,2024-11-01,50
12746,1371,2024-12-01,50
12747,1371,2025-01-01,50
12748,1372,2023-01-01,30
12749,1372,2023-02-01,30
12750,1372,2023-03-01,30
12751,1372,2023-04-01,30
12752,1372,2023-05-01,30
12753,1372,2023-06-01,30
12754,1372,2023-07-01,30
12755,1372,2023-08-01,30
12756,1372,2023-09-01,30
12757,1372,2023-10-01,30
12758,1372,2023-11-01,30
12759,1372,2023-12-01,30
12760,1372,2024-01-01,30
12761,1372,2024-02-01,30
12762,1372,2024-03-01,30
12763,1372,2024-04-01,30
12764,1372,2024-05-01,30
12765,1372,2024-06-01,30
12766,1372,2024-07-01,30
12767,1372,2024-08-01,30
12768,1372,2024-09-01,30
12769,1372,2024-10-01,30
12770,1372,2024-11-01,30
12771,1372,2024-12-01,30
12772,1372,2025-01-01,30
12773,1373,2021-05-01,20
12774,1373,2021-06-01,20
12775,1373,2021-07-01,20
12776,1373,2021-08-01,20
12777,1373,2021-09-01,20
12778,1373,2021-10-01,20
12779,1373,2021-11-01,20
12780,1373,2021-12-01,20
12781,1373,2022-01-01,20
12782,1373,2022-02-01,20
12783,1373,2022-03-01,20
12784,1373,2022-04-01,20
12785,1373,2022-05-01,20
12786,1373,2022-06-01,20
12787,1373,2022-07-01,20
12788,1373,2022-08-01,20
12789,1373,2022-09-01,20
12790,1373,2022-10-01,20
12791,1373,2022-11-01,20
12792,1373,2022-12-01,20
12793,1373,2023-01-01,20
12794,1373,2023-02-01,20
12795,1373,2023-03-01,20
12796,1373,2023-04-01,20
12797,1373,2023-05-01,20
12798,1373,2023-06-01,20
12799,1373,2023-07-01,20
12800,1373,2023-08-01,20
12801,1373,2023-09-01,20
12802,1373,2023-10-01,20
12803,1373,2023-11-01,20
12804,1373,2023-12-01,20
12805,1373,2024-01-01,20
12806,1373,2024-02-01,20
12807,1373,2024-03-01,20
12808,1373,2024-04-01,20
12809,1373,2024-05-01,20
12810,1373,2024-06-01,20
12811,1373,2024-07-01,20
12812,1373,2024-08-01,20
12813,1373,2024-09-01,20
12814,1373,2024-10-01,20
12815,1373,2024-11-01,20
12816,1373,2024-12-01,20
12817,1373,2025-01-01,20
12818,1374,2020-11-01,50
12819,1374,2020-12-01,50
12820,1374,2021-01-01,50
12821,1374,2021-02-01,50
12822,1374,2021-03-01,50
12823,1374,2021-04-01,50
12824,1374,2021-05-01,50
12825,1374,2021-06-01,50
12826,1374,2021-07-01,50
12827,1374,2021-08-01,50
12828,1374,2021-09-01,50
12829,1374,2021-10-01,50
12830,1374,2021-11-01,50
12831,1374,2021-12-01,50
12832,1374,2022-01-01,50
12833,1374,2022-02-01,50
12834,1374,2022-03-01,50
12835,1374,2022-04-01,50
12836,1374,2022-05-01,50
12837,1374,2022-06-01,50
12838,1374,2022-07-01,50
12839,1374,2022-08-01,50
12840,1374,2022-09-01,50
12841,1374,2022-10-01,50
12842,1374,2022-11-01,50
12843,1374,2022-12-01,50
12844,1374,2023-01-01,50
12845,1374,2023-02-01,50
12846,1374,2023-03-01,50
12847,1374,2023-04-01,50
12848,1374,2023-05-01,50
12849,1374,2023-06-01,50
12850,1374,2023-07-01,50
12851,1374,2023-08-01,50
12852,1374,2023-09-01,50
12853,1374,2023-10-01,50
12854,1374,2023-11-01,50
12855,1374,2023-12-01,50
12856,1374,2024-01-01,50
12857,1374,2024-02-01,50
12858,1374,2024-03-01,50
12859,1374,2024-04-01,50
12860,1374,2024-05-01,50
12861,1374,2024-06-01,50
12862,1374,2024-07-01,50
12863,1374,2024-08-01,50
12864,1374,2024-09-01,50
12865,1374,2024-10-01,50
12866,1374,2024-11-01,50
12867,1374,2024-12-01,50
12868,1374,2025-01-01,50
12869,1375,2024-10-01,30
12870,1375,2024-11-01,30
12871,1375,2024-12-01,30
12872,1375,2025-01-01,30
12873,1376,2021-03-01,30
12874,1376,2021-04-01,30
12875,1376,2021-05-01,30
12876,1376,2021-06-01,30
12877,1376,2021-07-01,30
12878,1376,2021-08-01,30
12879,1376,2021-09-01,30
12880,1376,2021-10-01,30
12881,1376,2021-11-01,30
12882,1376,2021-12-01,30
12883,1376,2022-01-01,30
12884,1376,2022-02-01,30
12885,1376,2022-03-01,30
12886,1376,2022-04-01,30
12887,1376,2022-05-01,30
12888,1376,2022-06-01,30
12889,1376,2022-07-01,30
12890,1376,2022-08-01,30
12891,1376,2022-09-01,30
12892,1376,2022-10-01,30
12893,1376,2022-11-01,30
12894,1376,2022-12-01,30
12895,1376,2023-01-01,30
12896,1376,2023-02-01,30
12897,1376,2023-03-01,30
12898,1376,2023-04-01,30
12899,1376,2023-05-01,30
12900,1376,2023-06-01,30
12901,1376,2023-07-01,30
12902,1376,2023-08-01,30
12903,1376,2023-09-01,30
12904,1376,2023-10-01,30
12905,1376,2023-11-01,30
12906,1376,2023-12-01,30
12907,1376,2024-01-01,30
12908,1376,2024-02-01,30
12909,1376,2024-03-01,30
12910,1376,2024-04-01,30
12911,1376,2024-05-01,30
12912,1376,2024-06-01,30
12913,1376,2024-07-01,30
12914,1376,2024-08-01,30
12915,1376,2024-09-01,30
12916,1376,2024-10-01,30
12917,1376,2024-11-01,30
12918,1376,2024-12-01,30
12919,1376,2025-01-01,30
12920,1377,2024-10-01,20
12921,1377,2024-11-01,20
12922,1377,2024-12-01,20
12923,1377,2025-01-01,20
12924,1378,2023-11-01,30
12925,1378,2023-12-01,30
12926,1378,2024-01-01,30
12927,1378,2024-02-01,30
12928,1378,2024-03-01,30
12929,1378,2024-04-01,30
12930,1378,2024-05-01,30
12931,1378,2024-06-01,30
12932,1378,2024-07-01,30
12933,1378,2024-08-01,30
12934,1378,2024-09-01,30
12935,1378,2024-10-01,30
12936,1378,2024-11-01,30
12937,1378,2024-12-01,30
12938,1378,2025-01-01,30
12939,1379,2021-12-01,20
12940,1379,2022-01-01,20
12941,1379,2022-02-01,20
12942,1379,2022-03-01,20
12943,1379,2022-04-01,20
12944,1379,2022-05-01,20
12945,1379,2022-06-01,20
12946,1379,2022-07-01,20
12947,1379,2022-08-01,20
12948,1379,2022-09-01,20
12949,1379,2022-10-01,20
12950,1379,2022-11-01,20
12951,1379,2022-12-01,20
12952,1379,2023-01-01,20
12953,1379,2023-02-01,20
12954,1379,2023-03-01,20
12955,1379,2023-04-01,20
12956,1379,2023-05-01,20
12957,1379,2023-06-01,20
12958,1379,2023-07-01,20
12959,1379,2023-08-01,20
12960,1380,2021-06-01,30
12961,1380,2021-07-01,30
12962,1380,2021-08-01,30
12963,1380,2021-09-01,30
12964,1380,2021-10-01,30
12965,1380,2021-11-01,30
12966,1380,2021-12-01,30
12967,1380,2022-01-01,30
12968,1380,2022-02-01,30
12969,1380,2022-03-01,30
12970,1380,2022-04-01,30
12971,1380,2022-05-01,30
12972,1380,2022-06-01,30
12973,1380,2022-07-01,30
12974,1380,2022-08-01,30
12975,1380,2022-09-01,30
12976,1380,2022-10-01,30
12977,1380,2022-11-01,30
12978,1380,2022-12-01,30
12979,1381,2022-01-01,50
12980,1381,2022-02-01,50
12981,1381,2022-03-01,50
12982,1381,2022-04-01,50
12983,1381,2022-05-01,50
12984,1381,2022-06-01,50
12985,1381,2022-07-01,50
12986,1381,2022-08-01,50
12987,1381,2022-09-01,50
12988,1381,2022-10-01,50
12989,1381,2022-11-01,50
12990,1381,2022-12-01,50
12991,1381,2023-01-01,50
12992,1381,2023-02-01,50
12993,1381,2023-03-01,50
12994,1381,2023-04-01,50
12995,1381,2023-05-01,50
12996,1381,2023-06-01,50
12997,1381,2023-07-01,50
12998,1381,2023-08-01,50
12999,1381,2023-09-01,50
13000,1381,2023-10-01,50
13001,1381,2023-11-01,50
13002,1381,2023-12-01,50
13003,1381,2024-01-01,50
13004,1381,2024-02-01,50
13005,1381,2024-03-01,50
13006,1381,2024-04-01,50
13007,1381,2024-05-01,50
13008,1381,2024-06-01,50
13009,1381,2024-07-01,50
13010,1381,2024-08-01,50
13011,1381,2024-09-01,50
13012,1381,2024-10-01,50
13013,1381,2024-11-01,50
13014,1381,2024-12-01,50
13015,1381,2025-01-01,50
13016,1382,2024-08-01,30
13017,1382,2024-09-01,30
13018,1382,2024-10-01,30
13019,1382,2024-11-01,30
13020,1382,2024-12-01,30
13021,1382,2025-01-01,30
13022,1383,2020-02-01,20
13023,1383,2020-03-01,20
13024,1383,2020-04-01,20
13025,1383,2020-05-01,20
13026,1383,2020-06-01,20
13027,1383,2020-07-01,20
13028,1383,2020-08-01,20
13029,1383,2020-09-01,20
13030,1383,2020-10-01,20
13031,1383,2020-11-01,20
13032,1383,2020-12-01,20
13033,1383,2021-01-01,20
13034,1383,2021-02-01,20
13035,1383,2021-03-01,20
13036,1383,2021-04-01,20
13037,1383,2021-05-01,20
13038,1383,2021-06-01,20
13039,1383,2021-07-01,20
13040,1383,2021-08-01,20
13041,1383,2021-09-01,20
13042,1383,2021-10-01,20
13043,1383,2021-11-01,20
13044,1383,2021-12-01,20
13045,1383,2022-01-01,20
13046,1383,2022-02-01,20
13047,1383,2022-03-01,20
13048,1383,2022-04-01,20
13049,1383,2022-05-01,20
13050,1383,2022-06-01,20
13051,1383,2022-07-01,20
13052,1383,2022-08-01,20
13053,1383,2022-09-01,20
13054,1383,2022-10-01,20
13055,1383,2022-11-01,20
13056,1383,2022-12-01,20
13057,1383,2023-01-01,20
13058,1383,2023-02-01,20
13059,1383,2023-03-01,20
13060,1383,2023-04-01,20
13061,1383,2023-05-01,20
13062,1383,2023-06-01,20
13063,1383,2023-07-01,20
13064,1383,2023-08-01,20
13065,1383,2023-09-01,20
13066,1383,2023-10-01,20
13067,1383,2023-11-01,20
13068,1383,2023-12-01,20
13069,1383,2024-01-01,20
13070,1383,2024-02-01,20
13071,1383,2024-03-01,20
13072,1383,2024-04-01,20
13073,1383,2024-05-01,20
13074,1383,2024-06-01,20
13075,1383,2024-07-01,20
13076,1383,2024-08-01,20
13077,1383,2024-09-01,20
13078,1383,2024-10-01,20
13079,1383,2024-11-01,20
13080,1383,2024-12-01,20
13081,1383,2025-01-01,20
13082,1384,2020-02-01,30
13083,1384,2020-03-01,30
13084,1384,2020-04-01,30
13085,1384,2020-05-01,30
13086,1384,2020-06-01,30
13087,1384,2020-07-01,30
13088,1384,2020-08-01,30
13089,1384,2020-09-01,30
13090,1384,2020-10-01,30
13091,1384,2020-11-01,30
13092,1384,2020-12-01,30
13093,1384,2021-01-01,30
13094,1384,2021-02-01,30
13095,1384,2021-03-01,30
13096,1384,2021-04-01,30
13097,1384,2021-05-01,30
13098,1384,2021-06-01,30
13099,1384,2021-07-01,30
13100,1384,2021-08-01,30
13101,1384,2021-09-01,30
13102,1384,2021-10-01,30
13103,1384,2021-11-01,30
13104,1384,2021-12-01,30
13105,1384,2022-01-01,30
13106,1384,2022-02-01,30
13107,1384,2022-03-01,30
13108,1384,2022-04-01,30
13109,1384,2022-05-01,30
13110,1384,2022-06-01,30
13111,1384,2022-07-01,30
13112,1384,2022-08-01,30
13113,1384,2022-09-01,30
13114,1384,2022-10-01,30
13115,1384,2022-11-01,30
13116,1384,2022-12-01,30
13117,1384,2023-01-01,30
13118,1384,2023-02-01,30
13119,1384,2023-03-01,30
13120,1384,2023-04-01,30
13121,1384,2023-05-01,30
13122,1384,2023-06-01,30
13123,1384,2023-07-01,30
13124,1384,2023-08-01,30
13125,1384,2023-09-01,30
13126,1384,2023-10-01,30
13127,1384,2023-11-01,30
13128,1384,2023-12-01,30
13129,1384,2024-01-01,30
13130,1384,2024-02-01,30
13131,1384,2024-03-01,30
13132,1384,2024-04-01,30
13133,1384,2024-05-01,30
13134,1384,2024-06-01,30
13135,1384,2024-07-01,30
13136,1384,2024-08-01,30
13137,1384,2024-09-01,30
13138,1384,2024-10-01,30
13139,1384,2024-11-01,30
13140,1384,2024-12-01,30
13141,1384,2025-01-01,30
13142,1385,2021-03-01,20
13143,1385,2021-04-01,20
13144,1385,2021-05-01,20
13145,1385,2021-06-01,20
13146,1385,2021-07-01,20
13147,1385,2021-08-01,20
13148,1385,2021-09-01,20
13149,1385,2021-10-01,20
13150,1385,2021-11-01,20
13151,1385,2021-12-01,20
13152,1385,2022-01-01,20
13153,1385,2022-02-01,20
13154,1385,2022-03-01,20
13155,1385,2022-04-01,20
13156,1385,2022-05-01,20
13157,1385,2022-06-01,20
13158,1385,2022-07-01,20
13159,1385,2022-08-01,20
13160,1385,2022-09-01,20
13161,1385,2022-10-01,20
13162,1385,2022-11-01,20
13163,1385,2022-12-01,20
13164,1385,2023-01-01,20
13165,1385,2023-02-01,20
13166,1385,2023-03-01,20
13167,1385,2023-04-01,20
13168,1385,2023-05-01,20
13169,1385,2023-06-01,20
13170,1385,2023-07-01,20
13171,1385,2023-08-01,20
13172,1385,2023-09-01,20
13173,1385,2023-10-01,20
13174,1385,2023-11-01,20
13175,1385,2023-12-01,20
13176,1385,2024-01-01,20
13177,1385,2024-02-01,20
13178,1385,2024-03-01,20
13179,1385,2024-04-01,20
13180,1385,2024-05-01,20
13181,1385,2024-06-01,20
13182,1385,2024-07-01,20
13183,1385,2024-08-01,20
13184,1385,2024-09-01,20
13185,1385,2024-10-01,20
13186,1385,2024-11-01,20
13187,1385,2024-12-01,20
13188,1385,2025-01-01,20
13189,1386,2022-12-01,20
13190,1386,2023-01-01,20
13191,1386,2023-02-01,20
13192,1386,2023-03-01,20
13193,1386,2023-04-01,20
13194,1386,2023-05-01,20
13195,1386,2023-06-01,20
13196,1386,2023-07-01,20
13197,1386,2023-08-01,20
13198,1386,2023-09-01,20
13199,1386,2023-10-01,20
13200,1386,2023-11-01,20
13201,1386,2023-12-01,20
13202,1386,2024-01-01,20
13203,1386,2024-02-01,20
13204,1386,2024-03-01,20
13205,1386,2024-04-01,20
13206,1386,2024-05-01,20
13207,1386,2024-06-01,20
13208,1386,2024-07-01,20
13209,1386,2024-08-01,20
13210,1386,2024-09-01,20
13211,1386,2024-10-01,20
13212,1386,2024-11-01,20
13213,1386,2024-12-01,20
13214,1386,2025-01-01,20
13215,1387,2020-05-01,30
13216,1387,2020-06-01,30
13217,1387,2020-07-01,30
13218,1387,2020-08-01,30
13219,1387,2020-09-01,30
13220,1387,2020-10-01,30
13221,1387,2020-11-01,30
13222,1387,2020-12-01,30
13223,1387,2021-01-01,30
13224,1387,2021-02-01,30
13225,1387,2021-03-01,30
13226,1387,2021-04-01,30
13227,1387,2021-05-01,30
13228,1387,2021-06-01,30
13229,1387,2021-07-01,30
13230,1387,2021-08-01,30
13231,1387,2021-09-01,30
13232,1387,2021-10-01,30
13233,1387,2021-11-01,30
13234,1387,2021-12-01,30
13235,1387,2022-01-01,30
13236,1387,2022-02-01,30
13237,1387,2022-03-01,30
13238,1387,2022-04-01,30
13239,1387,2022-05-01,30
13240,1387,2022-06-01,30
13241,1387,2022-07-01,30
13242,1387,2022-08-01,30
13243,1387,2022-09-01,30
13244,1387,2022-10-01,30
13245,1387,2022-11-01,30
13246,1387,2022-12-01,30
13247,1387,2023-01-01,30
13248,1387,2023-02-01,30
13249,1387,2023-03-01,30
13250,1387,2023-04-01,30
13251,1387,2023-05-01,30
13252,1387,2023-06-01,30
13253,1387,2023-07-01,30
13254,1387,2023-08-01,30
13255,1387,2023-09-01,30
13256,1387,2023-10-01,30
13257,1387,2023-11-01,30
13258,1387,2023-12-01,30
13259,1387,2024-01-01,30
13260,1387,2024-02-01,30
13261,1387,2024-03-01,30
13262,1387,2024-04-01,30
13263,1387,2024-05-01,30
13264,1387,2024-06-01,30
13265,1387,2024-07-01,30
13266,1387,2024-08-01,30
13267,1387,2024-09-01,30
13268,1387,2024-10-01,30
13269,1387,2024-11-01,30
13270,1387,2024-12-01,30
13271,1387,2025-01-01,30
13272,1388,2023-11-01,30
13273,1388,2023-12-01,30
13274,1388,2024-01-01,30
13275,1388,2024-02-01,30
13276,1388,2024-03-01,30
13277,1388,2024-04-01,30
13278,1388,2024-05-01,30
13279,1388,2024-06-01,30
13280,1388,2024-07-01,30
13281,1388,2024-08-01,30
13282,1388,2024-09-01,30
13283,1388,2024-10-01,30
13284,1388,2024-11-01,30
13285,1388,2024-12-01,30
13286,1388,2025-01-01,30
13287,1389,2023-08-01,30
13288,1389,2023-09-01,30
13289,1389,2023-10-01,30
13290,1389,2023-11-01,30
13291,1389,2023-12-01,30
13292,1389,2024-01-01,30
13293,1389,2024-02-01,30
13294,1389,2024-03-01,30
13295,1389,2024-04-01,30
13296,1389,2024-05-01,30
13297,1389,2024-06-01,30
13298,1389,2024-07-01,30
13299,1389,2024-08-01,30
13300,1389,2024-09-01,30
13301,1389,2024-10-01,30
13302,1389,2024-11-01,30
13303,1389,2024-12-01,30
13304,1389,2025-01-01,30
13305,1390,2023-03-01,30
13306,1390,2023-04-01,30
13307,1390,2023-05-01,30
13308,1390,2023-06-01,30
13309,1390,2023-07-01,30
13310,1390,2023-08-01,30
13311,1390,2023-09-01,30
13312,1390,2023-10-01,30
13313,1390,2023-11-01,30
13314,1390,2023-12-01,30
13315,1390,2024-01-01,30
13316,1390,2024-02-01,30
13317,1390,2024-03-01,30
13318,1390,2024-04-01,30
13319,1390,2024-05-01,30
13320,1390,2024-06-01,30
13321,1390,2024-07-01,30
13322,1390,2024-08-01,30
13323,1390,2024-09-01,30
13324,1390,2024-10-01,30
13325,1390,2024-11-01,30
13326,1390,2024-12-01,30
13327,1390,2025-01-01,30
13328,1391,2023-07-01,20
13329,1391,2023-08-01,20
13330,1391,2023-09-01,20
13331,1391,2023-10-01,20
13332,1391,2023-11-01,20
13333,1391,2023-12-01,20
13334,1391,2024-01-01,20
13335,1391,2024-02-01,20
13336,1391,2024-03-01,20
13337,1391,2024-04-01,20
13338,1391,2024-05-01,20
13339,1391,2024-06-01,20
13340,1391,2024-07-01,20
13341,1391,2024-08-01,20
13342,1391,2024-09-01,20
13343,1391,2024-10-01,20
13344,1391,2024-11-01,20
13345,1391,2024-12-01,20
13346,1391,2025-01-01,20
13347,1392,2023-03-01,20
13348,1392,2023-04-01,20
13349,1392,2023-05-01,20
13350,1392,2023-06-01,20
13351,1392,2023-07-01,20
13352,1392,2023-08-01,20
13353,1392,2023-09-01,20
13354,1392,2023-10-01,20
13355,1392,2023-11-01,20
13356,1392,2023-12-01,20
13357,1393,2020-06-01,30
13358,1393,2020-07-01,30
13359,1393,2020-08-01,30
13360,1393,2020-09-01,30
13361,1393,2020-10-01,30
13362,1394,2021-01-01,30
13363,1394,2021-02-01,30
13364,1394,2021-03-01,30
13365,1394,2021-04-01,30
13366,1394,2021-05-01,30
13367,1394,2021-06-01,30
13368,1394,2021-07-01,30
13369,1394,2021-08-01,30
13370,1394,2021-09-01,30
13371,1394,2021-10-01,30
13372,1394,2021-11-01,30
13373,1394,2021-12-01,30
13374,1394,2022-01-01,30
13375,1394,2022-02-01,30
13376,1394,2022-03-01,30
13377,1394,2022-04-01,30
13378,1394,2022-05-01,30
13379,1394,2022-06-01,30
13380,1394,2022-07-01,30
13381,1394,2022-08-01,30
13382,1394,2022-09-01,30
13383,1394,2022-10-01,30
13384,1394,2022-11-01,30
13385,1394,2022-12-01,30
13386,1394,2023-01-01,30
13387,1394,2023-02-01,30
13388,1394,2023-03-01,30
13389,1394,2023-04-01,30
13390,1394,2023-05-01,30
13391,1394,2023-06-01,30
13392,1394,2023-07-01,30
13393,1394,2023-08-01,30
13394,1394,2023-09-01,30
13395,1394,2023-10-01,30
13396,1394,2023-11-01,30
13397,1394,2023-12-01,30
13398,1394,2024-01-01,30
13399,1394,2024-02-01,30
13400,1394,2024-03-01,30
13401,1394,2024-04-01,30
13402,1394,2024-05-01,30
13403,1394,2024-06-01,30
13404,1394,2024-07-01,30
13405,1394,2024-08-01,30
13406,1394,2024-09-01,30
13407,1394,2024-10-01,30
13408,1394,2024-11-01,30
13409,1394,2024-12-01,30
13410,1394,2025-01-01,30
13411,1395,2023-05-01,20
13412,1395,2023-06-01,20
13413,1395,2023-07-01,20
13414,1395,2023-08-01,20
13415,1395,2023-09-01,20
13416,1395,2023-10-01,20
13417,1395,2023-11-01,20
13418,1395,2023-12-01,20
13419,1395,2024-01-01,20
13420,1395,2024-02-01,20
13421,1395,2024-03-01,20
13422,1395,2024-04-01,20
13423,1395,2024-05-01,20
13424,1395,2024-06-01,20
13425,1395,2024-07-01,20
13426,1395,2024-08-01,20
13427,1395,2024-09-01,20
13428,1395,2024-10-01,20
13429,1395,2024-11-01,20
13430,1395,2024-12-01,20
13431,1395,2025-01-01,20
13432,1396,2024-09-01,30
13433,1396,2024-10-01,30
13434,1396,2024-11-01,30
13435,1396,2024-12-01,30
13436,1396,2025-01-01,30
13437,1397,2024-06-01,20
13438,1397,2024-07-01,20
13439,1397,2024-08-01,20
13440,1397,2024-09-01,20
13441,1397,2024-10-01,20
13442,1397,2024-11-01,20
13443,1397,2024-12-01,20
13444,1397,2025-01-01,20
13445,1398,2020-06-01,30
13446,1398,2020-07-01,30
13447,1398,2020-08-01,30
13448,1398,2020-09-01,30
13449,1398,2020-10-01,30
13450,1398,2020-11-01,30
13451,1398,2020-12-01,30
13452,1398,2021-01-01,30
13453,1398,2021-02-01,30
13454,1398,2021-03-01,30
13455,1398,2021-04-01,30
13456,1398,2021-05-01,30
13457,1398,2021-06-01,30
13458,1398,2021-07-01,30
13459,1398,2021-08-01,30
13460,1398,2021-09-01,30
13461,1398,2021-10-01,30
13462,1398,2021-11-01,30
13463,1398,2021-12-01,30
13464,1398,2022-01-01,30
13465,1398,2022-02-01,30
13466,1398,2022-03-01,30
13467,1398,2022-04-01,30
13468,1398,2022-05-01,30
13469,1398,2022-06-01,30
13470,1398,2022-07-01,30
13471,1398,2022-08-01,30
13472,1398,2022-09-01,30
13473,1398,2022-10-01,30
13474,1398,2022-11-01,30
13475,1398,2022-12-01,30
13476,1398,2023-01-01,30
13477,1398,2023-02-01,30
13478,1398,2023-03-01,30
13479,1398,2023-04-01,30
13480,1398,2023-05-01,30
13481,1398,2023-06-01,30
13482,1398,2023-07-01,30
13483,1398,2023-08-01,30
13484,1398,2023-09-01,30
13485,1398,2023-10-01,30
13486,1398,2023-11-01,30
13487,1398,2023-12-01,30
13488,1398,2024-01-01,30
13489,1398,2024-02-01,30
13490,1398,2024-03-01,30
13491,1398,2024-04-01,30
13492,1398,2024-05-01,30
13493,1398,2024-06-01,30
13494,1398,2024-07-01,30
13495,1398,2024-08-01,30
13496,1398,2024-09-01,30
13497,1398,2024-10-01,30
13498,1398,2024-11-01,30
13499,1398,2024-12-01,30
13500,1398,2025-01-01,30
13501,1399,2023-08-01,30
13502,1399,2023-09-01,30
13503,1399,2023-10-01,30
13504,1399,2023-11-01,30
13505,1399,2023-12-01,30
13506,1399,2024-01-01,30
13507,1399,2024-02-01,30
13508,1399,2024-03-01,30
13509,1399,2024-04-01,30
13510,1399,2024-05-01,30
13511,1399,2024-06-01,30
13512,1399,2024-07-01,30
13513,1399,2024-08-01,30
13514,1399,2024-09-01,30
13515,1399,2024-10-01,30
13516,1399,2024-11-01,30
13517,1399,2024-12-01,30
13518,1399,2025-01-01,30
13519,1400,2021-06-01,50
13520,1400,2021-07-01,50
13521,1400,2021-08-01,50
13522,1400,2021-09-01,50
13523,1400,2021-10-01,50
13524,1400,2021-11-01,50
13525,1400,2021-12-01,50
13526,1400,2022-01-01,50
13527,1400,2022-02-01,50
13528,1400,2022-03-01,50
13529,1400,2022-04-01,50
13530,1400,2022-05-01,50
13531,1400,2022-06-01,50
13532,1400,2022-07-01,50
13533,1400,2022-08-01,50
13534,1400,2022-09-01,50
13535,1400,2022-10-01,50
13536,1400,2022-11-01,50
13537,1400,2022-12-01,50
13538,1400,2023-01-01,50
13539,1400,2023-02-01,50
13540,1400,2023-03-01,50
13541,1400,2023-04-01,50
13542,1400,2023-05-01,50
13543,1400,2023-06-01,50
13544,1400,2023-07-01,50
13545,1400,2023-08-01,50
13546,1400,2023-09-01,50
13547,1400,2023-10-01,50
13548,1400,2023-11-01,50
13549,1400,2023-12-01,50
13550,1400,2024-01-01,50
13551,1400,2024-02-01,50
13552,1400,2024-03-01,50
13553,1400,2024-04-01,50
13554,1400,2024-05-01,50
13555,1400,2024-06-01,50
13556,1400,2024-07-01,50
13557,1400,2024-08-01,50
13558,1400,2024-09-01,50
13559,1400,2024-10-01,50
13560,1400,2024-11-01,50
13561,1400,2024-12-01,50
13562,1400,2025-01-01,50
13563,1401,2021-04-01,30
13564,1401,2021-05-01,30
13565,1401,2021-06-01,30
13566,1401,2021-07-01,30
13567,1401,2021-08-01,30
13568,1401,2021-09-01,30
13569,1401,2021-10-01,30
13570,1401,2021-11-01,30
13571,1401,2021-12-01,30
13572,1401,2022-01-01,30
13573,1401,2022-02-01,30
13574,1401,2022-03-01,30
13575,1401,2022-04-01,30
13576,1401,2022-05-01,30
13577,1401,2022-06-01,30
13578,1401,2022-07-01,30
13579,1401,2022-08-01,30
13580,1401,2022-09-01,30
13581,1401,2022-10-01,30
13582,1401,2022-11-01,30
13583,1401,2022-12-01,30
13584,1401,2023-01-01,30
13585,1401,2023-02-01,30
13586,1401,2023-03-01,30
13587,1401,2023-04-01,30
13588,1401,2023-05-01,30
13589,1401,2023-06-01,30
13590,1401,2023-07-01,30
13591,1401,2023-08-01,30
13592,1401,2023-09-01,30
13593,1401,2023-10-01,30
13594,1401,2023-11-01,30
13595,1401,2023-12-01,30
13596,1401,2024-01-01,30
13597,1401,2024-02-01,30
13598,1401,2024-03-01,30
13599,1401,2024-04-01,30
13600,1401,2024-05-01,30
13601,1401,2024-06-01,30
13602,1401,2024-07-01,30
13603,1401,2024-08-01,30
13604,1401,2024-09-01,30
13605,1401,2024-10-01,30
13606,1401,2024-11-01,30
13607,1401,2024-12-01,30
13608,1401,2025-01-01,30
13609,1402,2023-02-01,30
13610,1402,2023-03-01,30
13611,1402,2023-04-01,30
13612,1402,2023-05-01,30
13613,1402,2023-06-01,30
13614,1402,2023-07-01,30
13615,1402,2023-08-01,30
13616,1402,2023-09-01,30
13617,1402,2023-10-01,30
13618,1402,2023-11-01,30
13619,1402,2023-12-01,30
13620,1402,2024-01-01,30
13621,1402,2024-02-01,30
13622,1402,2024-03-01,30
13623,1402,2024-04-01,30
13624,1402,2024-05-01,30
13625,1402,2024-06-01,30
13626,1402,2024-07-01,30
13627,1402,2024-08-01,30
13628,1402,2024-09-01,30
13629,1402,2024-10-01,30
13630,1402,2024-11-01,30
13631,1402,2024-12-01,30
13632,1402,2025-01-01,30
13633,1403,2024-03-01,30
13634,1403,2024-04-01,30
13635,1403,2024-05-01,30
13636,1403,2024-06-01,30
13637,1403,2024-07-01,30
13638,1403,2024-08-01,30
13639,1403,2024-09-01,30
13640,1403,2024-10-01,30
13641,1403,2024-11-01,30
13642,1403,2024-12-01,30
13643,1403,2025-01-01,30
13644,1404,2023-06-01,50
13645,1404,2023-07-01,50
13646,1404,2023-08-01,50
13647,1404,2023-09-01,50
13648,1404,2023-10-01,50
13649,1404,2023-11-01,50
13650,1404,2023-12-01,50
13651,1404,2024-01-01,50
13652,1404,2024-02-01,50
13653,1404,2024-03-01,50
13654,1404,2024-04-01,50
13655,1404,2024-05-01,50
13656,1404,2024-06-01,50
13657,1404,2024-07-01,50
13658,1404,2024-08-01,50
13659,1404,2024-09-01,50
13660,1404,2024-10-01,50
13661,1404,2024-11-01,50
13662,1404,2024-12-01,50
13663,1404,2025-01-01,50
13664,1405,2022-06-01,20
13665,1405,2022-07-01,20
13666,1405,2022-08-01,20
13667,1405,2022-09-01,20
13668,1405,2022-10-01,20
13669,1406,2024-03-01,20
13670,1406,2024-04-01,20
13671,1406,2024-05-01,20
13672,1406,2024-06-01,20
13673,1406,2024-07-01,20
13674,1406,2024-08-01,20
13675,1406,2024-09-01,20
13676,1406,2024-10-01,20
13677,1406,2024-11-01,20
13678,1406,2024-12-01,20
13679,1406,2025-01-01,20
13680,1407,2021-05-01,30
13681,1407,2021-06-01,30
13682,1407,2021-07-01,30
13683,1408,2022-11-01,50
13684,1408,2022-12-01,50
13685,1408,2023-01-01,50
13686,1408,2023-02-01,50
13687,1408,2023-03-01,50
13688,1408,2023-04-01,50
13689,1408,2023-05-01,50
13690,1408,2023-06-01,50
13691,1408,2023-07-01,50
13692,1408,2023-08-01,50
13693,1408,2023-09-01,50
13694,1408,2023-10-01,50
13695,1408,2023-11-01,50
13696,1408,2023-12-01,50
13697,1408,2024-01-01,50
13698,1408,2024-02-01,50
13699,1408,2024-03-01,50
13700,1408,2024-04-01,50
13701,1408,2024-05-01,50
13702,1408,2024-06-01,50
13703,1408,2024-07-01,50
13704,1408,2024-08-01,50
13705,1408,2024-09-01,50
13706,1408,2024-10-01,50
13707,1408,2024-11-01,50
13708,1408,2024-12-01,50
13709,1408,2025-01-01,50
13710,1409,2023-12-01,50
13711,1409,2024-01-01,50
13712,1409,2024-02-01,50
13713,1409,2024-03-01,50
13714,1409,2024-04-01,50
13715,1409,2024-05-01,50
13716,1409,2024-06-01,50
13717,1409,2024-07-01,50
13718,1409,2024-08-01,50
13719,1409,2024-09-01,50
13720,1409,2024-10-01,50
13721,1409,2024-11-01,50
13722,1409,2024-12-01,50
13723,1409,2025-01-01,50
13724,1410,2020-11-01,30
13725,1410,2020-12-01,30
13726,1410,2021-01-01,30
13727,1410,2021-02-01,30
13728,1410,2021-03-01,30
13729,1410,2021-04-01,30
13730,1410,2021-05-01,30
13731,1411,2020-09-01,30
13732,1411,2020-10-01,30
13733,1411,2020-11-01,30
13734,1411,2020-12-01,30
13735,1411,2021-01-01,30
13736,1411,2021-02-01,30
13737,1411,2021-03-01,30
13738,1411,2021-04-01,30
13739,1411,2021-05-01,30
13740,1411,2021-06-01,30
13741,1411,2021-07-01,30
13742,1411,2021-08-01,30
13743,1411,2021-09-01,30
13744,1411,2021-10-01,30
13745,1411,2021-11-01,30
13746,1411,2021-12-01,30
13747,1411,2022-01-01,30
13748,1411,2022-02-01,30
13749,1411,2022-03-01,30
13750,1411,2022-04-01,30
13751,1411,2022-05-01,30
13752,1411,2022-06-01,30
13753,1411,2022-07-01,30
13754,1411,2022-08-01,30
13755,1411,2022-09-01,30
13756,1411,2022-10-01,30
13757,1411,2022-11-01,30
13758,1411,2022-12-01,30
13759,1411,2023-01-01,30
13760,1411,2023-02-01,30
13761,1411,2023-03-01,30
13762,1411,2023-04-01,30
13763,1411,2023-05-01,30
13764,1411,2023-06-01,30
13765,1411,2023-07-01,30
13766,1411,2023-08-01,30
13767,1411,2023-09-01,30
13768,1411,2023-10-01,30
13769,1411,2023-11-01,30
13770,1411,2023-12-01,30
13771,1411,2024-01-01,30
13772,1411,2024-02-01,30
13773,1411,2024-03-01,30
13774,1411,2024-04-01,30
13775,1411,2024-05-01,30
13776,1411,2024-06-01,30
13777,1411,2024-07-01,30
13778,1411,2024-08-01,30
13779,1411,2024-09-01,30
13780,1411,2024-10-01,30
13781,1411,2024-11-01,30
13782,1411,2024-12-01,30
13783,1411,2025-01-01,30
13784,1412,2024-11-01,30
13785,1412,2024-12-01,30
13786,1412,2025-01-01,30
13787,1413,2022-08-01,30
13788,1413,2022-09-01,30
13789,1413,2022-10-01,30
13790,1413,2022-11-01,30
13791,1413,2022-12-01,30
13792,1413,2023-01-01,30
13793,1413,2023-02-01,30
13794,1413,2023-03-01,30
13795,1413,2023-04-01,30
13796,1413,2023-05-01,30
13797,1413,2023-06-01,30
13798,1413,2023-07-01,30
13799,1413,2023-08-01,30
13800,1413,2023-09-01,30
13801,1413,2023-10-01,30
13802,1413,2023-11-01,30
13803,1413,2023-12-01,30
13804,1413,2024-01-01,30
13805,1413,2024-02-01,30
13806,1413,2024-03-01,30
13807,1413,2024-04-01,30
13808,1413,2024-05-01,30
13809,1413,2024-06-01,30
13810,1413,2024-07-01,30
13811,1413,2024-08-01,30
13812,1413,2024-09-01,30
13813,1413,2024-10-01,30
13814,1413,2024-11-01,30
13815,1413,2024-12-01,30
13816,1413,2025-01-01,30
13817,1414,2023-01-01,30
13818,1414,2023-02-01,30
13819,1414,2023-03-01,30
13820,1414,2023-04-01,30
13821,1414,2023-05-01,30
13822,1414,2023-06-01,30
13823,1414,2023-07-01,30
13824,1414,2023-08-01,30
13825,1414,2023-09-01,30
13826,1415,2022-08-01,30
13827,1415,2022-09-01,30
13828,1415,2022-10-01,30
13829,1415,2022-11-01,30
13830,1415,2022-12-01,30
13831,1415,2023-01-01,30
13832,1415,2023-02-01,30
13833,1415,2023-03-01,30
13834,1415,2023-04-01,30
13835,1415,2023-05-01,30
13836,1415,2023-06-01,30
13837,1415,2023-07-01,30
13838,1415,2023-08-01,30
13839,1415,2023-09-01,30
13840,1415,2023-10-01,30
13841,1415,2023-11-01,30
13842,1415,2023-12-01,30
13843,1415,2024-01-01,30
13844,1415,2024-02-01,30
13845,1415,2024-03-01,30
13846,1415,2024-04-01,30
13847,1415,2024-05-01,30
13848,1415,2024-06-01,30
13849,1415,2024-07-01,30
13850,1415,2024-08-01,30
13851,1415,2024-09-01,30
13852,1415,2024-10-01,30
13853,1415,2024-11-01,30
13854,1415,2024-12-01,30
13855,1415,2025-01-01,30
13856,1416,2020-05-01,30
13857,1416,2020-06-01,30
13858,1416,2020-07-01,30
13859,1416,2020-08-01,30
13860,1416,2020-09-01,30
13861,1416,2020-10-01,30
13862,1416,2020-11-01,30
13863,1416,2020-12-01,30
13864,1416,2021-01-01,30
13865,1416,2021-02-01,30
13866,1416,2021-03-01,30
13867,1416,2021-04-01,30
13868,1416,2021-05-01,30
13869,1416,2021-06-01,30
13870,1416,2021-07-01,30
13871,1416,2021-08-01,30
13872,1416,2021-09-01,30
13873,1416,2021-10-01,30
13874,1416,2021-11-01,30
13875,1416,2021-12-01,30
13876,1416,2022-01-01,30
13877,1416,2022-02-01,30
13878,1416,2022-03-01,30
13879,1416,2022-04-01,30
13880,1416,2022-05-01,30
13881,1416,2022-06-01,30
13882,1416,2022-07-01,30
13883,1416,2022-08-01,30
13884,1416,2022-09-01,30
13885,1416,2022-10-01,30
13886,1416,2022-11-01,30
13887,1416,2022-12-01,30
13888,1416,2023-01-01,30
13889,1416,2023-02-01,30
13890,1416,2023-03-01,30
13891,1416,2023-04-01,30
13892,1416,2023-05-01,30
13893,1416,2023-06-01,30
13894,1416,2023-07-01,30
13895,1416,2023-08-01,30
13896,1416,2023-09-01,30
13897,1416,2023-10-01,30
13898,1416,2023-11-01,30
13899,1416,2023-12-01,30
13900,1416,2024-01-01,30
13901,1416,2024-02-01,30
13902,1416,2024-03-01,30
13903,1416,2024-04-01,30
13904,1416,2024-05-01,30
13905,1416,2024-06-01,30
13906,1416,2024-07-01,30
13907,1416,2024-08-01,30
13908,1416,2024-09-01,30
13909,1416,2024-10-01,30
13910,1416,2024-11-01,30
13911,1416,2024-12-01,30
13912,1416,2025-01-01,30
13913,1417,2022-12-01,20
13914,1417,2023-01-01,20
13915,1417,2023-02-01,20
13916,1417,2023-03-01,20
13917,1417,2023-04-01,20
13918,1417,2023-05-01,20
13919,1417,2023-06-01,20
13920,1417,2023-07-01,20
13921,1417,2023-08-01,20
13922,1417,2023-09-01,20
13923,1417,2023-10-01,20
13924,1417,2023-11-01,20
13925,1417,2023-12-01,20
13926,1417,2024-01-01,20
13927,1417,2024-02-01,20
13928,1417,2024-03-01,20
13929,1417,2024-04-01,20
13930,1417,2024-05-01,20
13931,1417,2024-06-01,20
13932,1417,2024-07-01,20
13933,1417,2024-08-01,20
13934,1417,2024-09-01,20
13935,1417,2024-10-01,20
13936,1417,2024-11-01,20
13937,1417,2024-12-01,20
13938,1417,2025-01-01,20
13939,1418,2023-12-01,50
13940,1418,2024-01-01,50
13941,1418,2024-02-01,50
13942,1418,2024-03-01,50
13943,1418,2024-04-01,50
13944,1418,2024-05-01,50
13945,1418,2024-06-01,50
13946,1418,2024-07-01,50
13947,1418,2024-08-01,50
13948,1418,2024-09-01,50
13949,1418,2024-10-01,50
13950,1418,2024-11-01,50
13951,1418,2024-12-01,50
13952,1418,2025-01-01,50
13953,1419,2021-06-01,30
13954,1419,2021-07-01,30
13955,1419,2021-08-01,30
13956,1419,2021-09-01,30
13957,1419,2021-10-01,30
13958,1419,2021-11-01,30
13959,1419,2021-12-01,30
13960,1419,2022-01-01,30
13961,1419,2022-02-01,30
13962,1419,2022-03-01,30
13963,1419,2022-04-01,30
13964,1419,2022-05-01,30
13965,1419,2022-06-01,30
13966,1419,2022-07-01,30
13967,1419,2022-08-01,30
13968,1419,2022-09-01,30
13969,1419,2022-10-01,30
13970,1419,2022-11-01,30
13971,1419,2022-12-01,30
13972,1419,2023-01-01,30
13973,1419,2023-02-01,30
13974,1419,2023-03-01,30
13975,1419,2023-04-01,30
13976,1419,2023-05-01,30
13977,1419,2023-06-01,30
13978,1419,2023-07-01,30
13979,1419,2023-08-01,30
13980,1419,2023-09-01,30
13981,1419,2023-10-01,30
13982,1419,2023-11-01,30
13983,1419,2023-12-01,30
13984,1419,2024-01-01,30
13985,1419,2024-02-01,30
13986,1419,2024-03-01,30
13987,1419,2024-04-01,30
13988,1419,2024-05-01,30
13989,1419,2024-06-01,30
13990,1419,2024-07-01,30
13991,1419,2024-08-01,30
13992,1419,2024-09-01,30
13993,1419,2024-10-01,30
13994,1419,2024-11-01,30
13995,1419,2024-12-01,30
13996,1419,2025-01-01,30
13997,1420,2022-08-01,30
13998,1420,2022-09-01,30
13999,1420,2022-10-01,30
14000,1420,2022-11-01,30
14001,1420,2022-12-01,30
14002,1420,2023-01-01,30
14003,1420,2023-02-01,30
14004,1420,2023-03-01,30
14005,1420,2023-04-01,30
14006,1420,2023-05-01,30
14007,1420,2023-06-01,30
14008,1420,2023-07-01,30
14009,1420,2023-08-01,30
14010,1420,2023-09-01,30
14011,1420,2023-10-01,30
14012,1420,2023-11-01,30
14013,1420,2023-12-01,30
14014,1420,2024-01-01,30
14015,1420,2024-02-01,30
14016,1420,2024-03-01,30
14017,1420,2024-04-01,30
14018,1420,2024-05-01,30
14019,1420,2024-06-01,30
14020,1420,2024-07-01,30
14021,1420,2024-08-01,30
14022,1420,2024-09-01,30
14023,1420,2024-10-01,30
14024,1420,2024-11-01,30
14025,1420,2024-12-01,30
14026,1420,2025-01-01,30
14027,1421,2021-09-01,30
14028,1421,2021-10-01,30
14029,1421,2021-11-01,30
14030,1421,2021-12-01,30
14031,1421,2022-01-01,30
14032,1421,2022-02-01,30
14033,1421,2022-03-01,30
14034,1421,2022-04-01,30
14035,1421,2022-05-01,30
14036,1421,2022-06-01,30
14037,1421,2022-07-01,30
14038,1422,2020-09-01,20
14039,1422,2020-10-01,20
14040,1422,2020-11-01,20
14041,1422,2020-12-01,20
14042,1422,2021-01-01,20
14043,1422,2021-02-01,20
14044,1422,2021-03-01,20
14045,1422,2021-04-01,20
14046,1422,2021-05-01,20
14047,1422,2021-06-01,20
14048,1422,2021-07-01,20
14049,1422,2021-08-01,20
14050,1422,2021-09-01,20
14051,1422,2021-10-01,20
14052,1422,2021-11-01,20
14053,1422,2021-12-01,20
14054,1422,2022-01-01,20
14055,1422,2022-02-01,20
14056,1422,2022-03-01,20
14057,1422,2022-04-01,20
14058,1422,2022-05-01,20
14059,1422,2022-06-01,20
14060,1422,2022-07-01,20
14061,1422,2022-08-01,20
14062,1422,2022-09-01,20
14063,1422,2022-10-01,20
14064,1422,2022-11-01,20
14065,1422,2022-12-01,20
14066,1422,2023-01-01,20
14067,1422,2023-02-01,20
14068,1422,2023-03-01,20
14069,1422,2023-04-01,20
14070,1422,2023-05-01,20
14071,1422,2023-06-01,20
14072,1422,2023-07-01,20
14073,1422,2023-08-01,20
14074,1422,2023-09-01,20
14075,1422,2023-10-01,20
14076,1422,2023-11-01,20
14077,1422,2023-12-01,20
14078,1422,2024-01-01,20
14079,1422,2024-02-01,20
14080,1422,2024-03-01,20
14081,1422,2024-04-01,20
14082,1422,2024-05-01,20
14083,1422,2024-06-01,20
14084,1422,2024-07-01,20
14085,1422,2024-08-01,20
14086,1422,2024-09-01,20
14087,1422,2024-10-01,20
14088,1422,2024-11-01,20
14089,1422,2024-12-01,20
14090,1422,2025-01-01,20
14091,1423,2021-09-01,30
14092,1423,2021-10-01,30
14093,1423,2021-11-01,30
14094,1423,2021-12-01,30
14095,1423,2022-01-01,30
14096,1423,2022-02-01,30
14097,1423,2022-03-01,30
14098,1423,2022-04-01,30
14099,1423,2022-05-01,30
14100,1424,2020-12-01,20
14101,1424,2021-01-01,20
14102,1424,2021-02-01,20
14103,1424,2021-03-01,20
14104,1424,2021-04-01,20
14105,1424,2021-05-01,20
14106,1424,2021-06-01,20
14107,1424,2021-07-01,20
14108,1424,2021-08-01,20
14109,1424,2021-09-01,20
14110,1424,2021-10-01,20
14111,1424,2021-11-01,20
14112,1424,2021-12-01,20
14113,1424,2022-01-01,20
14114,1424,2022-02-01,20
14115,1424,2022-03-01,20
14116,1424,2022-04-01,20
14117,1424,2022-05-01,20
14118,1424,2022-06-01,20
14119,1424,2022-07-01,20
14120,1424,2022-08-01,20
14121,1424,2022-09-01,20
14122,1424,2022-10-01,20
14123,1424,2022-11-01,20
14124,1424,2022-12-01,20
14125,1424,2023-01-01,20
14126,1424,2023-02-01,20
14127,1424,2023-03-01,20
14128,1424,2023-04-01,20
14129,1424,2023-05-01,20
14130,1424,2023-06-01,20
14131,1424,2023-07-01,20
14132,1424,2023-08-01,20
14133,1424,2023-09-01,20
14134,1424,2023-10-01,20
14135,1424,2023-11-01,20
14136,1424,2023-12-01,20
14137,1424,2024-01-01,20
14138,1424,2024-02-01,20
14139,1424,2024-03-01,20
14140,1424,2024-04-01,20
14141,1424,2024-05-01,20
14142,1424,2024-06-01,20
14143,1424,2024-07-01,20
14144,1424,2024-08-01,20
14145,1424,2024-09-01,20
14146,1424,2024-10-01,20
14147,1424,2024-11-01,20
14148,1424,2024-12-01,20
14149,1424,2025-01-01,20
14150,1425,2021-08-01,50
14151,1425,2021-09-01,50
14152,1425,2021-10-01,50
14153,1425,2021-11-01,50
14154,1425,2021-12-01,50
14155,1425,2022-01-01,50
14156,1425,2022-02-01,50
14157,1425,2022-03-01,50
14158,1425,2022-04-01,50
14159,1425,2022-05-01,50
14160,1425,2022-06-01,50
14161,1425,2022-07-01,50
14162,1425,2022-08-01,50
14163,1425,2022-09-01,50
14164,1425,2022-10-01,50
14165,1425,2022-11-01,50
14166,1425,2022-12-01,50
14167,1425,2023-01-01,50
14168,1425,2023-02-01,50
14169,1425,2023-03-01,50
14170,1425,2023-04-01,50
14171,1425,2023-05-01,50
14172,1425,2023-06-01,50
14173,1425,2023-07-01,50
14174,1425,2023-08-01,50
14175,1425,2023-09-01,50
14176,1425,2023-10-01,50
14177,1425,2023-11-01,50
14178,1425,2023-12-01,50
14179,1425,2024-01-01,50
14180,1425,2024-02-01,50
14181,1425,2024-03-01,50
14182,1425,2024-04-01,50
14183,1425,2024-05-01,50
14184,1425,2024-06-01,50
14185,1425,2024-07-01,50
14186,1425,2024-08-01,50
14187,1425,2024-09-01,50
14188,1425,2024-10-01,50
14189,1425,2024-11-01,50
14190,1425,2024-12-01,50
14191,1425,2025-01-01,50
14192,1426,2022-11-01,50
14193,1426,2022-12-01,50
14194,1426,2023-01-01,50
14195,1426,2023-02-01,50
14196,1426,2023-03-01,50
14197,1426,2023-04-01,50
14198,1426,2023-05-01,50
14199,1426,2023-06-01,50
14200,1426,2023-07-01,50
14201,1426,2023-08-01,50
14202,1426,2023-09-01,50
14203,1426,2023-10-01,50
14204,1426,2023-11-01,50
14205,1426,2023-12-01,50
14206,1426,2024-01-01,50
14207,1426,2024-02-01,50
14208,1426,2024-03-01,50
14209,1426,2024-04-01,50
14210,1426,2024-05-01,50
14211,1426,2024-06-01,50
14212,1426,2024-07-01,50
14213,1426,2024-08-01,50
14214,1426,2024-09-01,50
14215,1426,2024-10-01,50
14216,1426,2024-11-01,50
14217,1426,2024-12-01,50
14218,1426,2025-01-01,50
14219,1427,2020-08-01,20
14220,1427,2020-09-01,20
14221,1427,2020-10-01,20
14222,1427,2020-11-01,20
14223,1427,2020-12-01,20
14224,1427,2021-01-01,20
14225,1427,2021-02-01,20
14226,1427,2021-03-01,20
14227,1427,2021-04-01,20
14228,1427,2021-05-01,20
14229,1427,2021-06-01,20
14230,1428,2022-12-01,30
14231,1428,2023-01-01,30
14232,1428,2023-02-01,30
14233,1428,2023-03-01,30
14234,1428,2023-04-01,30
14235,1428,2023-05-01,30
14236,1428,2023-06-01,30
14237,1428,2023-07-01,30
14238,1428,2023-08-01,30
14239,1428,2023-09-01,30
14240,1428,2023-10-01,30
14241,1428,2023-11-01,30
14242,1428,2023-12-01,30
14243,1428,2024-01-01,30
14244,1428,2024-02-01,30
14245,1428,2024-03-01,30
14246,1428,2024-04-01,30
14247,1428,2024-05-01,30
14248,1428,2024-06-01,30
14249,1428,2024-07-01,30
14250,1428,2024-08-01,30
14251,1428,2024-09-01,30
14252,1428,2024-10-01,30
14253,1428,2024-11-01,30
14254,1428,2024-12-01,30
14255,1428,2025-01-01,30
14256,1429,2024-08-01,30
14257,1429,2024-09-01,30
14258,1429,2024-10-01,30
14259,1429,2024-11-01,30
14260,1429,2024-12-01,30
14261,1429,2025-01-01,30
14262,1430,2024-01-01,50
14263,1430,2024-02-01,50
14264,1430,2024-03-01,50
14265,1430,2024-04-01,50
14266,1430,2024-05-01,50
14267,1430,2024-06-01,50
14268,1430,2024-07-01,50
14269,1430,2024-08-01,50
14270,1430,2024-09-01,50
14271,1430,2024-10-01,50
14272,1430,2024-11-01,50
14273,1430,2024-12-01,50
14274,1430,2025-01-01,50
14275,1431,2024-01-01,50
14276,1431,2024-02-01,50
14277,1431,2024-03-01,50
14278,1431,2024-04-01,50
14279,1431,2024-05-01,50
14280,1431,2024-06-01,50
14281,1431,2024-07-01,50
14282,1431,2024-08-01,50
14283,1431,2024-09-01,50
14284,1431,2024-10-01,50
14285,1431,2024-11-01,50
14286,1431,2024-12-01,50
14287,1431,2025-01-01,50
14288,1432,2023-11-01,20
14289,1432,2023-12-01,20
14290,1432,2024-01-01,20
14291,1432,2024-02-01,20
14292,1432,2024-03-01,20
14293,1432,2024-04-01,20
14294,1432,2024-05-01,20
14295,1432,2024-06-01,20
14296,1432,2024-07-01,20
14297,1432,2024-08-01,20
14298,1432,2024-09-01,20
14299,1433,2022-12-01,50
14300,1433,2023-01-01,50
14301,1433,2023-02-01,50
14302,1433,2023-03-01,50
14303,1433,2023-04-01,50
14304,1433,2023-05-01,50
14305,1433,2023-06-01,50
14306,1433,2023-07-01,50
14307,1433,2023-08-01,50
14308,1433,2023-09-01,50
14309,1433,2023-10-01,50
14310,1433,2023-11-01,50
14311,1433,2023-12-01,50
14312,1433,2024-01-01,50
14313,1434,2021-09-01,30
14314,1434,2021-10-01,30
14315,1434,2021-11-01,30
14316,1434,2021-12-01,30
14317,1434,2022-01-01,30
14318,1434,2022-02-01,30
14319,1434,2022-03-01,30
14320,1434,2022-04-01,30
14321,1434,2022-05-01,30
14322,1434,2022-06-01,30
14323,1434,2022-07-01,30
14324,1434,2022-08-01,30
14325,1434,2022-09-01,30
14326,1434,2022-10-01,30
14327,1434,2022-11-01,30
14328,1434,2022-12-01,30
14329,1434,2023-01-01,30
14330,1434,2023-02-01,30
14331,1434,2023-03-01,30
14332,1434,2023-04-01,30
14333,1434,2023-05-01,30
14334,1434,2023-06-01,30
14335,1434,2023-07-01,30
14336,1434,2023-08-01,30
14337,1434,2023-09-01,30
14338,1434,2023-10-01,30
14339,1434,2023-11-01,30
14340,1434,2023-12-01,30
14341,1434,2024-01-01,30
14342,1434,2024-02-01,30
14343,1434,2024-03-01,30
14344,1434,2024-04-01,30
14345,1434,2024-05-01,30
14346,1434,2024-06-01,30
14347,1434,2024-07-01,30
14348,1434,2024-08-01,30
14349,1434,2024-09-01,30
14350,1434,2024-10-01,30
14351,1434,2024-11-01,30
14352,1434,2024-12-01,30
14353,1434,2025-01-01,30
14354,1435,2024-12-01,30
14355,1435,2025-01-01,30
14356,1436,2024-11-01,30
14357,1436,2024-12-01,30
14358,1436,2025-01-01,30
14359,1437,2022-11-01,50
14360,1437,2022-12-01,50
14361,1437,2023-01-01,50
14362,1437,2023-02-01,50
14363,1437,2023-03-01,50
14364,1437,2023-04-01,50
14365,1437,2023-05-01,50
14366,1437,2023-06-01,50
14367,1437,2023-07-01,50
14368,1437,2023-08-01,50
14369,1437,2023-09-01,50
14370,1437,2023-10-01,50
14371,1437,2023-11-01,50
14372,1437,2023-12-01,50
14373,1437,2024-01-01,50
14374,1437,2024-02-01,50
14375,1437,2024-03-01,50
14376,1437,2024-04-01,50
14377,1437,2024-05-01,50
14378,1437,2024-06-01,50
14379,1437,2024-07-01,50
14380,1437,2024-08-01,50
14381,1437,2024-09-01,50
14382,1437,2024-10-01,50
14383,1437,2024-11-01,50
14384,1437,2024-12-01,50
14385,1437,2025-01-01,50
14386,1438,2023-01-01,30
14387,1438,2023-02-01,30
14388,1438,2023-03-01,30
14389,1438,2023-04-01,30
14390,1438,2023-05-01,30
14391,1438,2023-06-01,30
14392,1438,2023-07-01,30
14393,1438,2023-08-01,30
14394,1438,2023-09-01,30
14395,1438,2023-10-01,30
14396,1438,2023-11-01,30
14397,1438,2023-12-01,30
14398,1438,2024-01-01,30
14399,1438,2024-02-01,30
14400,1438,2024-03-01,30
14401,1438,2024-04-01,30
14402,1438,2024-05-01,30
14403,1438,2024-06-01,30
14404,1438,2024-07-01,30
14405,1438,2024-08-01,30
14406,1438,2024-09-01,30
14407,1438,2024-10-01,30
14408,1438,2024-11-01,30
14409,1438,2024-12-01,30
14410,1438,2025-01-01,30
14411,1439,2023-06-01,50
14412,1439,2023-07-01,50
14413,1439,2023-08-01,50
14414,1439,2023-09-01,50
14415,1439,2023-10-01,50
14416,1439,2023-11-01,50
14417,1439,2023-12-01,50
14418,1439,2024-01-01,50
14419,1439,2024-02-01,50
14420,1439,2024-03-01,50
14421,1439,2024-04-01,50
14422,1439,2024-05-01,50
14423,1439,2024-06-01,50
14424,1439,2024-07-01,50
14425,1439,2024-08-01,50
14426,1439,2024-09-01,50
14427,1439,2024-10-01,50
14428,1439,2024-11-01,50
14429,1439,2024-12-01,50
14430,1439,2025-01-01,50
14431,1440,2023-02-01,20
14432,1440,2023-03-01,20
14433,1440,2023-04-01,20
14434,1440,2023-05-01,20
14435,1440,2023-06-01,20
14436,1440,2023-07-01,20
14437,1440,2023-08-01,20
14438,1440,2023-09-01,20
14439,1440,2023-10-01,20
14440,1440,2023-11-01,20
14441,1440,2023-12-01,20
14442,1440,2024-01-01,20
14443,1440,2024-02-01,20
14444,1440,2024-03-01,20
14445,1440,2024-04-01,20
14446,1440,2024-05-01,20
14447,1440,2024-06-01,20
14448,1440,2024-07-01,20
14449,1440,2024-08-01,20
14450,1440,2024-09-01,20
14451,1440,2024-10-01,20
14452,1440,2024-11-01,20
14453,1440,2024-12-01,20
14454,1440,2025-01-01,20
14455,1441,2021-12-01,30
14456,1441,2022-01-01,30
14457,1441,2022-02-01,30
14458,1441,2022-03-01,30
14459,1441,2022-04-01,30
14460,1441,2022-05-01,30
14461,1441,2022-06-01,30
14462,1441,2022-07-01,30
14463,1441,2022-08-01,30
14464,1441,2022-09-01,30
14465,1441,2022-10-01,30
14466,1441,2022-11-01,30
14467,1441,2022-12-01,30
14468,1441,2023-01-01,30
14469,1441,2023-02-01,30
14470,1441,2023-03-01,30
14471,1441,2023-04-01,30
14472,1441,2023-05-01,30
14473,1441,2023-06-01,30
14474,1441,2023-07-01,30
14475,1441,2023-08-01,30
14476,1441,2023-09-01,30
14477,1441,2023-10-01,30
14478,1441,2023-11-01,30
14479,1441,2023-12-01,30
14480,1441,2024-01-01,30
14481,1441,2024-02-01,30
14482,1441,2024-03-01,30
14483,1441,2024-04-01,30
14484,1441,2024-05-01,30
14485,1441,2024-06-01,30
14486,1441,2024-07-01,30
14487,1441,2024-08-01,30
14488,1441,2024-09-01,30
14489,1441,2024-10-01,30
14490,1441,2024-11-01,30
14491,1441,2024-12-01,30
14492,1441,2025-01-01,30
14493,1442,2020-06-01,30
14494,1442,2020-07-01,30
14495,1442,2020-08-01,30
14496,1442,2020-09-01,30
14497,1442,2020-10-01,30
14498,1442,2020-11-01,30
14499,1442,2020-12-01,30
14500,1442,2021-01-01,30
14501,1442,2021-02-01,30
14502,1442,2021-03-01,30
14503,1442,2021-04-01,30
14504,1442,2021-05-01,30
14505,1442,2021-06-01,30
14506,1442,2021-07-01,30
14507,1442,2021-08-01,30
14508,1442,2021-09-01,30
14509,1442,2021-10-01,30
14510,1442,2021-11-01,30
14511,1442,2021-12-01,30
14512,1442,2022-01-01,30
14513,1442,2022-02-01,30
14514,1442,2022-03-01,30
14515,1442,2022-04-01,30
14516,1442,2022-05-01,30
14517,1442,2022-06-01,30
14518,1442,2022-07-01,30
14519,1442,2022-08-01,30
14520,1442,2022-09-01,30
14521,1442,2022-10-01,30
14522,1442,2022-11-01,30
14523,1442,2022-12-01,30
14524,1442,2023-01-01,30
14525,1442,2023-02-01,30
14526,1442,2023-03-01,30
14527,1442,2023-04-01,30
14528,1442,2023-05-01,30
14529,1442,2023-06-01,30
14530,1442,2023-07-01,30
14531,1442,2023-08-01,30
14532,1442,2023-09-01,30
14533,1442,2023-10-01,30
14534,1442,2023-11-01,30
14535,1442,2023-12-01,30
14536,1442,2024-01-01,30
14537,1442,2024-02-01,30
14538,1442,2024-03-01,30
14539,1442,2024-04-01,30
14540,1442,2024-05-01,30
14541,1442,2024-06-01,30
14542,1442,2024-07-01,30
14543,1442,2024-08-01,30
14544,1442,2024-09-01,30
14545,1442,2024-10-01,30
14546,1442,2024-11-01,30
14547,1442,2024-12-01,30
14548,1442,2025-01-01,30
14549,1443,2024-08-01,20
14550,1443,2024-09-01,20
14551,1443,2024-10-01,20
14552,1443,2024-11-01,20
14553,1443,2024-12-01,20
14554,1443,2025-01-01,20
14555,1444,2023-12-01,30
14556,1444,2024-01-01,30
14557,1444,2024-02-01,30
14558,1444,2024-03-01,30
14559,1444,2024-04-01,30
14560,1444,2024-05-01,30
14561,1444,2024-06-01,30
14562,1444,2024-07-01,30
14563,1444,2024-08-01,30
14564,1444,2024-09-01,30
14565,1444,2024-10-01,30
14566,1444,2024-11-01,30
14567,1444,2024-12-01,30
14568,1444,2025-01-01,30
14569,1445,2023-03-01,30
14570,1445,2023-04-01,30
14571,1445,2023-05-01,30
14572,1445,2023-06-01,30
14573,1445,2023-07-01,30
14574,1445,2023-08-01,30
14575,1445,2023-09-01,30
14576,1445,2023-10-01,30
14577,1445,2023-11-01,30
14578,1445,2023-12-01,30
14579,1445,2024-01-01,30
14580,1445,2024-02-01,30
14581,1445,2024-03-01,30
14582,1445,2024-04-01,30
14583,1445,2024-05-01,30
14584,1445,2024-06-01,30
14585,1445,2024-07-01,30
14586,1445,2024-08-01,30
14587,1445,2024-09-01,30
14588,1445,2024-10-01,30
14589,1445,2024-11-01,30
14590,1445,2024-12-01,30
14591,1445,2025-01-01,30
14592,1446,2022-12-01,30
14593,1446,2023-01-01,30
14594,1446,2023-02-01,30
14595,1446,2023-03-01,30
14596,1447,2021-07-01,30
14597,1447,2021-08-01,30
14598,1447,2021-09-01,30
14599,1447,2021-10-01,30
14600,1447,2021-11-01,30
14601,1447,2021-12-01,30
14602,1447,2022-01-01,30
14603,1447,2022-02-01,30
14604,1447,2022-03-01,30
14605,1447,2022-04-01,30
14606,1447,2022-05-01,30
14607,1447,2022-06-01,30
14608,1447,2022-07-01,30
14609,1447,2022-08-01,30
14610,1447,2022-09-01,30
14611,1447,2022-10-01,30
14612,1447,2022-11-01,30
14613,1447,2022-12-01,30
14614,1447,2023-01-01,30
14615,1447,2023-02-01,30
14616,1447,2023-03-01,30
14617,1447,2023-04-01,30
14618,1447,2023-05-01,30
14619,1447,2023-06-01,30
14620,1447,2023-07-01,30
14621,1447,2023-08-01,30
14622,1447,2023-09-01,30
14623,1447,2023-10-01,30
14624,1447,2023-11-01,30
14625,1447,2023-12-01,30
14626,1447,2024-01-01,30
14627,1447,2024-02-01,30
14628,1447,2024-03-01,30
14629,1447,2024-04-01,30
14630,1447,2024-05-01,30
14631,1447,2024-06-01,30
14632,1447,2024-07-01,30
14633,1447,2024-08-01,30
14634,1447,2024-09-01,30
14635,1447,2024-10-01,30
14636,1447,2024-11-01,30
14637,1447,2024-12-01,30
14638,1447,2025-01-01,30
14639,1448,2022-11-01,30
14640,1448,2022-12-01,30
14641,1448,2023-01-01,30
14642,1448,2023-02-01,30
14643,1448,2023-03-01,30
14644,1448,2023-04-01,30
14645,1448,2023-05-01,30
14646,1448,2023-06-01,30
14647,1448,2023-07-01,30
14648,1448,2023-08-01,30
14649,1448,2023-09-01,30
14650,1448,2023-10-01,30
14651,1448,2023-11-01,30
14652,1448,2023-12-01,30
14653,1448,2024-01-01,30
14654,1448,2024-02-01,30
14655,1448,2024-03-01,30
14656,1448,2024-04-01,30
14657,1448,2024-05-01,30
14658,1448,2024-06-01,30
14659,1448,2024-07-01,30
14660,1448,2024-08-01,30
14661,1448,2024-09-01,30
14662,1448,2024-10-01,30
14663,1448,2024-11-01,30
14664,1448,2024-12-01,30
14665,1448,2025-01-01,30
14666,1449,2020-09-01,20
14667,1449,2020-10-01,20
14668,1449,2020-11-01,20
14669,1449,2020-12-01,20
14670,1449,2021-01-01,20
14671,1449,2021-02-01,20
14672,1449,2021-03-01,20
14673,1449,2021-04-01,20
14674,1449,2021-05-01,20
14675,1449,2021-06-01,20
14676,1449,2021-07-01,20
14677,1449,2021-08-01,20
14678,1449,2021-09-01,20
14679,1449,2021-10-01,20
14680,1449,2021-11-01,20
14681,1449,2021-12-01,20
14682,1449,2022-01-01,20
14683,1449,2022-02-01,20
14684,1449,2022-03-01,20
14685,1449,2022-04-01,20
14686,1449,2022-05-01,20
14687,1449,2022-06-01,20
14688,1449,2022-07-01,20
14689,1449,2022-08-01,20
14690,1449,2022-09-01,20
14691,1449,2022-10-01,20
14692,1449,2022-11-01,20
14693,1449,2022-12-01,20
14694,1449,2023-01-01,20
14695,1449,2023-02-01,20
14696,1449,2023-03-01,20
14697,1449,2023-04-01,20
14698,1449,2023-05-01,20
14699,1449,2023-06-01,20
14700,1449,2023-07-01,20
14701,1449,2023-08-01,20
14702,1449,2023-09-01,20
14703,1449,2023-10-01,20
14704,1449,2023-11-01,20
14705,1449,2023-12-01,20
14706,1449,2024-01-01,20
14707,1449,2024-02-01,20
14708,1449,2024-03-01,20
14709,1449,2024-04-01,20
14710,1449,2024-05-01,20
14711,1449,2024-06-01,20
14712,1449,2024-07-01,20
14713,1449,2024-08-01,20
14714,1449,2024-09-01,20
14715,1449,2024-10-01,20
14716,1449,2024-11-01,20
14717,1449,2024-12-01,20
14718,1449,2025-01-01,20
14719,1450,2023-04-01,30
14720,1450,2023-05-01,30
14721,1450,2023-06-01,30
14722,1450,2023-07-01,30
14723,1450,2023-08-01,30
14724,1450,2023-09-01,30
14725,1450,2023-10-01,30
14726,1450,2023-11-01,30
14727,1450,2023-12-01,30
14728,1450,2024-01-01,30
14729,1450,2024-02-01,30
14730,1450,2024-03-01,30
14731,1450,2024-04-01,30
14732,1450,2024-05-01,30
14733,1450,2024-06-01,30
14734,1450,2024-07-01,30
14735,1450,2024-08-01,30
14736,1450,2024-09-01,30
14737,1450,2024-10-01,30
14738,1450,2024-11-01,30
14739,1450,2024-12-01,30
14740,1450,2025-01-01,30
14741,1451,2024-11-01,30
14742,1451,2024-12-01,30
14743,1451,2025-01-01,30
14744,1452,2024-02-01,20
14745,1452,2024-03-01,20
14746,1452,2024-04-01,20
14747,1452,2024-05-01,20
14748,1452,2024-06-01,20
14749,1452,2024-07-01,20
14750,1452,2024-08-01,20
14751,1452,2024-09-01,20
14752,1452,2024-10-01,20
14753,1452,2024-11-01,20
14754,1452,2024-12-01,20
14755,1452,2025-01-01,20
14756,1453,2022-04-01,30
14757,1453,2022-05-01,30
14758,1453,2022-06-01,30
14759,1453,2022-07-01,30
14760,1453,2022-08-01,30
14761,1453,2022-09-01,30
14762,1453,2022-10-01,30
14763,1453,2022-11-01,30
14764,1453,2022-12-01,30
14765,1453,2023-01-01,30
14766,1453,2023-02-01,30
14767,1453,2023-03-01,30
14768,1453,2023-04-01,30
14769,1453,2023-05-01,30
14770,1453,2023-06-01,30
14771,1453,2023-07-01,30
14772,1453,2023-08-01,30
14773,1453,2023-09-01,30
14774,1453,2023-10-01,30
14775,1453,2023-11-01,30
14776,1453,2023-12-01,30
14777,1453,2024-01-01,30
14778,1453,2024-02-01,30
14779,1453,2024-03-01,30
14780,1453,2024-04-01,30
14781,1453,2024-05-01,30
14782,1453,2024-06-01,30
14783,1453,2024-07-01,30
14784,1453,2024-08-01,30
14785,1453,2024-09-01,30
14786,1453,2024-10-01,30
14787,1453,2024-11-01,30
14788,1453,2024-12-01,30
14789,1453,2025-01-01,30
14790,1454,2022-06-01,50
14791,1454,2022-07-01,50
14792,1454,2022-08-01,50
14793,1454,2022-09-01,50
14794,1454,2022-10-01,50
14795,1454,2022-11-01,50
14796,1454,2022-12-01,50
14797,1454,2023-01-01,50
14798,1454,2023-02-01,50
14799,1454,2023-03-01,50
14800,1454,2023-04-01,50
14801,1454,2023-05-01,50
14802,1454,2023-06-01,50
14803,1454,2023-07-01,50
14804,1454,2023-08-01,50
14805,1454,2023-09-01,50
14806,1454,2023-10-01,50
14807,1454,2023-11-01,50
14808,1454,2023-12-01,50
14809,1454,2024-01-01,50
14810,1454,2024-02-01,50
14811,1454,2024-03-01,50
14812,1454,2024-04-01,50
14813,1454,2024-05-01,50
14814,1454,2024-06-01,50
14815,1454,2024-07-01,50
14816,1454,2024-08-01,50
14817,1454,2024-09-01,50
14818,1454,2024-10-01,50
14819,1454,2024-11-01,50
14820,1454,2024-12-01,50
14821,1454,2025-01-01,50
14822,1455,2021-03-01,30
14823,1455,2021-04-01,30
14824,1455,2021-05-01,30
14825,1455,2021-06-01,30
14826,1455,2021-07-01,30
14827,1455,2021-08-01,30
14828,1455,2021-09-01,30
14829,1455,2021-10-01,30
14830,1455,2021-11-01,30
14831,1455,2021-12-01,30
14832,1455,2022-01-01,30
14833,1455,2022-02-01,30
14834,1455,2022-03-01,30
14835,1455,2022-04-01,30
14836,1455,2022-05-01,30
14837,1455,2022-06-01,30
14838,1455,2022-07-01,30
14839,1455,2022-08-01,30
14840,1455,2022-09-01,30
14841,1455,2022-10-01,30
14842,1455,2022-11-01,30
14843,1455,2022-12-01,30
14844,1455,2023-01-01,30
14845,1455,2023-02-01,30
14846,1455,2023-03-01,30
14847,1455,2023-04-01,30
14848,1455,2023-05-01,30
14849,1455,2023-06-01,30
14850,1455,2023-07-01,30
14851,1455,2023-08-01,30
14852,1455,2023-09-01,30
14853,1455,2023-10-01,30
14854,1455,2023-11-01,30
14855,1455,2023-12-01,30
14856,1455,2024-01-01,30
14857,1455,2024-02-01,30
14858,1455,2024-03-01,30
14859,1455,2024-04-01,30
14860,1455,2024-05-01,30
14861,1455,2024-06-01,30
14862,1455,2024-07-01,30
14863,1455,2024-08-01,30
14864,1455,2024-09-01,30
14865,1455,2024-10-01,30
14866,1455,2024-11-01,30
14867,1455,2024-12-01,30
14868,1455,2025-01-01,30
14869,1456,2020-08-01,20
14870,1456,2020-09-01,20
14871,1456,2020-10-01,20
14872,1457,2020-03-01,50
14873,1457,2020-04-01,50
14874,1457,2020-05-01,50
14875,1457,2020-06-01,50
14876,1457,2020-07-01,50
14877,1457,2020-08-01,50
14878,1457,2020-09-01,50
14879,1457,2020-10-01,50
14880,1457,2020-11-01,50
14881,1457,2020-12-01,50
14882,1457,2021-01-01,50
14883,1457,2021-02-01,50
14884,1457,2021-03-01,50
14885,1457,2021-04-01,50
14886,1457,2021-05-01,50
14887,1457,2021-06-01,50
14888,1457,2021-07-01,50
14889,1457,2021-08-01,50
14890,1457,2021-09-01,50
14891,1457,2021-10-01,50
14892,1457,2021-11-01,50
14893,1457,2021-12-01,50
14894,1457,2022-01-01,50
14895,1457,2022-02-01,50
14896,1457,2022-03-01,50
14897,1457,2022-04-01,50
14898,1457,2022-05-01,50
14899,1457,2022-06-01,50
14900,1457,2022-07-01,50
14901,1457,2022-08-01,50
14902,1457,2022-09-01,50
14903,1457,2022-10-01,50
14904,1457,2022-11-01,50
14905,1457,2022-12-01,50
14906,1457,2023-01-01,50
14907,1457,2023-02-01,50
14908,1457,2023-03-01,50
14909,1457,2023-04-01,50
14910,1457,2023-05-01,50
14911,1457,2023-06-01,50
14912,1457,2023-07-01,50
14913,1457,2023-08-01,50
14914,1457,2023-09-01,50
14915,1457,2023-10-01,50
14916,1457,2023-11-01,50
14917,1457,2023-12-01,50
14918,1457,2024-01-01,50
14919,1457,2024-02-01,50
14920,1457,2024-03-01,50
14921,1457,2024-04-01,50
14922,1457,2024-05-01,50
14923,1457,2024-06-01,50
14924,1457,2024-07-01,50
14925,1457,2024-08-01,50
14926,1457,2024-09-01,50
14927,1457,2024-10-01,50
14928,1457,2024-11-01,50
14929,1457,2024-12-01,50
14930,1457,2025-01-01,50
14931,1458,2022-08-01,30
14932,1458,2022-09-01,30
14933,1458,2022-10-01,30
14934,1458,2022-11-01,30
14935,1458,2022-12-01,30
14936,1458,2023-01-01,30
14937,1458,2023-02-01,30
14938,1458,2023-03-01,30
14939,1458,2023-04-01,30
14940,1458,2023-05-01,30
14941,1458,2023-06-01,30
14942,1458,2023-07-01,30
14943,1458,2023-08-01,30
14944,1458,2023-09-01,30
14945,1458,2023-10-01,30
14946,1458,2023-11-01,30
14947,1458,2023-12-01,30
14948,1458,2024-01-01,30
14949,1458,2024-02-01,30
14950,1458,2024-03-01,30
14951,1458,2024-04-01,30
14952,1458,2024-05-01,30
14953,1458,2024-06-01,30
14954,1458,2024-07-01,30
14955,1458,2024-08-01,30
14956,1458,2024-09-01,30
14957,1458,2024-10-01,30
14958,1458,2024-11-01,30
14959,1458,2024-12-01,30
14960,1458,2025-01-01,30
14961,1459,2024-12-01,30
14962,1459,2025-01-01,30
14963,1460,2020-08-01,30
14964,1460,2020-09-01,30
14965,1460,2020-10-01,30
14966,1460,2020-11-01,30
14967,1460,2020-12-01,30
14968,1460,2021-01-01,30
14969,1460,2021-02-01,30
14970,1460,2021-03-01,30
14971,1460,2021-04-01,30
14972,1460,2021-05-01,30
14973,1460,2021-06-01,30
14974,1460,2021-07-01,30
14975,1460,2021-08-01,30
14976,1460,2021-09-01,30
14977,1460,2021-10-01,30
14978,1460,2021-11-01,30
14979,1460,2021-12-01,30
14980,1460,2022-01-01,30
14981,1460,2022-02-01,30
14982,1460,2022-03-01,30
14983,1460,2022-04-01,30
14984,1460,2022-05-01,30
14985,1460,2022-06-01,30
14986,1460,2022-07-01,30
14987,1460,2022-08-01,30
14988,1460,2022-09-01,30
14989,1460,2022-10-01,30
14990,1460,2022-11-01,30
14991,1460,2022-12-01,30
14992,1460,2023-01-01,30
14993,1460,2023-02-01,30
14994,1460,2023-03-01,30
14995,1460,2023-04-01,30
14996,1460,2023-05-01,30
14997,1460,2023-06-01,30
14998,1460,2023-07-01,30
14999,1460,2023-08-01,30
15000,1460,2023-09-01,30
15001,1460,2023-10-01,30
15002,1460,2023-11-01,30
15003,1460,2023-12-01,30
15004,1460,2024-01-01,30
15005,1460,2024-02-01,30
15006,1460,2024-03-01,30
15007,1460,2024-04-01,30
15008,1460,2024-05-01,30
15009,1460,2024-06-01,30
15010,1460,2024-07-01,30
15011,1460,2024-08-01,30
15012,1460,2024-09-01,30
15013,1460,2024-10-01,30
15014,1460,2024-11-01,30
15015,1460,2024-12-01,30
15016,1460,2025-01-01,30
15017,1461,2023-01-01,50
15018,1461,2023-02-01,50
15019,1461,2023-03-01,50
15020,1461,2023-04-01,50
15021,1461,2023-05-01,50
15022,1461,2023-06-01,50
15023,1461,2023-07-01,50
15024,1461,2023-08-01,50
15025,1461,2023-09-01,50
15026,1461,2023-10-01,50
15027,1461,2023-11-01,50
15028,1461,2023-12-01,50
15029,1461,2024-01-01,50
15030,1461,2024-02-01,50
15031,1461,2024-03-01,50
15032,1461,2024-04-01,50
15033,1461,2024-05-01,50
15034,1461,2024-06-01,50
15035,1461,2024-07-01,50
15036,1461,2024-08-01,50
15037,1461,2024-09-01,50
15038,1461,2024-10-01,50
15039,1461,2024-11-01,50
15040,1461,2024-12-01,50
15041,1461,2025-01-01,50
15042,1462,2022-08-01,30
15043,1462,2022-09-01,30
15044,1462,2022-10-01,30
15045,1462,2022-11-01,30
15046,1462,2022-12-01,30
15047,1462,2023-01-01,30
15048,1462,2023-02-01,30
15049,1462,2023-03-01,30
15050,1462,2023-04-01,30
15051,1462,2023-05-01,30
15052,1462,2023-06-01,30
15053,1462,2023-07-01,30
15054,1462,2023-08-01,30
15055,1462,2023-09-01,30
15056,1462,2023-10-01,30
15057,1462,2023-11-01,30
15058,1462,2023-12-01,30
15059,1462,2024-01-01,30
15060,1462,2024-02-01,30
15061,1462,2024-03-01,30
15062,1462,2024-04-01,30
15063,1462,2024-05-01,30
15064,1462,2024-06-01,30
15065,1462,2024-07-01,30
15066,1462,2024-08-01,30
15067,1462,2024-09-01,30
15068,1462,2024-10-01,30
15069,1462,2024-11-01,30
15070,1462,2024-12-01,30
15071,1462,2025-01-01,30
15072,1463,2022-12-01,20
15073,1463,2023-01-01,20
15074,1463,2023-02-01,20
15075,1463,2023-03-01,20
15076,1463,2023-04-01,20
15077,1463,2023-05-01,20
15078,1463,2023-06-01,20
15079,1463,2023-07-01,20
15080,1463,2023-08-01,20
15081,1463,2023-09-01,20
15082,1463,2023-10-01,20
15083,1463,2023-11-01,20
15084,1463,2023-12-01,20
15085,1463,2024-01-01,20
15086,1463,2024-02-01,20
15087,1463,2024-03-01,20
15088,1463,2024-04-01,20
15089,1463,2024-05-01,20
15090,1463,2024-06-01,20
15091,1463,2024-07-01,20
15092,1463,2024-08-01,20
15093,1463,2024-09-01,20
15094,1463,2024-10-01,20
15095,1463,2024-11-01,20
15096,1463,2024-12-01,20
15097,1463,2025-01-01,20
15098,1464,2020-10-01,30
15099,1464,2020-11-01,30
15100,1464,2020-12-01,30
15101,1464,2021-01-01,30
15102,1464,2021-02-01,30
15103,1464,2021-03-01,30
15104,1464,2021-04-01,30
15105,1464,2021-05-01,30
15106,1464,2021-06-01,30
15107,1464,2021-07-01,30
15108,1464,2021-08-01,30
15109,1464,2021-09-01,30
15110,1464,2021-10-01,30
15111,1464,2021-11-01,30
15112,1464,2021-12-01,30
15113,1464,2022-01-01,30
15114,1464,2022-02-01,30
15115,1464,2022-03-01,30
15116,1464,2022-04-01,30
15117,1464,2022-05-01,30
15118,1464,2022-06-01,30
15119,1464,2022-07-01,30
15120,1464,2022-08-01,30
15121,1464,2022-09-01,30
15122,1464,2022-10-01,30
15123,1464,2022-11-01,30
15124,1464,2022-12-01,30
15125,1464,2023-01-01,30
15126,1464,2023-02-01,30
15127,1464,2023-03-01,30
15128,1464,2023-04-01,30
15129,1464,2023-05-01,30
15130,1464,2023-06-01,30
15131,1464,2023-07-01,30
15132,1464,2023-08-01,30
15133,1464,2023-09-01,30
15134,1464,2023-10-01,30
15135,1464,2023-11-01,30
15136,1464,2023-12-01,30
15137,1464,2024-01-01,30
15138,1464,2024-02-01,30
15139,1464,2024-03-01,30
15140,1464,2024-04-01,30
15141,1464,2024-05-01,30
15142,1464,2024-06-01,30
15143,1464,2024-07-01,30
15144,1464,2024-08-01,30
15145,1464,2024-09-01,30
15146,1464,2024-10-01,30
15147,1464,2024-11-01,30
15148,1464,2024-12-01,30
15149,1464,2025-01-01,30
15150,1465,2023-03-01,30
15151,1465,2023-04-01,30
15152,1465,2023-05-01,30
15153,1465,2023-06-01,30
15154,1465,2023-07-01,30
15155,1465,2023-08-01,30
15156,1465,2023-09-01,30
15157,1465,2023-10-01,30
15158,1465,2023-11-01,30
15159,1465,2023-12-01,30
15160,1465,2024-01-01,30
15161,1465,2024-02-01,30
15162,1465,2024-03-01,30
15163,1465,2024-04-01,30
15164,1465,2024-05-01,30
15165,1465,2024-06-01,30
15166,1465,2024-07-01,30
15167,1465,2024-08-01,30
15168,1465,2024-09-01,30
15169,1465,2024-10-01,30
15170,1465,2024-11-01,30
15171,1465,2024-12-01,30
15172,1465,2025-01-01,30
15173,1466,2021-09-01,20
15174,1466,2021-10-01,20
15175,1466,2021-11-01,20
15176,1466,2021-12-01,20
15177,1466,2022-01-01,20
15178,1466,2022-02-01,20
15179,1466,2022-03-01,20
15180,1466,2022-04-01,20
15181,1466,2022-05-01,20
15182,1466,2022-06-01,20
15183,1466,2022-07-01,20
15184,1466,2022-08-01,20
15185,1466,2022-09-01,20
15186,1466,2022-10-01,20
15187,1466,2022-11-01,20
15188,1466,2022-12-01,20
15189,1466,2023-01-01,20
15190,1466,2023-02-01,20
15191,1466,2023-03-01,20
15192,1466,2023-04-01,20
15193,1466,2023-05-01,20
15194,1466,2023-06-01,20
15195,1466,2023-07-01,20
15196,1466,2023-08-01,20
15197,1466,2023-09-01,20
15198,1466,2023-10-01,20
15199,1466,2023-11-01,20
15200,1466,2023-12-01,20
15201,1466,2024-01-01,20
15202,1466,2024-02-01,20
15203,1466,2024-03-01,20
15204,1466,2024-04-01,20
15205,1466,2024-05-01,20
15206,1466,2024-06-01,20
15207,1466,2024-07-01,20
15208,1466,2024-08-01,20
15209,1466,2024-09-01,20
15210,1466,2024-10-01,20
15211,1466,2024-11-01,20
15212,1466,2024-12-01,20
15213,1466,2025-01-01,20
15214,1467,2021-06-01,20
15215,1467,2021-07-01,20
15216,1467,2021-08-01,20
15217,1467,2021-09-01,20
15218,1467,2021-10-01,20
15219,1467,2021-11-01,20
15220,1467,2021-12-01,20
15221,1467,2022-01-01,20
15222,1467,2022-02-01,20
15223,1467,2022-03-01,20
15224,1467,2022-04-01,20
15225,1467,2022-05-01,20
15226,1467,2022-06-01,20
15227,1467,2022-07-01,20
15228,1467,2022-08-01,20
15229,1467,2022-09-01,20
15230,1467,2022-10-01,20
15231,1467,2022-11-01,20
15232,1467,2022-12-01,20
15233,1467,2023-01-01,20
15234,1467,2023-02-01,20
15235,1467,2023-03-01,20
15236,1467,2023-04-01,20
15237,1467,2023-05-01,20
15238,1467,2023-06-01,20
15239,1467,2023-07-01,20
15240,1467,2023-08-01,20
15241,1467,2023-09-01,20
15242,1467,2023-10-01,20
15243,1467,2023-11-01,20
15244,1467,2023-12-01,20
15245,1467,2024-01-01,20
15246,1467,2024-02-01,20
15247,1467,2024-03-01,20
15248,1467,2024-04-01,20
15249,1467,2024-05-01,20
15250,1467,2024-06-01,20
15251,1467,2024-07-01,20
15252,1467,2024-08-01,20
15253,1467,2024-09-01,20
15254,1467,2024-10-01,20
15255,1467,2024-11-01,20
15256,1467,2024-12-01,20
15257,1467,2025-01-01,20
15258,1468,2023-06-01,30
15259,1468,2023-07-01,30
15260,1468,2023-08-01,30
15261,1468,2023-09-01,30
15262,1468,2023-10-01,30
15263,1468,2023-11-01,30
15264,1468,2023-12-01,30
15265,1468,2024-01-01,30
15266,1468,2024-02-01,30
15267,1468,2024-03-01,30
15268,1468,2024-04-01,30
15269,1468,2024-05-01,30
15270,1468,2024-06-01,30
15271,1468,2024-07-01,30
15272,1468,2024-08-01,30
15273,1468,2024-09-01,30
15274,1468,2024-10-01,30
15275,1468,2024-11-01,30
15276,1468,2024-12-01,30
15277,1468,2025-01-01,30
15278,1469,2021-07-01,30
15279,1469,2021-08-01,30
15280,1469,2021-09-01,30
15281,1469,2021-10-01,30
15282,1469,2021-11-01,30
15283,1469,2021-12-01,30
15284,1469,2022-01-01,30
15285,1469,2022-02-01,30
15286,1469,2022-03-01,30
15287,1469,2022-04-01,30
15288,1469,2022-05-01,30
15289,1469,2022-06-01,30
15290,1469,2022-07-01,30
15291,1469,2022-08-01,30
15292,1469,2022-09-01,30
15293,1469,2022-10-01,30
15294,1469,2022-11-01,30
15295,1469,2022-12-01,30
15296,1469,2023-01-01,30
15297,1469,2023-02-01,30
15298,1469,2023-03-01,30
15299,1469,2023-04-01,30
15300,1469,2023-05-01,30
15301,1469,2023-06-01,30
15302,1469,2023-07-01,30
15303,1469,2023-08-01,30
15304,1469,2023-09-01,30
15305,1469,2023-10-01,30
15306,1469,2023-11-01,30
15307,1469,2023-12-01,30
15308,1469,2024-01-01,30
15309,1469,2024-02-01,30
15310,1469,2024-03-01,30
15311,1469,2024-04-01,30
15312,1469,2024-05-01,30
15313,1469,2024-06-01,30
15314,1469,2024-07-01,30
15315,1469,2024-08-01,30
15316,1469,2024-09-01,30
15317,1469,2024-10-01,30
15318,1469,2024-11-01,30
15319,1469,2024-12-01,30
15320,1469,2025-01-01,30
15321,1470,2024-04-01,50
15322,1470,2024-05-01,50
15323,1470,2024-06-01,50
15324,1470,2024-07-01,50
15325,1470,2024-08-01,50
15326,1470,2024-09-01,50
15327,1470,2024-10-01,50
15328,1470,2024-11-01,50
15329,1470,2024-12-01,50
15330,1470,2025-01-01,50
15331,1471,2024-11-01,20
15332,1471,2024-12-01,20
15333,1471,2025-01-01,20
15334,1472,2024-11-01,20
15335,1472,2024-12-01,20
15336,1472,2025-01-01,20
15337,1473,2020-12-01,30
15338,1473,2021-01-01,30
15339,1473,2021-02-01,30
15340,1473,2021-03-01,30
15341,1473,2021-04-01,30
15342,1473,2021-05-01,30
15343,1473,2021-06-01,30
15344,1473,2021-07-01,30
15345,1473,2021-08-01,30
15346,1473,2021-09-01,30
15347,1473,2021-10-01,30
15348,1473,2021-11-01,30
15349,1473,2021-12-01,30
15350,1473,2022-01-01,30
15351,1473,2022-02-01,30
15352,1473,2022-03-01,30
15353,1473,2022-04-01,30
15354,1473,2022-05-01,30
15355,1473,2022-06-01,30
15356,1473,2022-07-01,30
15357,1473,2022-08-01,30
15358,1473,2022-09-01,30
15359,1473,2022-10-01,30
15360,1473,2022-11-01,30
15361,1473,2022-12-01,30
15362,1473,2023-01-01,30
15363,1473,2023-02-01,30
15364,1473,2023-03-01,30
15365,1473,2023-04-01,30
15366,1473,2023-05-01,30
15367,1473,2023-06-01,30
15368,1473,2023-07-01,30
15369,1473,2023-08-01,30
15370,1473,2023-09-01,30
15371,1473,2023-10-01,30
15372,1473,2023-11-01,30
15373,1473,2023-12-01,30
15374,1473,2024-01-01,30
15375,1473,2024-02-01,30
15376,1473,2024-03-01,30
15377,1473,2024-04-01,30
15378,1473,2024-05-01,30
15379,1473,2024-06-01,30
15380,1473,2024-07-01,30
15381,1473,2024-08-01,30
15382,1473,2024-09-01,30
15383,1473,2024-10-01,30
15384,1473,2024-11-01,30
15385,1473,2024-12-01,30
15386,1473,2025-01-01,30
15387,1474,2021-12-01,20
15388,1474,2022-01-01,20
15389,1474,2022-02-01,20
15390,1474,2022-03-01,20
15391,1474,2022-04-01,20
15392,1474,2022-05-01,20
15393,1474,2022-06-01,20
15394,1474,2022-07-01,20
15395,1474,2022-08-01,20
15396,1474,2022-09-01,20
15397,1474,2022-10-01,20
15398,1474,2022-11-01,20
15399,1474,2022-12-01,20
15400,1474,2023-01-01,20
15401,1474,2023-02-01,20
15402,1474,2023-03-01,20
15403,1474,2023-04-01,20
15404,1474,2023-05-01,20
15405,1474,2023-06-01,20
15406,1474,2023-07-01,20
15407,1474,2023-08-01,20
15408,1474,2023-09-01,20
15409,1474,2023-10-01,20
15410,1474,2023-11-01,20
15411,1474,2023-12-01,20
15412,1474,2024-01-01,20
15413,1474,2024-02-01,20
15414,1474,2024-03-01,20
15415,1474,2024-04-01,20
15416,1474,2024-05-01,20
15417,1474,2024-06-01,20
15418,1474,2024-07-01,20
15419,1474,2024-08-01,20
15420,1474,2024-09-01,20
15421,1474,2024-10-01,20
15422,1474,2024-11-01,20
15423,1474,2024-12-01,20
15424,1474,2025-01-01,20
15425,1475,2023-01-01,30
15426,1475,2023-02-01,30
15427,1475,2023-03-01,30
15428,1475,2023-04-01,30
15429,1475,2023-05-01,30
15430,1475,2023-06-01,30
15431,1475,2023-07-01,30
15432,1475,2023-08-01,30
15433,1475,2023-09-01,30
15434,1475,2023-10-01,30
15435,1475,2023-11-01,30
15436,1475,2023-12-01,30
15437,1475,2024-01-01,30
15438,1475,2024-02-01,30
15439,1476,2021-06-01,30
15440,1476,2021-07-01,30
15441,1476,2021-08-01,30
15442,1476,2021-09-01,30
15443,1476,2021-10-01,30
15444,1476,2021-11-01,30
15445,1476,2021-12-01,30
15446,1476,2022-01-01,30
15447,1476,2022-02-01,30
15448,1476,2022-03-01,30
15449,1476,2022-04-01,30
15450,1476,2022-05-01,30
15451,1476,2022-06-01,30
15452,1476,2022-07-01,30
15453,1476,2022-08-01,30
15454,1476,2022-09-01,30
15455,1476,2022-10-01,30
15456,1476,2022-11-01,30
15457,1476,2022-12-01,30
15458,1476,2023-01-01,30
15459,1476,2023-02-01,30
15460,1476,2023-03-01,30
15461,1476,2023-04-01,30
15462,1476,2023-05-01,30
15463,1476,2023-06-01,30
15464,1476,2023-07-01,30
15465,1476,2023-08-01,30
15466,1476,2023-09-01,30
15467,1476,2023-10-01,30
15468,1476,2023-11-01,30
15469,1476,2023-12-01,30
15470,1476,2024-01-01,30
15471,1476,2024-02-01,30
15472,1476,2024-03-01,30
15473,1476,2024-04-01,30
15474,1476,2024-05-01,30
15475,1476,2024-06-01,30
15476,1476,2024-07-01,30
15477,1476,2024-08-01,30
15478,1476,2024-09-01,30
15479,1476,2024-10-01,30
15480,1476,2024-11-01,30
15481,1476,2024-12-01,30
15482,1476,2025-01-01,30
15483,1477,2022-07-01,50
15484,1477,2022-08-01,50
15485,1477,2022-09-01,50
15486,1477,2022-10-01,50
15487,1477,2022-11-01,50
15488,1477,2022-12-01,50
15489,1477,2023-01-01,50
15490,1477,2023-02-01,50
15491,1477,2023-03-01,50
15492,1477,2023-04-01,50
15493,1477,2023-05-01,50
15494,1477,2023-06-01,50
15495,1477,2023-07-01,50
15496,1477,2023-08-01,50
15497,1477,2023-09-01,50
15498,1477,2023-10-01,50
15499,1477,2023-11-01,50
15500,1477,2023-12-01,50
15501,1477,2024-01-01,50
15502,1477,2024-02-01,50
15503,1477,2024-03-01,50
15504,1477,2024-04-01,50
15505,1477,2024-05-01,50
15506,1477,2024-06-01,50
15507,1477,2024-07-01,50
15508,1477,2024-08-01,50
15509,1477,2024-09-01,50
15510,1477,2024-10-01,50
15511,1477,2024-11-01,50
15512,1477,2024-12-01,50
15513,1477,2025-01-01,50
15514,1478,2022-03-01,20
15515,1478,2022-04-01,20
15516,1478,2022-05-01,20
15517,1478,2022-06-01,20
15518,1478,2022-07-01,20
15519,1478,2022-08-01,20
15520,1478,2022-09-01,20
15521,1478,2022-10-01,20
15522,1478,2022-11-01,20
15523,1478,2022-12-01,20
15524,1478,2023-01-01,20
15525,1478,2023-02-01,20
15526,1478,2023-03-01,20
15527,1478,2023-04-01,20
15528,1478,2023-05-01,20
15529,1478,2023-06-01,20
15530,1478,2023-07-01,20
15531,1478,2023-08-01,20
15532,1478,2023-09-01,20
15533,1478,2023-10-01,20
15534,1478,2023-11-01,20
15535,1478,2023-12-01,20
15536,1478,2024-01-01,20
15537,1478,2024-02-01,20
15538,1478,2024-03-01,20
15539,1478,2024-04-01,20
15540,1478,2024-05-01,20
15541,1478,2024-06-01,20
15542,1478,2024-07-01,20
15543,1478,2024-08-01,20
15544,1478,2024-09-01,20
15545,1478,2024-10-01,20
15546,1478,2024-11-01,20
15547,1478,2024-12-01,20
15548,1478,2025-01-01,20
15549,1479,2021-07-01,50
15550,1479,2021-08-01,50
15551,1479,2021-09-01,50
15552,1479,2021-10-01,50
15553,1479,2021-11-01,50
15554,1479,2021-12-01,50
15555,1479,2022-01-01,50
15556,1479,2022-02-01,50
15557,1479,2022-03-01,50
15558,1479,2022-04-01,50
15559,1479,2022-05-01,50
15560,1479,2022-06-01,50
15561,1479,2022-07-01,50
15562,1479,2022-08-01,50
15563,1479,2022-09-01,50
15564,1479,2022-10-01,50
15565,1479,2022-11-01,50
15566,1479,2022-12-01,50
15567,1479,2023-01-01,50
15568,1479,2023-02-01,50
15569,1479,2023-03-01,50
15570,1479,2023-04-01,50
15571,1479,2023-05-01,50
15572,1479,2023-06-01,50
15573,1479,2023-07-01,50
15574,1479,2023-08-01,50
15575,1479,2023-09-01,50
15576,1479,2023-10-01,50
15577,1479,2023-11-01,50
15578,1479,2023-12-01,50
15579,1479,2024-01-01,50
15580,1479,2024-02-01,50
15581,1479,2024-03-01,50
15582,1479,2024-04-01,50
15583,1479,2024-05-01,50
15584,1479,2024-06-01,50
15585,1479,2024-07-01,50
15586,1479,2024-08-01,50
15587,1479,2024-09-01,50
15588,1479,2024-10-01,50
15589,1479,2024-11-01,50
15590,1479,2024-12-01,50
15591,1479,2025-01-01,50
15592,1480,2020-07-01,20
15593,1480,2020-08-01,20
15594,1480,2020-09-01,20
15595,1480,2020-10-01,20
15596,1480,2020-11-01,20
15597,1480,2020-12-01,20
15598,1480,2021-01-01,20
15599,1480,2021-02-01,20
15600,1480,2021-03-01,20
15601,1480,2021-04-01,20
15602,1480,2021-05-01,20
15603,1480,2021-06-01,20
15604,1480,2021-07-01,20
15605,1480,2021-08-01,20
15606,1480,2021-09-01,20
15607,1480,2021-10-01,20
15608,1480,2021-11-01,20
15609,1480,2021-12-01,20
15610,1480,2022-01-01,20
15611,1480,2022-02-01,20
15612,1480,2022-03-01,20
15613,1480,2022-04-01,20
15614,1480,2022-05-01,20
15615,1480,2022-06-01,20
15616,1480,2022-07-01,20
15617,1480,2022-08-01,20
15618,1480,2022-09-01,20
15619,1480,2022-10-01,20
15620,1480,2022-11-01,20
15621,1480,2022-12-01,20
15622,1480,2023-01-01,20
15623,1480,2023-02-01,20
15624,1480,2023-03-01,20
15625,1480,2023-04-01,20
15626,1480,2023-05-01,20
15627,1480,2023-06-01,20
15628,1480,2023-07-01,20
15629,1480,2023-08-01,20
15630,1480,2023-09-01,20
15631,1480,2023-10-01,20
15632,1480,2023-11-01,20
15633,1480,2023-12-01,20
15634,1480,2024-01-01,20
15635,1480,2024-02-01,20
15636,1480,2024-03-01,20
15637,1480,2024-04-01,20
15638,1480,2024-05-01,20
15639,1480,2024-06-01,20
15640,1480,2024-07-01,20
15641,1480,2024-08-01,20
15642,1480,2024-09-01,20
15643,1480,2024-10-01,20
15644,1480,2024-11-01,20
15645,1480,2024-12-01,20
15646,1480,2025-01-01,20
15647,1481,2024-09-01,20
15648,1481,2024-10-01,20
15649,1481,2024-11-01,20
15650,1481,2024-12-01,20
15651,1481,2025-01-01,20
15652,1482,2021-09-01,20
15653,1482,2021-10-01,20
15654,1482,2021-11-01,20
15655,1482,2021-12-01,20
15656,1482,2022-01-01,20
15657,1482,2022-02-01,20
15658,1482,2022-03-01,20
15659,1482,2022-04-01,20
15660,1482,2022-05-01,20
15661,1482,2022-06-01,20
15662,1483,2020-07-01,50
15663,1483,2020-08-01,50
15664,1483,2020-09-01,50
15665,1483,2020-10-01,50
15666,1483,2020-11-01,50
15667,1483,2020-12-01,50
15668,1483,2021-01-01,50
15669,1483,2021-02-01,50
15670,1483,2021-03-01,50
15671,1483,2021-04-01,50
15672,1483,2021-05-01,50
15673,1483,2021-06-01,50
15674,1483,2021-07-01,50
15675,1483,2021-08-01,50
15676,1483,2021-09-01,50
15677,1483,2021-10-01,50
15678,1483,2021-11-01,50
15679,1483,2021-12-01,50
15680,1483,2022-01-01,50
15681,1483,2022-02-01,50
15682,1483,2022-03-01,50
15683,1483,2022-04-01,50
15684,1483,2022-05-01,50
15685,1483,2022-06-01,50
15686,1483,2022-07-01,50
15687,1483,2022-08-01,50
15688,1483,2022-09-01,50
15689,1483,2022-10-01,50
15690,1483,2022-11-01,50
15691,1483,2022-12-01,50
15692,1483,2023-01-01,50
15693,1483,2023-02-01,50
15694,1483,2023-03-01,50
15695,1483,2023-04-01,50
15696,1483,2023-05-01,50
15697,1483,2023-06-01,50
15698,1483,2023-07-01,50
15699,1483,2023-08-01,50
15700,1483,2023-09-01,50
15701,1483,2023-10-01,50
15702,1483,2023-11-01,50
15703,1483,2023-12-01,50
15704,1483,2024-01-01,50
15705,1483,2024-02-01,50
15706,1483,2024-03-01,50
15707,1483,2024-04-01,50
15708,1483,2024-05-01,50
15709,1483,2024-06-01,50
15710,1483,2024-07-01,50
15711,1483,2024-08-01,50
15712,1483,2024-09-01,50
15713,1483,2024-10-01,50
15714,1483,2024-11-01,50
15715,1483,2024-12-01,50
15716,1483,2025-01-01,50
15717,1484,2023-05-01,30
15718,1484,2023-06-01,30
15719,1484,2023-07-01,30
15720,1484,2023-08-01,30
15721,1484,2023-09-01,30
15722,1484,2023-10-01,30
15723,1484,2023-11-01,30
15724,1484,2023-12-01,30
15725,1484,2024-01-01,30
15726,1484,2024-02-01,30
15727,1484,2024-03-01,30
15728,1484,2024-04-01,30
15729,1484,2024-05-01,30
15730,1484,2024-06-01,30
15731,1484,2024-07-01,30
15732,1484,2024-08-01,30
15733,1484,2024-09-01,30
15734,1484,2024-10-01,30
15735,1484,2024-11-01,30
15736,1484,2024-12-01,30
15737,1484,2025-01-01,30
15738,1485,2020-03-01,30
15739,1485,2020-04-01,30
15740,1485,2020-05-01,30
15741,1485,2020-06-01,30
15742,1485,2020-07-01,30
15743,1485,2020-08-01,30
15744,1485,2020-09-01,30
15745,1485,2020-10-01,30
15746,1485,2020-11-01,30
15747,1485,2020-12-01,30
15748,1485,2021-01-01,30
15749,1485,2021-02-01,30
15750,1485,2021-03-01,30
15751,1485,2021-04-01,30
15752,1485,2021-05-01,30
15753,1485,2021-06-01,30
15754,1485,2021-07-01,30
15755,1485,2021-08-01,30
15756,1485,2021-09-01,30
15757,1485,2021-10-01,30
15758,1485,2021-11-01,30
15759,1485,2021-12-01,30
15760,1485,2022-01-01,30
15761,1485,2022-02-01,30
15762,1485,2022-03-01,30
15763,1485,2022-04-01,30
15764,1485,2022-05-01,30
15765,1485,2022-06-01,30
15766,1485,2022-07-01,30
15767,1485,2022-08-01,30
15768,1485,2022-09-01,30
15769,1485,2022-10-01,30
15770,1485,2022-11-01,30
15771,1485,2022-12-01,30
15772,1485,2023-01-01,30
15773,1485,2023-02-01,30
15774,1485,2023-03-01,30
15775,1485,2023-04-01,30
15776,1485,2023-05-01,30
15777,1485,2023-06-01,30
15778,1485,2023-07-01,30
15779,1485,2023-08-01,30
15780,1485,2023-09-01,30
15781,1485,2023-10-01,30
15782,1485,2023-11-01,30
15783,1485,2023-12-01,30
15784,1485,2024-01-01,30
15785,1485,2024-02-01,30
15786,1485,2024-03-01,30
15787,1485,2024-04-01,30
15788,1485,2024-05-01,30
15789,1485,2024-06-01,30
15790,1485,2024-07-01,30
15791,1485,2024-08-01,30
15792,1485,2024-09-01,30
15793,1485,2024-10-01,30
15794,1485,2024-11-01,30
15795,1485,2024-12-01,30
15796,1485,2025-01-01,30
15797,1486,2022-08-01,30
15798,1486,2022-09-01,30
15799,1486,2022-10-01,30
15800,1486,2022-11-01,30
15801,1486,2022-12-01,30
15802,1486,2023-01-01,30
15803,1486,2023-02-01,30
15804,1486,2023-03-01,30
15805,1486,2023-04-01,30
15806,1486,2023-05-01,30
15807,1486,2023-06-01,30
15808,1486,2023-07-01,30
15809,1486,2023-08-01,30
15810,1486,2023-09-01,30
15811,1486,2023-10-01,30
15812,1486,2023-11-01,30
15813,1486,2023-12-01,30
15814,1486,2024-01-01,30
15815,1486,2024-02-01,30
15816,1486,2024-03-01,30
15817,1486,2024-04-01,30
15818,1486,2024-05-01,30
15819,1486,2024-06-01,30
15820,1486,2024-07-01,30
15821,1486,2024-08-01,30
15822,1486,2024-09-01,30
15823,1486,2024-10-01,30
15824,1486,2024-11-01,30
15825,1486,2024-12-01,30
15826,1486,2025-01-01,30
15827,1487,2023-10-01,50
15828,1487,2023-11-01,50
15829,1487,2023-12-01,50
15830,1487,2024-01-01,50
15831,1487,2024-02-01,50
15832,1487,2024-03-01,50
15833,1487,2024-04-01,50
15834,1487,2024-05-01,50
15835,1487,2024-06-01,50
15836,1487,2024-07-01,50
15837,1487,2024-08-01,50
15838,1487,2024-09-01,50
15839,1487,2024-10-01,50
15840,1487,2024-11-01,50
15841,1487,2024-12-01,50
15842,1487,2025-01-01,50
15843,1488,2020-08-01,20
15844,1488,2020-09-01,20
15845,1488,2020-10-01,20
15846,1488,2020-11-01,20
15847,1488,2020-12-01,20
15848,1488,2021-01-01,20
15849,1488,2021-02-01,20
15850,1488,2021-03-01,20
15851,1488,2021-04-01,20
15852,1488,2021-05-01,20
15853,1488,2021-06-01,20
15854,1488,2021-07-01,20
15855,1488,2021-08-01,20
15856,1488,2021-09-01,20
15857,1488,2021-10-01,20
15858,1488,2021-11-01,20
15859,1488,2021-12-01,20
15860,1488,2022-01-01,20
15861,1488,2022-02-01,20
15862,1488,2022-03-01,20
15863,1488,2022-04-01,20
15864,1488,2022-05-01,20
15865,1488,2022-06-01,20
15866,1488,2022-07-01,20
15867,1488,2022-08-01,20
15868,1488,2022-09-01,20
15869,1488,2022-10-01,20
15870,1488,2022-11-01,20
15871,1488,2022-12-01,20
15872,1488,2023-01-01,20
15873,1488,2023-02-01,20
15874,1488,2023-03-01,20
15875,1488,2023-04-01,20
15876,1488,2023-05-01,20
15877,1488,2023-06-01,20
15878,1488,2023-07-01,20
15879,1488,2023-08-01,20
15880,1488,2023-09-01,20
15881,1488,2023-10-01,20
15882,1488,2023-11-01,20
15883,1488,2023-12-01,20
15884,1488,2024-01-01,20
15885,1488,2024-02-01,20
15886,1488,2024-03-01,20
15887,1488,2024-04-01,20
15888,1488,2024-05-01,20
15889,1488,2024-06-01,20
15890,1488,2024-07-01,20
15891,1488,2024-08-01,20
15892,1488,2024-09-01,20
15893,1488,2024-10-01,20
15894,1488,2024-11-01,20
15895,1488,2024-12-01,20
15896,1488,2025-01-01,20
15897,1489,2021-03-01,30
15898,1489,2021-04-01,30
15899,1489,2021-05-01,30
15900,1489,2021-06-01,30
15901,1489,2021-07-01,30
15902,1489,2021-08-01,30
15903,1489,2021-09-01,30
15904,1489,2021-10-01,30
15905,1489,2021-11-01,30
15906,1489,2021-12-01,30
15907,1489,2022-01-01,30
15908,1489,2022-02-01,30
15909,1489,2022-03-01,30
15910,1489,2022-04-01,30
15911,1489,2022-05-01,30
15912,1489,2022-06-01,30
15913,1489,2022-07-01,30
15914,1489,2022-08-01,30
15915,1489,2022-09-01,30
15916,1489,2022-10-01,30
15917,1489,2022-11-01,30
15918,1489,2022-12-01,30
15919,1489,2023-01-01,30
15920,1489,2023-02-01,30
15921,1489,2023-03-01,30
15922,1489,2023-04-01,30
15923,1489,2023-05-01,30
15924,1489,2023-06-01,30
15925,1489,2023-07-01,30
15926,1489,2023-08-01,30
15927,1489,2023-09-01,30
15928,1489,2023-10-01,30
15929,1489,2023-11-01,30
15930,1489,2023-12-01,30
15931,1489,2024-01-01,30
15932,1489,2024-02-01,30
15933,1489,2024-03-01,30
15934,1489,2024-04-01,30
15935,1489,2024-05-01,30
15936,1489,2024-06-01,30
15937,1489,2024-07-01,30
15938,1489,2024-08-01,30
15939,1489,2024-09-01,30
15940,1489,2024-10-01,30
15941,1489,2024-11-01,30
15942,1489,2024-12-01,30
15943,1489,2025-01-01,30
15944,1490,2021-11-01,30
15945,1490,2021-12-01,30
15946,1490,2022-01-01,30
15947,1490,2022-02-01,30
15948,1490,2022-03-01,30
15949,1490,2022-04-01,30
15950,1490,2022-05-01,30
15951,1490,2022-06-01,30
15952,1490,2022-07-01,30
15953,1490,2022-08-01,30
15954,1490,2022-09-01,30
15955,1490,2022-10-01,30
15956,1490,2022-11-01,30
15957,1490,2022-12-01,30
15958,1490,2023-01-01,30
15959,1490,2023-02-01,30
15960,1490,2023-03-01,30
15961,1490,2023-04-01,30
15962,1490,2023-05-01,30
15963,1490,2023-06-01,30
15964,1490,2023-07-01,30
15965,1490,2023-08-01,30
15966,1490,2023-09-01,30
15967,1490,2023-10-01,30
15968,1490,2023-11-01,30
15969,1490,2023-12-01,30
15970,1490,2024-01-01,30
15971,1490,2024-02-01,30
15972,1490,2024-03-01,30
15973,1490,2024-04-01,30
15974,1490,2024-05-01,30
15975,1490,2024-06-01,30
15976,1490,2024-07-01,30
15977,1490,2024-08-01,30
15978,1490,2024-09-01,30
15979,1490,2024-10-01,30
15980,1490,2024-11-01,30
15981,1490,2024-12-01,30
15982,1490,2025-01-01,30
15983,1491,2023-03-01,30
15984,1491,2023-04-01,30
15985,1491,2023-05-01,30
15986,1491,2023-06-01,30
15987,1491,2023-07-01,30
15988,1491,2023-08-01,30
15989,1491,2023-09-01,30
15990,1491,2023-10-01,30
15991,1491,2023-11-01,30
15992,1491,2023-12-01,30
15993,1491,2024-01-01,30
15994,1491,2024-02-01,30
15995,1491,2024-03-01,30
15996,1491,2024-04-01,30
15997,1491,2024-05-01,30
15998,1491,2024-06-01,30
15999,1491,2024-07-01,30
16000,1491,2024-08-01,30
16001,1491,2024-09-01,30
16002,1491,2024-10-01,30
16003,1491,2024-11-01,30
16004,1491,2024-12-01,30
16005,1491,2025-01-01,30
16006,1492,2023-02-01,30
16007,1492,2023-03-01,30
16008,1492,2023-04-01,30
16009,1492,2023-05-01,30
16010,1492,2023-06-01,30
16011,1492,2023-07-01,30
16012,1492,2023-08-01,30
16013,1492,2023-09-01,30
16014,1492,2023-10-01,30
16015,1492,2023-11-01,30
16016,1492,2023-12-01,30
16017,1492,2024-01-01,30
16018,1492,2024-02-01,30
16019,1492,2024-03-01,30
16020,1492,2024-04-01,30
16021,1492,2024-05-01,30
16022,1492,2024-06-01,30
16023,1492,2024-07-01,30
16024,1492,2024-08-01,30
16025,1492,2024-09-01,30
16026,1492,2024-10-01,30
16027,1492,2024-11-01,30
16028,1492,2024-12-01,30
16029,1492,2025-01-01,30
16030,1493,2021-07-01,30
16031,1493,2021-08-01,30
16032,1493,2021-09-01,30
16033,1493,2021-10-01,30
16034,1493,2021-11-01,30
16035,1493,2021-12-01,30
16036,1493,2022-01-01,30
16037,1493,2022-02-01,30
16038,1493,2022-03-01,30
16039,1493,2022-04-01,30
16040,1493,2022-05-01,30
16041,1493,2022-06-01,30
16042,1493,2022-07-01,30
16043,1493,2022-08-01,30
16044,1493,2022-09-01,30
16045,1493,2022-10-01,30
16046,1493,2022-11-01,30
16047,1493,2022-12-01,30
16048,1493,2023-01-01,30
16049,1493,2023-02-01,30
16050,1493,2023-03-01,30
16051,1493,2023-04-01,30
16052,1493,2023-05-01,30
16053,1493,2023-06-01,30
16054,1493,2023-07-01,30
16055,1493,2023-08-01,30
16056,1493,2023-09-01,30
16057,1493,2023-10-01,30
16058,1493,2023-11-01,30
16059,1493,2023-12-01,30
16060,1493,2024-01-01,30
16061,1493,2024-02-01,30
16062,1493,2024-03-01,30
16063,1493,2024-04-01,30
16064,1493,2024-05-01,30
16065,1493,2024-06-01,30
16066,1493,2024-07-01,30
16067,1493,2024-08-01,30
16068,1493,2024-09-01,30
16069,1493,2024-10-01,30
16070,1493,2024-11-01,30
16071,1493,2024-12-01,30
16072,1493,2025-01-01,30
16073,1494,2023-09-01,30
16074,1494,2023-10-01,30
16075,1494,2023-11-01,30
16076,1494,2023-12-01,30
16077,1494,2024-01-01,30
16078,1494,2024-02-01,30
16079,1494,2024-03-01,30
16080,1494,2024-04-01,30
16081,1494,2024-05-01,30
16082,1494,2024-06-01,30
16083,1494,2024-07-01,30
16084,1494,2024-08-01,30
16085,1494,2024-09-01,30
16086,1494,2024-10-01,30
16087,1494,2024-11-01,30
16088,1494,2024-12-01,30
16089,1494,2025-01-01,30
16090,1495,2022-10-01,20
16091,1495,2022-11-01,20
16092,1495,2022-12-01,20
16093,1495,2023-01-01,20
16094,1495,2023-02-01,20
16095,1496,2023-03-01,30
16096,1496,2023-04-01,30
16097,1496,2023-05-01,30
16098,1496,2023-06-01,30
16099,1496,2023-07-01,30
16100,1496,2023-08-01,30
16101,1496,2023-09-01,30
16102,1496,2023-10-01,30
16103,1496,2023-11-01,30
16104,1496,2023-12-01,30
16105,1496,2024-01-01,30
16106,1496,2024-02-01,30
16107,1496,2024-03-01,30
16108,1496,2024-04-01,30
16109,1496,2024-05-01,30
16110,1496,2024-06-01,30
16111,1496,2024-07-01,30
16112,1496,2024-08-01,30
16113,1496,2024-09-01,30
16114,1496,2024-10-01,30
16115,1496,2024-11-01,30
16116,1496,2024-12-01,30
16117,1496,2025-01-01,30
16118,1497,2022-08-01,20
16119,1497,2022-09-01,20
16120,1497,2022-10-01,20
16121,1497,2022-11-01,20
16122,1497,2022-12-01,20
16123,1497,2023-01-01,20
16124,1497,2023-02-01,20
16125,1497,2023-03-01,20
16126,1497,2023-04-01,20
16127,1497,2023-05-01,20
16128,1497,2023-06-01,20
16129,1497,2023-07-01,20
16130,1497,2023-08-01,20
16131,1497,2023-09-01,20
16132,1497,2023-10-01,20
16133,1497,2023-11-01,20
16134,1497,2023-12-01,20
16135,1497,2024-01-01,20
16136,1497,2024-02-01,20
16137,1497,2024-03-01,20
16138,1497,2024-04-01,20
16139,1497,2024-05-01,20
16140,1497,2024-06-01,20
16141,1497,2024-07-01,20
16142,1497,2024-08-01,20
16143,1497,2024-09-01,20
16144,1497,2024-10-01,20
16145,1497,2024-11-01,20
16146,1497,2024-12-01,20
16147,1497,2025-01-01,20
16148,1498,2022-06-01,20
16149,1498,2022-07-01,20
16150,1498,2022-08-01,20
16151,1498,2022-09-01,20
16152,1498,2022-10-01,20
16153,1498,2022-11-01,20
16154,1498,2022-12-01,20
16155,1498,2023-01-01,20
16156,1498,2023-02-01,20
16157,1498,2023-03-01,20
16158,1498,2023-04-01,20
16159,1498,2023-05-01,20
16160,1498,2023-06-01,20
16161,1498,2023-07-01,20
16162,1498,2023-08-01,20
16163,1498,2023-09-01,20
16164,1498,2023-10-01,20
16165,1498,2023-11-01,20
16166,1498,2023-12-01,20
16167,1498,2024-01-01,20
16168,1498,2024-02-01,20
16169,1498,2024-03-01,20
16170,1498,2024-04-01,20
16171,1498,2024-05-01,20
16172,1498,2024-06-01,20
16173,1498,2024-07-01,20
16174,1498,2024-08-01,20
16175,1498,2024-09-01,20
16176,1498,2024-10-01,20
16177,1498,2024-11-01,20
16178,1498,2024-12-01,20
16179,1498,2025-01-01,20
16180,1499,2024-10-01,30
16181,1499,2024-11-01,30
16182,1499,2024-12-01,30
16183,1499,2025-01-01,30
16184,1500,2020-02-01,20
16185,1500,2020-03-01,20
16186,1500,2020-04-01,20
16187,1500,2020-05-01,20
16188,1500,2020-06-01,20
16189,1500,2020-07-01,20
16190,1500,2020-08-01,20
16191,1500,2020-09-01,20
16192,1500,2020-10-01,20
16193,1500,2020-11-01,20
16194,1500,2020-12-01,20
16195,1500,2021-01-01,20
16196,1500,2021-02-01,20
16197,1500,2021-03-01,20
16198,1500,2021-04-01,20
16199,1500,2021-05-01,20
16200,1500,2021-06-01,20
16201,1500,2021-07-01,20
16202,1500,2021-08-01,20
16203,1500,2021-09-01,20
16204,1500,2021-10-01,20
16205,1500,2021-11-01,20
16206,1500,2021-12-01,20
16207,1500,2022-01-01,20
16208,1500,2022-02-01,20
16209,1500,2022-03-01,20
16210,1500,2022-04-01,20
16211,1500,2022-05-01,20
16212,1500,2022-06-01,20
16213,1500,2022-07-01,20
16214,1500,2022-08-01,20
16215,1500,2022-09-01,20
16216,1500,2022-10-01,20
16217,1500,2022-11-01,20
16218,1500,2022-12-01,20
16219,1500,2023-01-01,20
16220,1500,2023-02-01,20
16221,1500,2023-03-01,20
16222,1500,2023-04-01,20
16223,1500,2023-05-01,20
16224,1500,2023-06-01,20
16225,1500,2023-07-01,20
16226,1500,2023-08-01,20
16227,1500,2023-09-01,20
16228,1500,2023-10-01,20
16229,1500,2023-11-01,20
16230,1500,2023-12-01,20
16231,1500,2024-01-01,20
16232,1500,2024-02-01,20
16233,1500,2024-03-01,20
16234,1500,2024-04-01,20
16235,1500,2024-05-01,20
16236,1500,2024-06-01,20
16237,1500,2024-07-01,20
16238,1500,2024-08-01,20
16239,1500,2024-09-01,20
16240,1500,2024-10-01,20
16241,1500,2024-11-01,20
16242,1500,2024-12-01,20
16243,1500,2025-01-01,20
